time,latitude,longitude,depth,mag,magType,nst,gap,dmin,rms,net,id,updated,place,type,horizontalError,depthError,magError,magNst,status,locationSource,magSource
2026-07-18T09:04:09.589Z,35.5522,25.029,18.491,4.3,mb,39,87,0.287,1.01,us,us7000t1kn,2026-07-18T09:22:32.040Z,"25 km N of Gázi, Greece",earthquake,7.07,3.644,0.088,37,reviewed,us,us
2026-07-12T23:46:00.181Z,36.5703,26.9756,149.786,4.1,mb,46,61,0.99,0.85,us,us7000szyg,2026-07-13T00:58:41.040Z,"14 km WSW of Mandráki, Greece",earthquake,7.28,9.949,0.145,13,reviewed,us,us
2026-07-07T22:18:03.961Z,35.3425,23.4538,39.943,4.4,mb,26,139,2.21,0.52,us,us6000tatk,2026-07-08T18:50:20.980Z,"24 km WNW of Palaióchora, Greece",earthquake,9.21,10.524,0.162,11,reviewed,us,us
2026-07-02T15:50:50.312Z,35.0671,24.7651,52.123,4.1,mb,21,236,0.243,0.89,us,us6000taze,2026-07-09T21:29:17.040Z,"0 km SSW of Tympáki, Greece",earthquake,8.41,3.727,0.15,12,reviewed,us,us
2026-07-01T12:03:04.668Z,35.7791,22.4456,58.463,4.6,mb,80,62,2.053,0.98,us,us6000t9eh,2026-07-22T12:34:41.040Z,"64 km SW of Kýthira, Greece",earthquake,8.05,7.502,0.05,117,reviewed,us,us
2026-07-01T09:54:15.144Z,39.1257,22.1694,85.709,4.3,mb,59,95,0.166,0.8,us,us6000t9dv,2026-07-22T11:37:53.040Z,"9 km WNW of Omvriakí, Greece",earthquake,6.76,4.647,0.079,45,reviewed,us,us
2026-06-30T04:13:51.229Z,36.6457,22.6858,10,4.4,mb,55,50,2.243,0.6,us,us6000t94i,2026-07-21T02:28:00.040Z,"16 km SE of Gýtheio, Greece",earthquake,5.56,1.877,0.081,44,reviewed,us,us
2026-06-28T22:08:28.582Z,37.0121,22.8995,72.486,4.3,mb,45,90,2.054,0.98,us,us6000t8vp,2026-07-06T21:54:03.040Z,"17 km E of Geráki, Greece",earthquake,7.77,8.317,0.088,36,reviewed,us,us
2026-06-27T10:27:38.940Z,39.4068,26.2747,10,4.4,mb,20,67,0.593,0.64,us,us6000t8na,2026-07-11T12:55:10.040Z,"9 km ENE of Míthymna, Greece",earthquake,3.57,1.938,0.178,9,reviewed,us,us
2026-06-27T00:43:26.983Z,35.1472,25.2829,10,4.2,mb,40,172,0.351,1.28,us,us6000t8kr,2026-07-17T03:49:14.040Z,"1 km E of Arkalochóri, Greece",earthquake,4.5,1.918,0.141,15,reviewed,us,us
2026-06-23T03:55:29.625Z,38.7703,23.3925,10,4.2,mb,29,56,0.862,0.75,us,us6000t7ja,2026-07-22T17:12:19.040Z,"6 km E of Límni, Greece",earthquake,4.33,1.895,0.124,18,reviewed,us,us
2026-06-22T03:30:20.596Z,37.2085,20.4778,10,4.2,mb,53,57,1.156,0.9,us,us7000sv2i,2026-07-16T04:06:07.040Z,"64 km SSW of Lithakiá, Greece",earthquake,5.58,1.882,0.088,36,reviewed,us,us
2026-06-20T09:37:24.186Z,34.6999,24.1141,10,5.2,mww,95,42,0.866,0.9,us,us7000sutj,2026-07-08T14:19:21.411Z,"15 km S of Kastrí, Greece",earthquake,6.16,1.839,0.065,23,reviewed,us,us
2026-06-20T09:31:08.196Z,34.7236,24.1051,10,4.9,mb,60,63,0.856,1.22,us,us7000suti,2026-07-08T14:04:55.040Z,"12 km S of Kastrí, Greece",earthquake,7.99,1.885,0.04,195,reviewed,us,us
2026-06-20T03:37:12.147Z,39.6918,20.553,10,4.2,mb,66,71,1.536,1.27,us,us7000sus8,2026-07-22T17:05:04.040Z,"14 km W of Rodotópi, Greece",earthquake,2.54,1.885,0.125,18,reviewed,us,us
2026-06-19T13:19:02.193Z,35.1552,23.3924,54.056,4.3,mb,39,211,1.233,0.92,us,us6000t866,2026-07-23T20:38:53.040Z,"27 km WSW of Palaióchora, Greece",earthquake,10.73,9.794,0.089,36,reviewed,us,us
2026-06-14T18:17:25.197Z,36.6492,21.6409,10,4.9,mww,97,49,0.576,1.16,us,us7000ssw0,2026-06-25T18:58:01.023Z,"19 km SSW of Methóni, Greece",earthquake,4.49,1.784,0.069,20,reviewed,us,us
2026-06-12T13:00:01.526Z,36.4348,22.4255,10,4.4,mb,21,130,0.844,0.87,us,us7000su2w,2026-06-26T19:04:13.040Z,"37 km SSW of Gýtheio, Greece",earthquake,7.11,1.911,0.189,9,reviewed,us,us
2026-06-12T04:42:07.984Z,40.072,19.8758,10,4.1,mb,41,82,1.081,1.15,us,us7000sseh,2026-07-10T01:16:08.040Z,"11 km ESE of Himarë, Albania",earthquake,4,1.903,0.112,22,reviewed,us,us
2026-06-10T22:45:34.431Z,38.7272,23.4466,10,4.1,mb,23,82,0.915,0.41,us,us7000su54,2026-06-20T05:10:33.040Z,"3 km W of Prokópi, Greece",earthquake,2.55,1.93,0.197,7,reviewed,us,us
2026-06-08T20:56:09.519Z,40.1384,19.7815,10,4.2,mwr,49,107,1.01,0.99,us,us7000srlv,2026-06-21T13:41:28.040Z,"5 km NE of Himarë, Albania",earthquake,4.77,1.897,0.068,21,reviewed,us,us
2026-06-08T19:48:23.085Z,38.7385,23.3899,10,4.2,mb,45,45,0.87,0.58,us,us7000srlu,2026-06-21T13:37:28.040Z,"7 km ESE of Límni, Greece",earthquake,4.25,1.886,0.121,19,reviewed,us,us
2026-06-08T02:13:31.531Z,38.7367,23.4415,10,4.3,mb,40,40,0.908,0.85,us,us7000srd2,2026-06-22T00:57:20.040Z,"4 km W of Prokópi, Greece",earthquake,3.98,1.086,0.117,21,reviewed,us,us
2026-06-07T15:58:27.458Z,38.7819,23.445,10,4.1,mb,29,69,0.898,0.89,us,us7000sr94,2026-06-21T19:15:49.040Z,"3 km WSW of Mantoúdi, Greece",earthquake,3.87,1.6,0.214,6,reviewed,us,us
2026-06-07T10:02:49.588Z,38.7616,23.4415,14.807,5.2,mww,116,22,0.901,0.61,us,us7000sr7d,2026-07-12T12:49:27.040Z,"5 km SW of Mantoúdi, Greece",earthquake,4.48,3.805,0.057,30,reviewed,us,us
2026-06-07T10:00:28.473Z,38.6547,23.3908,10,4.7,mb,39,94,0.901,0.73,us,us7000su3z,2026-06-30T14:06:03.040Z,"12 km SW of Prokópi, Greece",earthquake,4.82,1.852,0.099,31,reviewed,us,us
2026-06-07T09:58:45.842Z,38.7634,23.4484,10,4.9,mww,83,31,0.905,0.55,us,us7000sr7c,2026-07-12T12:50:09.040Z,"4 km SW of Mantoúdi, Greece",earthquake,4.4,1.849,0.065,23,reviewed,us,us
2026-06-03T11:24:34.028Z,36.184,21.9484,43.086,4.3,mb,19,200,0.993,0.48,us,us7000srss,2026-07-05T11:15:11.040Z,"67 km S of Koróni, Greece",earthquake,2.89,11.807,0.218,6,reviewed,us,us
2026-05-31T16:10:06.786Z,35.3802,26.6079,10,4,mb,21,140,0.481,1.04,us,us7000sqwz,2026-06-07T15:00:10.040Z,"28 km W of Fry, Greece",earthquake,4.33,1.92,0.183,8,reviewed,us,us
2026-05-30T03:54:03.761Z,35.4105,26.6767,10,4,mb,29,92,0.418,0.84,us,us7000spgx,2026-06-24T22:00:03.040Z,"22 km W of Fry, Greece",earthquake,4.35,1.738,0.13,16,reviewed,us,us
2026-05-29T22:18:56.830Z,34.9019,26.0656,10,4.1,mb,25,111,1.038,1.13,us,us7000sqlb,2026-06-16T05:17:37.040Z,"31 km ESE of Ierápetra, Greece",earthquake,2.27,1.907,0.198,7,reviewed,us,us
2026-05-29T14:36:55.364Z,36.6102,25.8467,10,4.1,mb,30,76,1.503,0.98,us,us7000spb7,2026-07-03T13:52:08.040Z,"25 km S of Amorgós, Greece",earthquake,4.59,1.443,0.185,8,reviewed,us,us
2026-05-25T18:50:00.640Z,37.948,21.3709,10,4.3,mb,47,104,0.885,0.89,us,us6000t046,2026-06-04T19:51:48.040Z,"7 km NE of Traganón, Greece",earthquake,5.08,1.261,0.107,25,reviewed,us,us
2026-05-25T01:29:08.695Z,36.4631,22.2309,10,4.2,mb,37,151,0.755,1.26,us,us6000szzs,2026-06-25T22:19:15.040Z,"44 km SW of Gýtheio, Greece",earthquake,5.27,1.917,0.121,19,reviewed,us,us
2026-05-23T22:29:48.493Z,38.0438,23.4046,141.816,4.3,mb,34,105,1.286,0.71,us,us6000sztp,2026-06-09T05:20:07.040Z,"3 km WNW of Vlycháda, Greece",earthquake,6.5,7.989,0.129,17,reviewed,us,us
2026-05-23T14:40:57.257Z,35.3724,26.5902,10,4.2,mb,61,137,0.498,0.44,us,us6000szqx,2026-06-17T22:52:02.040Z,"30 km W of Fry, Greece",earthquake,5.27,1.885,0.077,48,reviewed,us,us
2026-05-23T13:34:13.649Z,35.4727,26.5728,10,4.6,mww,149,38,0.486,0.63,us,us6000szqj,2026-06-17T15:22:56.040Z,"32 km W of Fry, Greece",earthquake,4.95,1.826,0.093,11,reviewed,us,us
2026-05-23T10:52:17.274Z,36.1045,22.3396,51.616,4.2,mb,20,215,1.123,0.35,us,us7000spbk,2026-07-01T10:45:19.040Z,"58 km W of Kýthira, Greece",earthquake,7.31,12.187,0.152,12,reviewed,us,us
2026-05-21T20:36:27.777Z,34.7543,25.8123,10,4.1,mb,36,231,0.925,0.91,us,us6000szcx,2026-06-03T20:21:07.040Z,"29 km SSE of Ierápetra, Greece",earthquake,5.69,1.946,0.105,25,reviewed,us,us
2026-05-20T23:41:46.962Z,35.18,24.5143,10,4.1,mb,31,219,0.326,1.33,us,us7000snni,2026-06-23T23:20:28.040Z,"18 km WNW of Agía Galíni, Greece",earthquake,5.65,1.93,0.111,22,reviewed,us,us
2026-05-20T09:07:21.517Z,34.9488,26.015,10,4.2,mb,54,171,0.982,0.77,us,us6000syxs,2026-05-27T07:36:52.040Z,"25 km ESE of Kentrí, Greece",earthquake,3.78,1.954,0.091,34,reviewed,us,us
2026-05-15T20:55:28.063Z,36.623,25.7835,10,4.2,mb,20,75,1.517,0.68,us,us6000szb6,2026-06-10T20:58:01.040Z,"25 km SSW of Amorgós, Greece",earthquake,3.97,1.884,0.216,6,reviewed,us,us
2026-05-14T09:16:13.916Z,36.5969,21.6155,40.609,4.2,mb,44,150,0.632,0.92,us,us6000sz9b,2026-05-25T10:14:48.040Z,"25 km SSW of Methóni, Greece",earthquake,6.54,7.116,0.136,15,reviewed,us,us
2026-05-11T13:06:04.943Z,37.5328,21.1373,25.047,4.2,mb,41,185,0.72,1.07,us,us6000syzq,2026-07-18T18:23:31.040Z,"31 km WSW of Pýrgos, Greece",earthquake,6.78,5.954,0.125,18,reviewed,us,us
2026-05-10T20:29:54.575Z,36.674,26.6993,160.147,4.6,mb,76,45,1.185,0.81,us,us6000swsg,2026-07-18T18:23:21.040Z,"24 km WSW of Kéfalos, Greece",earthquake,5.11,6.27,0.051,116,reviewed,us,us
2026-05-05T19:38:40.771Z,34.9461,26.1325,10,4.3,mb,56,103,1.034,0.8,us,us6000svei,2026-07-15T15:25:54.040Z,"29 km S of Sitia, Greece",earthquake,6.15,1.859,0.09,35,reviewed,us,us
2026-05-05T07:21:13.275Z,34.8854,25.946,10,4.4,mb,56,60,0.955,0.92,us,us7000sidc,2026-07-15T15:25:53.040Z,"23 km SE of Ierápetra, Greece",earthquake,6.06,1.898,0.103,27,reviewed,us,us
2026-05-02T08:00:19.328Z,34.8353,26.2772,10,4.3,mb,42,51,1.014,1.22,us,us7000shri,2026-07-15T15:25:45.040Z,"40 km S of Palekastro, Greece",earthquake,6.18,1.861,0.097,30,reviewed,us,us
2026-04-28T13:07:45.821Z,39.1647,23.3997,6.629,4.8,mww,139,20,0.84,0.53,us,us7000sgnb,2026-07-11T19:59:19.040Z,"7 km W of Skiáthos, Greece",earthquake,4.2,3.939,0.065,23,reviewed,us,us
2026-04-28T11:12:24.126Z,39.2156,23.4364,10,4.7,mwr,137,29,0.878,0.47,us,us7000sgmz,2026-07-11T19:59:16.040Z,"7 km NW of Skiáthos, Greece",earthquake,4.12,1.857,0.075,17,reviewed,us,us
2026-04-27T08:06:40.794Z,35.0408,26.0316,10,4.3,mb,70,151,0.967,0.49,us,us6000st3y,2026-07-11T19:58:19.040Z,"19 km SSW of Sitia, Greece",earthquake,7.22,1.898,0.09,35,reviewed,us,us
2026-04-27T07:45:02.076Z,34.8118,26.115,10,4.9,mb,186,39,1.112,0.47,us,us6000st3w,2026-07-11T19:58:19.040Z,"40 km ESE of Ierápetra, Greece",earthquake,5.78,1.821,0.047,143,reviewed,us,us
2026-04-27T06:13:00.373Z,34.998,25.8989,10,4.1,mb,39,167,0.876,0.55,us,us6000st3m,2026-07-11T19:58:18.040Z,"13 km ESE of Kentrí, Greece",earthquake,6.71,1.938,0.116,20,reviewed,us,us
2026-04-26T18:40:18.974Z,34.8959,25.8873,10,4.3,mb,56,61,0.907,0.88,us,us6000st1f,2026-07-11T19:58:14.040Z,"18 km SE of Ierápetra, Greece",earthquake,4.65,1.768,0.08,44,reviewed,us,us
2026-04-25T19:49:58.072Z,35.087,25.9299,10,4.9,mww,86,41,0.875,0.63,us,us6000ssve,2026-07-11T19:58:06.040Z,"17 km ENE of Kentrí, Greece",earthquake,6.71,1.832,0.05,39,reviewed,us,us
2026-04-25T01:47:35.784Z,34.8421,25.9216,10,4.4,mb,62,99,0.956,0.88,us,us6000ssqp,2026-07-11T19:57:59.040Z,"24 km SE of Ierápetra, Greece",earthquake,6.48,1.887,0.083,42,reviewed,us,us
2026-04-24T22:21:35.022Z,34.7759,26.09,10,4.1,mb,19,211,1.109,1.18,us,us7000shcf,2026-07-11T20:00:54.040Z,"41 km SE of Ierápetra, Greece",earthquake,6.14,1.958,0.157,11,reviewed,us,us
2026-04-24T14:10:20.702Z,35.1115,25.7884,10,4.3,mb,33,105,0.756,0.73,us,us6000ssjn,2026-07-11T19:57:55.040Z,"9 km NNE of Kentrí, Greece",earthquake,8.38,1.922,0.096,31,reviewed,us,us
2026-04-24T12:29:24.021Z,34.7753,26.0948,10,4.1,mb,62,152,1.113,1.04,us,us6000ssj7,2026-07-11T19:57:54.040Z,"41 km SE of Ierápetra, Greece",earthquake,5.68,1.898,0.094,31,reviewed,us,us
2026-04-24T12:09:54.818Z,34.7616,26.0542,10,4.3,mb,38,118,1.09,0.57,us,us7000shbw,2026-07-11T20:00:47.040Z,"39 km SE of Ierápetra, Greece",earthquake,5.33,1.9,0.119,20,reviewed,us,us
2026-04-24T09:40:58.991Z,34.9851,26.0494,10,4.1,mb,21,199,0.997,0.38,us,us7000shcm,2026-07-11T20:00:56.040Z,"25 km SSW of Sitia, Greece",earthquake,5.55,1.948,0.198,7,reviewed,us,us
2026-04-24T09:38:42.555Z,34.8157,25.9976,10,4.2,mb,44,116,1.024,0.83,us,us6000ssit,2026-07-11T19:57:54.040Z,"31 km SE of Ierápetra, Greece",earthquake,5.47,1.9,0.118,20,reviewed,us,us
2026-04-24T09:26:45.507Z,35.0639,25.9295,10,4.7,mb,90,61,0.88,0.34,us,us6000ssiq,2026-07-11T19:57:54.040Z,"16 km ENE of Kentrí, Greece",earthquake,6.72,1.884,0.06,85,reviewed,us,us
2026-04-24T09:08:14.494Z,39.891,20.6031,10,4.4,mb,21,114,1.464,0.56,us,us6000ssim,2026-07-11T19:57:54.040Z,"1 km WNW of Kalpáki, Greece",earthquake,2.93,1.922,0.202,7,reviewed,us,us
2026-04-24T08:58:17.375Z,34.9878,26.1103,10,5.1,mww,64,41,1.025,0.72,us,us6000ssij,2026-07-11T19:57:53.040Z,"24 km S of Sitia, Greece",earthquake,7.45,1.857,0.075,17,reviewed,us,us
2026-04-24T06:37:54.307Z,34.9733,26.0329,10,4.3,mb,40,97,0.988,0.75,us,us6000ssi3,2026-07-11T19:57:52.040Z,"26 km ESE of Kentrí, Greece",earthquake,4.48,1.906,0.094,32,reviewed,us,us
2026-04-24T06:32:26.256Z,34.9273,25.8818,10,4.2,mb,34,200,0.889,0.7,us,us6000ssi0,2026-07-11T19:57:52.040Z,"15 km SE of Ierápetra, Greece",earthquake,8.03,1.969,0.112,22,reviewed,us,us
2026-04-24T06:14:31.605Z,34.965,26.0308,10,4.3,mb,43,62,0.989,0.7,us,us6000ssht,2026-07-11T19:57:51.040Z,"26 km ESE of Kentrí, Greece",earthquake,5.36,1.893,0.092,33,reviewed,us,us
2026-04-24T05:28:06.904Z,34.7138,25.8524,10,4.4,mb,54,93,0.976,0.98,us,us7000shbd,2026-07-11T20:00:43.040Z,"34 km SSE of Ierápetra, Greece",earthquake,5.21,1.655,0.123,19,reviewed,us,us
2026-04-24T04:59:19.333Z,34.9264,25.9555,10,4.2,mb,13,233,0.945,0.73,us,us7000shba,2026-07-11T20:00:42.040Z,"21 km ESE of Ierápetra, Greece",earthquake,6.2,1.979,0.186,8,reviewed,us,us
2026-04-24T04:11:48.336Z,34.8735,26.139,10,4.2,mb,43,123,1.073,0.74,us,us7000shb8,2026-07-11T20:00:41.040Z,"37 km S of Sitia, Greece",earthquake,5.2,1.811,0.098,29,reviewed,us,us
2026-04-24T03:41:16.586Z,34.8987,26.0124,10,3.9,mb,21,106,0.999,0.72,us,us7000shb4,2026-07-11T20:00:40.040Z,"27 km ESE of Ierápetra, Greece",earthquake,7.83,1.921,0.148,12,reviewed,us,us
2026-04-24T03:18:53.617Z,35.0303,25.8598,14.725,5.7,mww,218,18,0.835,0.47,us,us6000sshc,2026-07-11T19:57:50.040Z,"9 km E of Kentrí, Greece",earthquake,5.13,3.388,0.041,58,reviewed,us,us
2026-04-19T07:04:38.896Z,34.8978,25.8415,10,4.8,mb,62,96,0.872,0.87,us,us6000sr9u,2026-07-03T01:38:15.040Z,"15 km SE of Ierápetra, Greece",earthquake,3.64,1.821,0.054,105,reviewed,us,us
2026-04-17T12:47:22.168Z,34.698,25.8279,10,4.1,mb,39,250,0.969,0.46,us,us6000sslu,2026-07-03T01:38:59.040Z,"35 km SSE of Ierápetra, Greece",earthquake,5.81,1.948,0.101,27,reviewed,us,us
2026-04-14T05:59:37.948Z,34.7095,25.9124,20.233,4.2,mb,41,94,1.019,0.95,us,us6000ssbh,2026-06-24T16:34:43.040Z,"36 km SSE of Ierápetra, Greece",earthquake,5.2,4.765,0.11,23,reviewed,us,us
2026-04-12T19:02:28.909Z,39.6146,20.6136,10,3.9,mb,32,120,1.462,0.65,us,us6000spiy,2026-06-24T16:34:33.040Z,"14 km SW of Rodotópi, Greece",earthquake,5.4,1.954,0.182,8,reviewed,us,us
2026-04-10T05:35:27.106Z,38.3935,21.9073,7.958,4.1,mb,34,111,0.711,1.05,us,us6000srmj,2026-06-24T16:34:41.040Z,"6 km E of Náfpaktos, Greece",earthquake,5.3,1.413,0.123,18,reviewed,us,us
2026-04-08T11:34:58.032Z,35.7278,22.2132,10,4.8,mww,99,82,1.466,0.77,us,us7000sbb9,2026-06-20T17:05:30.040Z,"84 km SW of Kýthira, Greece",earthquake,7.2,1.867,0.075,17,reviewed,us,us
2026-04-08T06:54:21.709Z,36.4771,25.7157,10,4.4,mb,54,81,1.363,0.99,us,us7000sbac,2026-06-20T17:05:30.040Z,"25 km ENE of Mesariá, Greece",earthquake,5.15,1.884,0.109,24,reviewed,us,us
2026-04-07T20:34:06.797Z,38.5278,21.9072,10,4.3,mb,33,242,0.596,0.57,us,us6000sqsw,2026-06-20T17:05:28.040Z,"16 km NNE of Náfpaktos, Greece",earthquake,7.66,1.939,0.116,21,reviewed,us,us
2026-04-06T04:20:50.795Z,39.6909,20.7542,10,4.6,mwr,68,62,1.397,0.65,us,us6000smz7,2026-06-20T17:05:16.040Z,"2 km W of Vounoplagiá, Greece",earthquake,4.01,1.878,0.053,34,reviewed,us,us
2026-04-04T16:24:22.767Z,39.6386,20.5737,23.91,4.1,mb,49,46,1.499,0.85,us,us6000smln,2026-06-20T17:05:13.040Z,"15 km WSW of Rodotópi, Greece",earthquake,4.06,3.681,0.087,38,reviewed,us,us
2026-04-04T13:43:29.771Z,36.2869,22.422,42.923,4.3,mb,27,191,0.975,1.24,us,us6000sqaf,2026-06-20T17:05:25.040Z,"53 km WNW of Kýthira, Greece",earthquake,4.66,9.789,0.148,13,reviewed,us,us
2026-04-03T14:22:17.827Z,39.6126,20.5919,10,4.4,mb,107,38,1.476,0.88,us,us6000smd0,2026-06-20T17:05:11.040Z,"15 km SW of Rodotópi, Greece",earthquake,4.09,1.857,0.065,69,reviewed,us,us
2026-04-03T06:51:16.155Z,39.5691,20.6402,10,4.2,mwr,52,46,1.425,0.93,us,us6000smak,2026-06-20T17:05:10.040Z,"15 km NE of Paramythiá, Greece",earthquake,4.96,1.892,0.083,14,reviewed,us,us
2026-04-02T08:15:05.868Z,35.9311,21.7017,10,4.2,mb,28,233,1.258,1.28,us,us6000slyu,2026-06-20T17:05:08.040Z,"98 km S of Methóni, Greece",earthquake,10.68,1.986,0.116,21,reviewed,us,us
2026-04-01T17:11:33.446Z,35.5223,22.2578,53.02,4.6,mb,115,52,1.675,0.9,us,us6000slqr,2026-06-10T15:14:46.040Z,"96 km SW of Kýthira, Greece",earthquake,7.76,6.714,0.051,114,reviewed,us,us
2026-04-01T13:32:45.822Z,37.8315,19.9631,10,4.2,mb,28,192,1.691,0.51,us,us6000snyy,2026-06-10T15:14:49.040Z,"58 km SW of Lixoúri, Greece",earthquake,5.49,1.922,0.146,13,reviewed,us,us
2026-03-31T10:07:27.873Z,37.6796,20.9582,10,4.4,mb,48,175,0.918,0.58,us,us6000snxt,2026-06-10T15:14:49.040Z,"11 km SE of Ambelókipoi, Greece",earthquake,2.29,1.882,0.098,30,reviewed,us,us
2026-03-29T03:01:58.010Z,38.0329,20.8173,45.046,4.5,mb,55,84,1.225,1.1,us,us7000s8h1,2026-06-10T15:14:55.040Z,"14 km SSE of Póros, Greece",earthquake,6.67,5.832,0.079,47,reviewed,us,us
2026-03-26T12:31:57.429Z,39.482,20.5517,10,4.4,mb,25,125,1.46,0.82,us,us6000sm4y,2026-06-10T15:14:47.040Z,"3 km ENE of Paramythiá, Greece",earthquake,4.67,1.926,0.269,4,reviewed,us,us
2026-03-25T19:08:24.864Z,40.3446,24.0761,10,4.9,mww,72,55,1.239,0.66,us,us7000s7l9,2026-06-04T18:38:06.040Z,"7 km E of Ouranoupolis, Greece",earthquake,5.22,1.829,0.057,30,reviewed,us,us
2026-03-24T21:57:02.245Z,39.6225,20.6109,10,4.5,mwr,35,84,1.523,0.92,us,us7000s7eq,2026-06-04T18:38:04.040Z,"13 km SW of Rodotópi, Greece",earthquake,3.58,1.902,0.08,15,reviewed,us,us
2026-03-23T04:34:46.096Z,39.7126,20.5876,10,4.1,mb,33,71,1.514,0.72,us,us6000sirl,2026-06-04T18:37:59.040Z,"11 km W of Rodotópi, Greece",earthquake,4.4,1.899,0.144,13,reviewed,us,us
2026-03-21T05:51:30.587Z,38.1553,20.3059,10,4.3,mb,29,95,1.613,1.14,us,us6000si2s,2026-06-04T18:37:55.040Z,"12 km WSW of Lixoúri, Greece",earthquake,5.3,1.899,0.123,19,reviewed,us,us
2026-03-20T23:31:21.094Z,38.2166,20.2528,10,4.5,mb,65,47,1.683,1.27,us,us6000shzt,2026-06-04T18:37:55.040Z,"16 km W of Lixoúri, Greece",earthquake,4.71,1.858,0.072,57,reviewed,us,us
2026-03-20T09:50:23.028Z,39.5208,20.6536,10,4.2,mb,46,93,1.398,0.63,us,us6000shry,2026-06-04T18:37:53.040Z,"13 km ENE of Paramythiá, Greece",earthquake,4.83,1.912,0.11,23,reviewed,us,us
2026-03-20T09:40:44.973Z,39.6008,20.5346,10,4.9,mww,99,41,1.513,0.57,us,us6000shrw,2026-06-04T18:37:53.040Z,"14 km N of Paramythiá, Greece",earthquake,4.19,1.555,0.071,19,reviewed,us,us
2026-03-20T09:05:31.938Z,39.5688,20.5774,10,4.6,mwr,97,46,1.47,0.38,us,us6000shrk,2026-06-04T18:37:53.040Z,"12 km NNE of Paramythiá, Greece",earthquake,5.27,1.851,0.075,17,reviewed,us,us
2026-03-20T01:49:42.911Z,37.4511,21.5798,10,4.5,mb,57,44,0.387,1.12,us,us6000shnh,2026-06-04T18:37:53.040Z,"7 km WSW of Zacháro, Greece",earthquake,4.73,1.89,0.102,29,reviewed,us,us
2026-03-17T10:37:01.388Z,39.5271,20.6278,10,4.1,mwr,69,52,1.419,0.35,us,us6000sgu8,2026-05-26T19:17:02.040Z,"11 km ENE of Paramythiá, Greece",earthquake,4.25,1.865,0.086,13,reviewed,us,us
2026-03-16T18:19:30.566Z,35.0029,23.8309,34.275,4.3,mb,40,95,0.913,0.93,us,us6000sgn3,2026-05-26T19:16:59.040Z,"28 km SSE of Palaióchora, Greece",earthquake,7.87,6.476,0.097,30,reviewed,us,us
2026-03-16T17:24:24.087Z,39.7915,20.7085,10,4.3,mwr,44,99,1.404,0.78,us,us6000sgmj,2026-05-26T19:16:59.040Z,"3 km SSW of Asprángeloi, Greece",earthquake,4.25,1.923,0.089,12,reviewed,us,us
2026-03-14T17:43:14.237Z,35.4846,23.738,67.45,4.5,mb,34,218,0.961,0.81,us,us7000s7ke,2026-05-26T19:17:07.040Z,"7 km SSW of Kolympári, Greece",earthquake,8.11,10.096,0.108,25,reviewed,us,us
2026-03-14T16:21:38.214Z,34.9684,23.3031,44.186,4.8,mww,110,70,2.472,0.41,us,us6000sgbi,2026-05-26T19:16:56.040Z,"45 km SW of Palaióchora, Greece",earthquake,8.15,6.106,0.089,12,reviewed,us,us
2026-03-12T18:36:02.928Z,39.2555,21.5512,11.699,4,mb,47,77,0.654,0.71,us,us6000sfwv,2026-05-26T19:16:54.040Z,"12 km SE of Anthiró, Greece",earthquake,4.27,1.448,0.126,17,reviewed,us,us
2026-03-12T10:14:17.883Z,39.2888,21.6101,10,4.6,mwr,99,25,0.624,0.68,us,us6000sft6,2026-05-26T19:16:53.040Z,"13 km WSW of Morfovoúni, Greece",earthquake,4.75,1.843,0.098,10,reviewed,us,us
2026-03-08T03:36:28.256Z,39.6464,20.5937,10,4.7,mb,46,46,1.488,1.15,us,us7000s2xz,2026-05-22T21:58:40.040Z,"13 km WSW of Rodotópi, Greece",earthquake,5.21,1.823,0.115,23,reviewed,us,us
2026-03-08T03:32:31.239Z,39.7204,20.7101,10,5.5,mww,92,31,1.421,0.62,us,us7000s2x6,2026-05-22T21:58:40.040Z,"1 km NW of Rodotópi, Greece",earthquake,5.27,1.806,0.044,50,reviewed,us,us
2026-03-06T17:03:36.241Z,35.9496,22.2219,28.635,4,mb,30,212,1.25,1.3,us,us6000sgxh,2026-05-22T21:58:33.040Z,"72 km WSW of Kýthira, Greece",earthquake,8.37,9.044,0.144,16,reviewed,us,us
2026-02-24T19:00:04.844Z,40.9095,19.6894,10,4.2,mwr,28,96,0.457,1.03,us,us7000s01e,2026-05-12T17:28:17.040Z,"3 km SSW of Lushnjë, Albania",earthquake,4.27,1.934,0.08,15,reviewed,us,us
2026-02-21T03:38:39.669Z,38.7627,21.9134,14.957,4.4,mb,28,44,0.419,1.13,us,us6000sak8,2026-05-12T17:28:05.040Z,"19 km SSE of Karpenísi, Greece",earthquake,3.17,4.452,0.149,13,reviewed,us,us
2026-02-19T04:53:20.865Z,36.9184,21.458,10,4.6,mb,61,81,0.455,1.24,us,us6000sa45,2026-05-12T17:28:01.040Z,"21 km W of Pýlos, Greece",earthquake,4.65,1.868,0.084,42,reviewed,us,us
2026-02-18T17:24:54.007Z,36.224,21.9965,45.121,4,mb,24,200,0.954,1.04,us,us7000s20q,2026-05-06T17:54:02.040Z,"63 km S of Koróni, Greece",earthquake,5.83,12.72,0.259,4,reviewed,us,us
2026-02-16T22:57:44.803Z,37.6917,22.4665,65.799,4.6,mb,69,79,0.669,0.7,us,us6000s9m8,2026-05-06T17:53:58.040Z,"15 km E of Levídion, Greece",earthquake,5.19,6.635,0.071,60,reviewed,us,us
2026-02-14T21:33:55.502Z,39.231,22.2102,10,4.4,mb,42,94,0.231,0.91,us,us6000s99g,2026-05-06T17:53:53.040Z,"5 km W of Néon Monastírion, Greece",earthquake,4.44,1.91,0.204,7,reviewed,us,us
2026-02-10T04:55:15.943Z,35.0121,23.1967,10,4.3,mb,35,229,1.414,1.15,us,us6000s7vi,2026-05-01T14:35:51.040Z,"50 km WSW of Palaióchora, Greece",earthquake,7.96,1.978,0.099,29,reviewed,us,us
2026-02-10T04:34:58.900Z,36.0177,25.8945,117.65,4,mb,19,66,1.095,0.84,us,us6000s7km,2026-05-01T14:35:49.040Z,"55 km SE of Emporeío, Greece",earthquake,5.31,8.606,0.126,17,reviewed,us,us
2026-02-09T05:03:11.230Z,34.7394,26.3233,40.872,4.2,mb,33,110,1.059,0.68,us,us7000s00d,2026-05-01T14:35:54.040Z,"51 km S of Palekastro, Greece",earthquake,5.98,7.24,0.121,19,reviewed,us,us
2026-02-07T22:33:19.748Z,35.269,23.2347,54.099,4.9,mww,76,70,2.18,0.55,us,us6000s76s,2026-05-01T14:35:45.040Z,"40 km W of Palaióchora, Greece",earthquake,7.62,6.676,0.083,14,reviewed,us,us
2026-02-06T18:07:40.333Z,34.8902,25.9171,10,4.3,mb,87,119,0.931,0.74,us,us6000s6xt,2026-05-01T14:35:44.040Z,"20 km SE of Ierápetra, Greece",earthquake,3.37,1.837,0.064,70,reviewed,us,us
2026-02-06T17:32:07.339Z,34.8513,25.9695,19.414,4.3,mb,61,115,0.987,0.5,us,us6000sagb,2026-05-01T14:35:52.040Z,"27 km SE of Ierápetra, Greece",earthquake,5.14,3.872,0.072,54,reviewed,us,us
2026-02-06T05:31:43.017Z,35.804,23.035,55.935,4.3,mb,37,119,1.598,1.08,us,us6000s6vi,2026-05-01T14:35:43.040Z,"38 km S of Kýthira, Greece",earthquake,6.06,9.136,0.091,34,reviewed,us,us
2026-02-06T01:34:13.135Z,35.3208,22.5554,58.491,4,mb,39,175,1.91,0.96,us,us6000s6um,2026-05-01T14:35:43.040Z,"99 km SSW of Kýthira, Greece",earthquake,9.06,12.111,0.139,14,reviewed,us,us
2026-02-04T22:11:00.589Z,40.6502,20.8832,10,4.1,mb,27,54,1.04,0.91,us,us6000s6ia,2026-04-23T20:43:23.040Z,"8 km NE of Mborje, Albania",earthquake,2.96,1.896,0.185,8,reviewed,us,us
2026-02-04T18:50:28.793Z,40.7265,20.8819,10,4.1,mb,36,84,0.989,0.89,us,us6000s6ha,2026-04-23T20:43:23.040Z,"14 km NW of Bilisht, Albania",earthquake,5.24,1.97,0.37,2,reviewed,us,us
2026-02-02T10:34:21.942Z,38.0219,22.1677,10,4.1,mb,23,100,0.863,1.11,us,us6000s9zl,2026-04-23T20:43:26.040Z,"4 km ESE of Kalávryta, Greece",earthquake,5.46,1.95,0.302,3,reviewed,us,us
2026-01-29T19:40:11.952Z,39.498,20.3854,10,4.1,mb,37,107,1.585,0.86,us,us6000s8zk,2026-04-23T20:43:23.040Z,"7 km SE of Parapótamos, Greece",earthquake,4.83,1.96,0.157,11,reviewed,us,us
2026-01-27T17:53:33.529Z,37.4764,20.2364,18.196,4.6,mb,92,52,1.378,0.73,us,us6000s4tv,2026-04-21T16:27:51.040Z,"58 km WSW of Lithakiá, Greece",earthquake,6.79,4.738,0.075,54,reviewed,us,us
2026-01-25T17:56:50.515Z,37.791,21.5191,10,4.1,mb,31,162,0.691,0.99,us,us7000rs01,2026-04-21T16:28:04.040Z,"6 km NNW of Karátoula, Greece",earthquake,3.72,1.946,0.112,22,reviewed,us,us
2026-01-22T07:39:25.230Z,37.7364,20.74,35.276,4.3,mb,26,148,1.095,0.9,us,us6000s6ye,2026-04-21T16:27:55.040Z,"7 km W of Mouzaki, Greece",earthquake,7.7,7.054,0.188,8,reviewed,us,us
2026-01-20T23:48:44.894Z,36.67,26.3749,10,4,mb,27,121,1.289,0.61,us,us6000s6mr,2026-04-18T14:46:39.040Z,"13 km N of Astypálaia, Greece",earthquake,4.11,1.869,0.156,11,reviewed,us,us
2026-01-20T06:38:31.155Z,35.7959,21.8181,45.602,4.4,mb,85,125,1.383,0.76,us,us7000rqrj,2026-04-18T14:47:27.040Z,"111 km S of Koróni, Greece",earthquake,7.38,7.648,0.067,65,reviewed,us,us
2026-01-17T03:39:28.841Z,38.4319,25.4298,10.014,4.1,mb,24,93,1.319,0.94,us,us7000rq90,2026-04-18T14:47:01.040Z,"16 km SW of Psará, Greece",earthquake,5.16,6.199,0.261,4,reviewed,us,us
2026-01-16T10:28:49.465Z,40.6905,20.5756,10,4,mwr,33,109,0.849,0.6,us,us7000rq27,2026-04-18T14:46:56.040Z,"10 km W of Maliq, Albania",earthquake,3.28,1.372,0.08,15,reviewed,us,us
2026-01-10T15:13:38.501Z,36.6305,21.3826,41.574,4.1,mb,14,216,0.699,1.17,us,us6000s525,2026-04-10T15:20:38.040Z,"35 km SW of Methóni, Greece",earthquake,7.98,13.191,0.521,2,reviewed,us,us
2026-01-10T08:15:08.588Z,38.2731,20.2966,10,4.3,mb,32,132,1.691,1.15,us,us6000s51y,2026-04-10T15:20:38.040Z,"14 km WNW of Lixoúri, Greece",earthquake,6.13,1.931,0.134,16,reviewed,us,us
2026-01-10T04:53:29.194Z,39.1258,22.3161,10,4.9,mb,31,90,0.106,0.59,us,us7000rnug,2026-04-10T15:20:42.040Z,"1 km E of Domokós, Greece",earthquake,6.29,1.813,0.108,27,reviewed,us,us
2026-01-09T01:33:59.599Z,36.7011,21.5331,51.698,4.1,mb,26,182,0.571,0.54,us,us6000s4zv,2026-04-10T15:20:37.040Z,"20 km SW of Methóni, Greece",earthquake,8.3,8.059,0.184,8,reviewed,us,us
2026-01-08T01:50:04.246Z,35.476,22.5325,10,4.7,mb,79,72,1.769,0.97,us,us7000rncp,2026-04-10T15:20:40.040Z,"85 km SSW of Kýthira, Greece",earthquake,6.97,1.877,0.067,67,reviewed,us,us
2026-01-06T23:49:59.661Z,37.5127,20.3401,35,4.1,mb,29,166,1.306,0.9,us,us6000s4js,2026-04-07T22:11:46.040Z,"48 km WSW of Lithakiá, Greece",earthquake,6.89,1.969,0.127,17,reviewed,us,us
2026-01-06T02:57:52.904Z,37.6824,20.9266,10,4.1,mb,21,147,0.941,0.73,us,us6000s4jx,2026-04-07T22:11:46.040Z,"9 km ESE of Lithakiá, Greece",earthquake,5.13,1.949,0.197,7,reviewed,us,us
2025-12-20T23:13:56.133Z,36.7861,25.7763,10,4,mb,30,97,1.669,0.64,us,us6000rw8l,2026-03-19T13:56:08.040Z,"12 km WSW of Amorgós, Greece",earthquake,5.05,1.91,0.13,16,reviewed,us,us
2025-12-16T14:04:54.159Z,35.4073,20.488,38.482,4,mb,16,235,2.115,0.95,us,us7000rnpb,2026-03-10T22:18:49.040Z,"191 km SW of Methóni, Greece",earthquake,10,11.945,0.183,8,reviewed,us,us
2025-12-16T11:56:39.375Z,37.2812,20.2044,46.918,4.2,mb,33,91,1.377,0.7,us,us7000rnp1,2026-03-10T22:18:49.040Z,"73 km SW of Lithakiá, Greece",earthquake,6.76,10.237,0.136,15,reviewed,us,us
2025-12-15T23:41:47.437Z,37.4097,20.1314,16.436,5.4,mww,81,47,1.449,0.98,us,us6000rv5e,2026-03-10T22:18:43.040Z,"70 km WSW of Lithakiá, Greece",earthquake,3.18,3.972,0.054,33,reviewed,us,us
2025-12-07T01:35:49.738Z,37.992,22.1357,10,4.3,mb,16,99,0.829,0.91,us,us7000rkcy,2026-03-04T18:44:45.040Z,"4 km SSE of Kalávryta, Greece",earthquake,4.05,1.956,0.217,6,reviewed,us,us
2025-12-06T20:48:08.874Z,38.0628,22.0416,15.92,4.8,mwr,54,52,0.887,0.89,us,us6000rsy5,2026-03-04T18:41:55.040Z,"7 km WNW of Kalávryta, Greece",earthquake,6.23,4.716,0.073,18,reviewed,us,us
2025-12-06T04:47:46.431Z,35.7896,21.752,32.234,4.6,mb,74,61,1.393,0.94,us,us6000rsvl,2026-03-04T18:41:50.040Z,"113 km S of Koróni, Greece",earthquake,7.57,5.658,0.067,67,reviewed,us,us
2025-12-05T15:49:43.351Z,35.5092,22.589,56.728,4.4,mb,46,134,1.75,0.6,us,us6000rsqg,2026-03-04T18:41:48.040Z,"79 km SSW of Kýthira, Greece",earthquake,6.77,6.422,0.084,41,reviewed,us,us
2025-11-27T00:08:52.708Z,35.5645,24.8108,71.12,4.7,mb,100,76,1.916,0.64,us,us7000re1e,2026-02-25T16:18:33.040Z,"19 km NE of Pánormos, Greece",earthquake,6.42,5.723,0.056,96,reviewed,us,us
2025-11-25T19:21:42.924Z,34.8982,23.3599,46.752,4.4,mb,84,95,2.555,0.85,us,us7000rdt2,2026-02-20T16:07:42.040Z,"47 km SW of Palaióchora, Greece",earthquake,9.14,7.678,0.064,73,reviewed,us,us
2025-11-24T08:51:46.010Z,39.4265,21.7743,10,4.5,mb,85,46,0.595,0.69,us,us6000rq20,2026-02-20T16:07:35.040Z,"3 km SW of Magoúla, Greece",earthquake,3.87,1.881,0.068,64,reviewed,us,us
2025-11-22T02:08:15.018Z,37.9341,20.6151,10,4.2,mb,21,184,1.285,0.99,us,us6000rtxd,2026-02-20T16:07:37.040Z,"17 km NW of Katastárion, Greece",earthquake,6.86,1.971,0.264,4,reviewed,us,us
2025-11-19T17:28:24.171Z,34.9789,26.0836,10,4.1,mb,42,167,1.048,1,us,us6000rp6b,2026-02-20T16:07:30.040Z,"25 km S of Sitia, Greece",earthquake,7.33,1.941,0.124,18,reviewed,us,us
2025-11-19T14:14:57.164Z,35.0122,25.9864,10,4.4,mb,61,181,1.099,0.71,us,us6000rp4l,2026-02-20T16:07:30.040Z,"21 km E of Kentrí, Greece",earthquake,3.76,1.875,0.096,31,reviewed,us,us
2025-11-19T09:50:25.462Z,37.9542,20.9645,66.039,4.2,mb,29,163,1.087,0.7,us,us6000rss5,2026-02-20T16:07:36.040Z,"16 km W of Kyllíni, Greece",earthquake,6.54,6.204,0.167,10,reviewed,us,us
2025-11-18T00:01:01.778Z,39.183,20.5303,27.76,4,mwr,25,71,1.414,0.62,us,us6000rsqn,2026-02-10T15:55:15.040Z,"8 km SW of Kanaláki, Greece",earthquake,5.48,3.104,0.089,12,reviewed,us,us
2025-11-17T21:04:10.091Z,39.009,24.2442,10,4.5,mwr,47,46,1.487,0.6,us,us6000rnu8,2026-02-10T15:55:12.040Z,"29 km WNW of Skýros, Greece",earthquake,4.85,1.86,0.083,14,reviewed,us,us
2025-11-17T09:44:50.481Z,38.9802,20.5865,48.657,4.2,mb,33,146,1.364,0.66,us,us6000rnq6,2026-02-10T15:55:12.040Z,"14 km W of Préveza, Greece",earthquake,3.43,8.246,0.263,5,reviewed,us,us
2025-11-13T22:17:11.847Z,40.2428,24.0215,10,4.3,mb,27,92,1.182,0.7,us,us6000rn5t,2026-02-10T15:55:09.040Z,"10 km SSE of Ouranoupolis, Greece",earthquake,5.74,1.915,0.142,14,reviewed,us,us
2025-11-11T01:58:19.906Z,35.4832,22.9847,42,4.9,mww,150,42,1.896,0.6,us,us6000rmps,2026-01-29T22:05:29.040Z,"60 km W of Kíssamos, Greece",earthquake,7.53,6.083,0.083,14,reviewed,us,us
2025-11-08T08:51:54.416Z,35.5143,26.5019,10,4,mb,22,128,0.539,1.01,us,us6000rm8l,2026-01-29T22:05:32.040Z,"39 km WNW of Fry, Greece",earthquake,4.3,1.888,0.143,13,reviewed,us,us
2025-11-05T07:16:28.564Z,41.1906,24.7815,10,4.2,mwr,48,36,2.055,0.65,us,us6000rllu,2026-01-29T22:05:24.040Z,"10 km NW of Xánthi, Greece",earthquake,5.97,1.867,0.083,14,reviewed,us,us
2025-10-27T07:12:26.292Z,39.4433,26.0125,10,4.4,mb,23,69,0.786,0.67,us,us6000rnsm,2026-01-15T22:46:56.040Z,"16 km WNW of Míthymna, Greece",earthquake,5.71,1.933,0.178,9,reviewed,us,us
2025-10-25T22:53:11.462Z,36.1482,22.7754,64.031,4.3,mb,14,219,1.235,0.81,us,us6000rnbf,2026-01-15T22:46:53.040Z,"19 km W of Kýthira, Greece",earthquake,9.69,8.97,0.237,5,reviewed,us,us
2025-10-21T13:55:05.428Z,35.3044,25.4609,53.856,4.2,mb,25,224,1.409,0.69,us,us6000rmt2,2026-01-09T15:38:47.040Z,"2 km N of Mália, Greece",earthquake,7.15,7.845,0.128,17,reviewed,us,us
2025-10-19T22:59:31.240Z,40.5052,19.8876,10,4.3,mb,29,66,0.841,0.86,us,us6000ri7q,2026-01-09T15:38:41.040Z,"16 km SE of Ballsh, Albania",earthquake,5.03,1.905,0.105,26,reviewed,us,us
2025-10-17T03:55:46.223Z,35.3936,22.9898,60.234,4.4,mb,52,94,1.978,0.96,us,us6000rhqa,2026-01-09T15:38:39.040Z,"61 km W of Kíssamos, Greece",earthquake,3.28,6.661,0.09,37,reviewed,us,us
2025-10-17T01:32:30.172Z,35.3011,22.9066,63.309,4.1,mb,20,205,2.035,0.65,us,us6000rlxs,2026-01-09T15:38:45.040Z,"70 km W of Palaióchora, Greece",earthquake,10.5,13.321,0.185,8,reviewed,us,us
2025-10-16T04:20:46.333Z,34.7924,26.3417,15.781,4.4,mwr,46,94,1.009,1.07,us,us6000rhfp,2026-01-09T15:38:37.040Z,"45 km S of Palekastro, Greece",earthquake,6.97,5.449,0.098,10,reviewed,us,us
2025-10-08T09:07:09.125Z,36.0796,21.0918,50.162,4.4,mb,39,114,1.285,0.7,us,us6000rk8q,2026-01-01T23:11:14.040Z,"98 km SSW of Methóni, Greece",earthquake,5.12,7.578,0.131,17,reviewed,us,us
2025-10-01T02:49:34.870Z,37.6443,20.8097,10,4.3,mb,43,134,1.002,1.01,us,us6000rdxu,2025-12-19T22:49:34.040Z,"8 km SSW of Lithakiá, Greece",earthquake,6.44,1.942,0.107,25,reviewed,us,us
2025-09-30T10:03:11.894Z,36.9307,21.6114,30.643,4.5,mb,67,119,0.352,0.41,us,us6000rdqw,2025-12-11T21:40:49.040Z,"7 km WNW of Pýlos, Greece",earthquake,7.28,6.016,0.084,41,reviewed,us,us
2025-09-26T22:16:30.091Z,38.5812,24.1399,10,3.7,mb,16,106,1.476,0.96,us,us6000rd9a,2025-12-11T21:40:39.040Z,"2 km E of Oxílithos, Greece",earthquake,6.06,1.969,0.357,2,reviewed,us,us
2025-09-22T01:20:01.419Z,40.3032,24.131,12.19,4.9,mww,83,27,1.273,0.69,us,us7000qxrh,2025-12-06T16:00:27.040Z,"10 km WNW of Karyes, Greece",earthquake,5.16,4.083,0.054,33,reviewed,us,us
2025-09-20T05:01:22.827Z,34.7678,24.068,47.995,4.3,mb,33,111,2.651,1.03,us,us7000qxih,2025-12-06T16:00:24.040Z,"7 km SSW of Kastrí, Greece",earthquake,9.82,9.469,0.109,24,reviewed,us,us
2025-09-17T04:56:00.102Z,38.3634,20.4351,10,4.3,mb,26,125,1.626,0.98,us,us7000qwmc,2025-12-06T16:00:18.040Z,"17 km N of Lixoúri, Greece",earthquake,5.6,1.272,0.153,12,reviewed,us,us
2025-09-15T03:53:25.115Z,36.7212,25.7026,10,4.4,mb,52,50,1.663,0.63,us,us7000qw8t,2025-12-03T03:58:36.040Z,"21 km SW of Amorgós, Greece",earthquake,4.03,1.883,0.089,36,reviewed,us,us
2025-09-08T21:27:56.372Z,38.2551,24.1197,10,5,mww,95,39,1.592,0.3,us,us7000quvk,2025-11-30T23:40:51.040Z,"11 km NW of Néa Stíra, Greece",earthquake,4.55,1.753,0.06,27,reviewed,us,us
2025-08-22T11:55:53.311Z,36.7263,25.8016,10,4.1,mb,26,133,1.611,0.75,us,us7000qwqs,2025-11-12T16:25:47.040Z,"14 km SW of Amorgós, Greece",earthquake,5.93,1.936,0.175,9,reviewed,us,us
2025-08-20T15:27:30.752Z,35.1436,23.325,61.077,4.5,mb,95,63,2.325,0.96,us,us6000r2c5,2025-11-12T16:25:34.040Z,"33 km WSW of Palaióchora, Greece",earthquake,8.34,7.619,0.057,90,reviewed,us,us
2025-08-18T19:38:28.511Z,39.108,22.0358,20.037,4.3,mwr,63,47,0.249,0.86,us,us6000r1xh,2025-11-04T16:43:57.040Z,"10 km SSW of Anávra, Greece",earthquake,5.26,4.554,0.068,21,reviewed,us,us
2025-08-18T12:11:51.679Z,35.2719,23.275,44.596,4.3,mb,77,139,2.193,0.76,us,us6000r1vh,2025-11-04T16:43:56.040Z,"37 km W of Palaióchora, Greece",earthquake,9.02,8.85,0.064,69,reviewed,us,us
2025-08-15T19:50:56.990Z,36.4807,23.0629,51.123,4.1,mb,49,108,1.148,0.81,us,us7000qv2x,2025-11-04T16:44:17.040Z,"23 km S of Géfyra, Greece",earthquake,6.77,8.899,0.101,27,reviewed,us,us
2025-08-13T17:39:12.999Z,36.3293,26.8433,130.513,4.7,mb,145,50,0.822,0.8,us,us6000r0e0,2025-11-04T16:43:34.040Z,"40 km SW of Mandráki, Greece",earthquake,6.13,5.613,0.041,176,reviewed,us,us
2025-08-12T20:29:42.327Z,40.2852,24.1773,14.279,4.1,mb,38,68,1.306,0.93,us,us6000r06x,2025-10-25T13:40:43.040Z,"6 km WNW of Karyes, Greece",earthquake,5.67,5.716,0.233,5,reviewed,us,us
2025-08-08T10:05:24.601Z,34.8011,26.4845,54.9,4.2,mb,28,165,0.928,0.68,us,us7000qtaf,2025-10-25T13:40:32.040Z,"48 km SSE of Palekastro, Greece",earthquake,7.03,9.399,0.199,7,reviewed,us,us
2025-08-08T03:25:13.480Z,37.5398,19.8784,35,4,mb,24,139,1.67,1.15,us,us7000qtad,2025-10-25T13:40:32.040Z,"83 km WSW of Katastárion, Greece",earthquake,7.06,1.968,0.232,5,reviewed,us,us
2025-08-07T09:48:58.474Z,36.958,21.8613,22.983,4.8,mb,61,59,0.226,1,us,us6000qytt,2026-04-03T09:16:17.481Z,"10 km SE of Vlachópoulo, Greece",earthquake,5.89,5.444,0.051,117,reviewed,us,us
2025-07-24T07:56:37.623Z,35.1427,23.3629,63.649,4,mb,15,249,2.341,0.83,us,us6000qyv4,2025-10-11T20:57:42.040Z,"30 km WSW of Palaióchora, Greece",earthquake,4.43,9.675,0.183,8,reviewed,us,us
2025-07-23T13:26:54.279Z,35.8797,23.5212,65.955,5.1,mww,84,61,1.826,0.78,us,us6000qucv,2025-10-11T20:57:03.040Z,"44 km NNW of Kolympári, Greece",earthquake,7.4,6.78,0.061,26,reviewed,us,us
2025-07-22T18:54:22.283Z,39.4542,20.6484,22.053,4.1,mb,80,66,1.38,1.08,us,us6000qu7v,2025-10-03T18:41:30.040Z,"11 km E of Paramythiá, Greece",earthquake,5.96,5.361,0.088,35,reviewed,us,us
2025-07-22T06:43:12.342Z,39.4908,20.7043,7.193,4.4,mwr,86,47,1.351,1.05,us,us6000qu3f,2025-10-03T18:41:27.040Z,"15 km WSW of Agía Kyriakí, Greece",earthquake,5.61,3.972,0.083,14,reviewed,us,us
2025-07-20T19:43:49.553Z,39.0891,21.9981,12.72,4.3,mb,55,61,0.272,0.82,us,us7000qe3w,2025-10-03T18:43:05.040Z,"13 km SW of Anávra, Greece",earthquake,4.74,4.893,0.116,21,reviewed,us,us
2025-07-12T11:30:37.156Z,38.3179,20.4551,41.345,4.2,mb,31,162,1.628,0.89,us,us7000qc8s,2025-11-28T20:59:03.087Z,"13 km N of Lixo?ri, Greece",earthquake,7.21,9.202,0.125,18,reviewed,us,us
2025-07-11T16:24:06.690Z,37.2323,20.4701,37.579,4.7,mb,58,48,1.163,0.76,us,us7000qc2k,2025-11-28T20:53:43.192Z,"62 km SSW of Lithaki?, Greece",earthquake,6.54,7.66,0.062,79,reviewed,us,us
2025-07-11T12:23:06.371Z,38.1856,20.3753,54.417,4.2,mb,38,116,1.588,1.2,us,us7000qc0n,2025-11-28T20:51:52.561Z,"5 km WSW of Lixo?ri, Greece",earthquake,5.37,11.06,0.176,9,reviewed,us,us
2025-07-10T11:56:47.595Z,34.8742,26.5035,10,4,mb,22,179,0.861,0.97,us,us6000qu6z,2025-09-20T22:27:06.040Z,"42 km SSE of Palekastro, Greece",earthquake,5.21,1.968,0.258,4,reviewed,us,us
2025-07-09T22:54:07.990Z,36.723,25.7412,10,4.6,mww,82,56,1.643,0.72,us,us7000qbpg,2025-09-20T22:27:51.040Z,"18 km SW of Amorgós, Greece",earthquake,5.87,1.86,0.065,23,reviewed,us,us
2025-07-09T14:31:26.590Z,34.8282,24.4278,49.811,4.4,mb,38,167,2.351,0.35,us,us6000qtww,2025-09-20T22:27:00.040Z,"31 km E of Kastrí, Greece",earthquake,8.6,7.277,0.134,16,reviewed,us,us
2025-07-08T18:59:15.293Z,37.3807,21.6236,51.012,4.2,mb,16,127,0.314,0.72,us,us7000qbep,2025-09-12T16:23:12.040Z,"11 km SSW of Zacháro, Greece",earthquake,9,12.382,0.215,6,reviewed,us,us
2025-07-08T15:03:36.098Z,37.8343,20.0575,38.519,4.3,mb,46,134,1.623,1.24,us,us7000qbcb,2025-09-12T16:23:12.040Z,"52 km SW of Lixoúri, Greece",earthquake,6.27,10.016,0.103,27,reviewed,us,us
2025-07-07T17:46:04.600Z,34.9038,26.6629,10,4.9,mww,102,42,0.76,0.88,us,us7000qb7l,2025-09-12T16:23:11.040Z,"49 km SE of Palekastro, Greece",earthquake,5.33,1.84,0.093,11,reviewed,us,us
2025-07-07T14:29:07.341Z,37.4258,21.5552,38.404,4.1,mb,14,136,0.385,0.74,us,us7000qb5i,2025-09-12T16:23:11.040Z,"10 km SW of Zacháro, Greece",earthquake,8.49,12.19,0.151,12,reviewed,us,us
2025-07-07T06:20:43.063Z,37.7868,19.8367,25.471,4.5,mb,128,62,1.769,0.69,us,us7000qb3c,2025-09-12T16:23:10.040Z,"69 km SW of Lixoúri, Greece",earthquake,5.38,5.365,0.067,65,reviewed,us,us
2025-07-05T21:29:46.354Z,37.2716,20.272,36.354,4.1,mb,27,149,1.323,1.37,us,us7000qavt,2025-09-12T16:23:09.040Z,"70 km SW of Lithakiá, Greece",earthquake,6.15,10.799,0.166,10,reviewed,us,us
2025-07-02T23:25:53.227Z,36.703,25.744,10,4.1,mwr,67,46,1.627,0.75,us,us7000qabt,2025-09-12T16:23:05.040Z,"19 km SW of Amorgós, Greece",earthquake,4.98,1.866,0.069,20,reviewed,us,us
2025-06-29T06:59:32.637Z,35.4405,22.9721,59.444,4,mb,35,184,1.93,1.17,us,us7000q9he,2025-09-04T20:40:01.040Z,"62 km W of Kíssamos, Greece",earthquake,4.4,8.752,0.102,26,reviewed,us,us
2025-06-27T06:59:49.453Z,41.4264,19.5807,10,4.4,mb,49,56,0.227,1.24,us,us7000q91z,2025-09-04T20:40:00.040Z,"7 km WNW of Vorë, Albania",earthquake,4.51,1.896,0.101,28,reviewed,us,us
2025-06-25T13:13:56.984Z,38.2378,22.0706,10,4.4,mb,30,115,0.809,0.41,us,us7000q8nx,2025-09-04T20:39:58.040Z,"1 km SW of Aígio, Greece",earthquake,3.65,1.885,0.154,12,reviewed,us,us
2025-06-24T08:48:25.091Z,37.404,19.7513,10,4.3,mb,29,143,1.748,1.1,us,us7000qawi,2025-09-02T21:23:47.040Z,"100 km WSW of Katastárion, Greece",earthquake,6.18,1.942,0.188,8,reviewed,us,us
2025-06-24T04:12:46.613Z,34.9271,26.6098,10,4.3,mb,51,154,0.766,0.91,us,us7000q8ck,2025-09-02T21:23:42.040Z,"44 km SE of Palekastro, Greece",earthquake,6.25,1.902,0.077,48,reviewed,us,us
2025-06-24T03:51:39.202Z,37.665,19.9335,25.569,4.1,mb,22,142,1.658,0.93,us,us7000q8cd,2025-09-02T21:23:42.040Z,"74 km SW of Lixoúri, Greece",earthquake,6.89,5.208,0.158,11,reviewed,us,us
2025-06-24T03:04:54.278Z,41.4194,19.5601,10,4.2,mb,51,56,0.239,0.9,us,us7000q8c1,2025-09-02T21:23:42.040Z,"8 km N of Shijak, Albania",earthquake,2.47,1.888,0.094,32,reviewed,us,us
2025-06-21T14:56:54.891Z,38.0069,20.1919,51.068,4.2,mb,24,125,1.606,0.88,us,us6000qlmp,2025-09-02T21:23:40.040Z,"30 km SW of Lixoúri, Greece",earthquake,6.34,11.571,0.176,11,reviewed,us,us
2025-06-21T13:25:52.156Z,37.8993,20.1997,10,4.6,mwr,45,47,1.549,1,us,us6000qlmf,2025-09-02T21:23:40.040Z,"39 km SSW of Lixoúri, Greece",earthquake,4.55,1.818,0.086,13,reviewed,us,us
2025-06-20T16:18:55.073Z,36.6846,25.7839,10,4.6,mww,69,50,1.591,0.98,us,us6000qlfq,2025-09-02T21:23:39.040Z,"19 km SSW of Amorgós, Greece",earthquake,5.28,1.835,0.062,25,reviewed,us,us
2025-06-20T13:53:41.660Z,34.8716,23.3565,44.531,4.9,mb,75,83,2.578,0.79,us,us6000qlf9,2025-09-02T21:23:39.040Z,"49 km SW of Palaióchora, Greece",earthquake,7.8,7.226,0.04,200,reviewed,us,us
2025-06-20T03:59:56.091Z,37.7173,19.8743,10,4.1,mb,54,140,1.718,1.06,us,us6000qldi,2025-09-02T21:23:39.040Z,"73 km SW of Lixoúri, Greece",earthquake,5.91,1.496,0.102,27,reviewed,us,us
2025-06-17T15:38:28.722Z,34.8438,24.0579,45.21,4.6,mb,125,64,2.636,0.73,us,us6000qktu,2025-08-22T20:26:03.040Z,"2 km WNW of Kastrí, Greece",earthquake,7.05,6.872,0.042,167,reviewed,us,us
2025-06-16T17:57:26.666Z,39.7996,23.4607,13.226,4.3,mb,61,61,0.806,0.69,us,us6000qkni,2025-08-22T20:26:02.040Z,"24 km SSW of Pefkochóri, Greece",earthquake,4.5,4.266,0.097,30,reviewed,us,us
2025-06-10T03:04:14.036Z,40.3439,24.0525,10,4.4,mb,22,67,1.221,1.24,us,us6000qj9n,2025-08-20T16:08:59.040Z,"5 km ENE of Ouranoupolis, Greece",earthquake,5.26,1.934,0.239,5,reviewed,us,us
2025-06-07T16:09:28.443Z,36.4762,26.6801,129.996,4.3,mb,70,50,1.193,0.69,us,us6000qiqq,2025-08-20T16:08:57.040Z,"30 km ESE of Astypálaia, Greece",earthquake,6.43,7.193,0.077,52,reviewed,us,us
2025-06-07T12:53:55.232Z,40.3498,24.0918,10,4,mb,23,89,1.251,1.19,us,us6000qlt4,2025-08-20T16:09:01.040Z,"9 km E of Ouranoupolis, Greece",earthquake,5.63,1.919,0.173,9,reviewed,us,us
2025-06-07T12:46:20.307Z,40.2717,24.1669,10.093,5.4,mww,95,22,1.296,0.95,us,us6000qiq1,2025-08-20T16:08:57.040Z,"6 km WNW of Karyes, Greece",earthquake,5.51,3.894,0.059,28,reviewed,us,us
2025-06-06T09:18:33.886Z,35.1749,23.2911,44.106,4.3,mb,64,76,2.284,0.61,us,us6000qidl,2025-08-20T16:08:56.040Z,"36 km W of Palaióchora, Greece",earthquake,7.82,7.556,0.077,48,reviewed,us,us
2025-06-05T05:18:38.368Z,40.1392,24.7724,10,4.6,mwr,45,40,1.751,0.86,us,us6000qi2m,2025-08-20T16:08:55.040Z,"38 km NW of Mýrina, Greece",earthquake,3.2,1.886,0.057,30,reviewed,us,us
2025-06-03T11:26:34.214Z,34.9737,25.8273,26.858,5.1,mww,161,31,1.232,0.51,us,us6000qhma,2025-08-16T21:54:15.040Z,"8 km ESE of Ierápetra, Greece",earthquake,6.22,4.182,0.055,32,reviewed,us,us
2025-05-30T12:40:16.642Z,35.1068,25.3162,10,4.3,mb,83,93,0.393,0.7,us,us6000qgv0,2025-08-16T21:54:11.040Z,"6 km SE of Arkalochóri, Greece",earthquake,3.98,1.806,0.062,73,reviewed,us,us
2025-05-27T16:50:39.900Z,36.9116,21.8746,48.428,4.5,mwr,150,19,0.27,0.62,us,us6000qg8n,2025-08-13T15:14:25.040Z,"14 km NNW of Koróni, Greece",earthquake,5.87,5.568,0.089,12,reviewed,us,us
2025-05-27T00:06:33.433Z,38.2597,22.6511,23.24,5,mww,81,50,1.223,0.51,us,us7000q1nc,2025-08-13T15:14:33.040Z,"13 km S of Antikyra, Greece",earthquake,5.07,3.893,0.051,37,reviewed,us,us
2025-05-25T22:49:16.697Z,34.8895,25.8818,10,3.9,mb,35,113,0.905,0.65,us,us7000q1ga,2025-08-13T15:14:32.040Z,"18 km SE of Ierápetra, Greece",earthquake,6.42,1.908,0.121,18,reviewed,us,us
2025-05-25T18:59:53.287Z,37.6199,21.6277,10,4.3,mb,40,88,0.5,0.8,us,us7000q1fl,2025-08-13T15:14:32.040Z,"2 km ENE of Makrísia, Greece",earthquake,5.43,1.908,0.129,17,reviewed,us,us
2025-05-22T03:19:35.518Z,35.8915,25.9159,64,6.2,mww,168,35,1.03,0.78,us,us7000q0pq,2025-08-13T15:14:30.040Z,"66 km SE of Emporeío, Greece",earthquake,5.76,1.907,0.036,75,reviewed,us,us
2025-05-20T22:05:59.311Z,37.4578,21.7777,10,4.3,mb,24,127,0.302,0.52,us,us7000q0g3,2025-07-25T17:06:20.040Z,"11 km ESE of Zacháro, Greece",earthquake,4.69,1.904,0.154,12,reviewed,us,us
2025-05-19T00:23:33.691Z,38.7747,23.5303,21.569,4.6,mwr,44,38,1.552,0.82,us,us7000q02x,2025-07-25T17:06:19.040Z,"5 km ESE of Mantoúdi, Greece",earthquake,4.77,3.836,0.063,24,reviewed,us,us
2025-05-18T06:56:45.431Z,38.7566,23.5556,10,4.4,mb,40,41,1.578,0.85,us,us7000pzzb,2025-07-25T17:06:18.040Z,"6 km ENE of Prokópi, Greece",earthquake,5.46,1.89,0.095,32,reviewed,us,us
2025-05-17T23:52:04.632Z,38.736,23.6024,10,4.3,mb,26,45,1.615,0.89,us,us7000pzx1,2025-07-25T17:06:18.040Z,"9 km E of Prokópi, Greece",earthquake,4.6,1.881,0.129,17,reviewed,us,us
2025-05-12T23:30:09.599Z,36.6305,25.589,5.07,4.9,mww,110,27,1.455,0.69,us,us7000pyx9,2025-07-24T21:30:16.040Z,"26 km NE of Oía, Greece",earthquake,4.38,3.659,0.042,55,reviewed,us,us
2025-05-12T02:17:48.151Z,35.2301,22.4982,47.819,4.5,mb,87,74,1.958,0.63,us,us7000pyr9,2025-07-24T21:30:15.040Z,"107 km W of Palaióchora, Greece",earthquake,7.09,7.175,0.06,81,reviewed,us,us
2025-05-10T04:51:34.464Z,38.0915,20.341,42.571,4.1,mb,36,119,1.553,0.99,us,us7000q1ju,2025-07-24T21:30:18.040Z,"14 km SW of Lixoúri, Greece",earthquake,6.39,10.659,0.14,14,reviewed,us,us
2025-05-04T19:57:35.890Z,34.9026,24.1363,40.348,4.1,mb,44,172,0.728,0.64,us,us7000px4q,2025-07-12T16:30:45.040Z,"8 km NNE of Kastrí, Greece",earthquake,7.77,8.944,0.091,33,reviewed,us,us
2025-05-04T17:23:57.706Z,36.6785,25.6835,10,4.2,mb,54,67,1.53,0.61,us,us7000px4a,2025-07-12T16:30:45.040Z,"25 km SW of Amorgós, Greece",earthquake,5.17,1.879,0.095,31,reviewed,us,us
2025-05-01T10:23:53.949Z,40.3096,23.9812,10,4.1,mb,31,52,1.161,1.21,us,us7000pwc4,2025-07-12T16:30:40.040Z,"2 km S of Ouranoupolis, Greece",earthquake,5.66,1.932,0.214,6,reviewed,us,us
2025-04-30T05:36:23.167Z,35.4031,26.5634,10,4.5,mb,58,60,0.508,0.95,us,us7000pw15,2025-07-12T16:30:39.040Z,"32 km W of Fry, Greece",earthquake,5.41,1.86,0.072,65,reviewed,us,us
2025-04-29T12:52:18.369Z,37.3287,20.3842,35.566,4.1,mb,32,105,1.239,0.68,us,us7000pzdd,2025-07-11T15:46:26.040Z,"58 km SW of Lithakiá, Greece",earthquake,6.91,8.684,0.116,20,reviewed,us,us
2025-04-20T08:32:28.598Z,36.6482,25.6956,10,4.4,mb,44,83,1.507,0.68,us,us6000q7d0,2025-06-27T00:34:38.040Z,"27 km SW of Amorgós, Greece",earthquake,5.46,1.874,0.076,50,reviewed,us,us
2025-04-20T06:22:19.876Z,35.5817,26.5204,10,4,mb,30,110,1.363,0.93,us,us6000q7cl,2025-06-27T00:34:38.040Z,"40 km WNW of Fry, Greece",earthquake,4.95,1.868,0.113,21,reviewed,us,us
2025-04-19T22:13:22.633Z,40.0433,23.351,10,4.2,mb,31,47,2.914,0.74,us,us6000q79q,2025-06-27T00:34:35.040Z,"5 km W of Kassándreia, Greece",earthquake,5.17,1.939,0.235,5,reviewed,us,us
2025-04-13T21:41:47.618Z,36.6659,25.7222,10,4.2,mb,39,103,1.532,0.63,us,us6000q5ui,2025-06-14T18:26:42.040Z,"24 km SW of Amorgós, Greece",earthquake,4.83,1.893,0.095,31,reviewed,us,us
2025-04-12T23:38:13.018Z,38.7813,20.474,10,4.1,mb,21,96,1.968,1.12,us,us6000q5nz,2025-06-14T18:26:41.040Z,"20 km WSW of Lefkáda, Greece",earthquake,5.61,1.96,0.214,6,reviewed,us,us
2025-04-06T18:44:14.960Z,38.0684,21.9988,12.67,4.4,mwr,104,40,0.89,0.59,us,us6000q4f3,2025-06-09T13:38:43.040Z,"10 km WNW of Kalávryta, Greece",earthquake,5.11,3.939,0.078,16,reviewed,us,us
2025-04-03T09:04:13.555Z,38.665,22.2726,74.981,4.1,mb,46,57,1.446,0.79,us,us6000q3m6,2025-06-09T13:38:39.040Z,"16 km NNE of Lidoríki, Greece",earthquake,3.72,8.546,0.102,26,reviewed,us,us
2025-03-30T17:35:25.321Z,37.2693,20.3915,35.66,4.2,mb,48,79,1.227,0.98,us,us7000pnwe,2025-06-06T21:12:28.040Z,"63 km SW of Lithakiá, Greece",earthquake,5.78,4.491,0.102,27,reviewed,us,us
2025-03-27T17:51:48.622Z,36.5518,25.5614,10,4.5,mww,94,33,1.374,0.78,us,us7000pn53,2025-06-06T21:12:25.040Z,"18 km NE of Firá, Greece",earthquake,3.28,1.762,0.068,21,reviewed,us,us
2025-03-27T01:15:45.476Z,36.4836,25.6665,10,4,mb,17,106,1.349,1.06,us,us6000q3zb,2025-06-06T21:12:21.040Z,"21 km ENE of Mesariá, Greece",earthquake,4.42,1.942,0.231,5,reviewed,us,us
2025-03-22T13:02:34.256Z,36.6067,25.6954,9.866,4.2,mb,20,106,1.469,0.84,us,us7000plv2,2025-05-29T17:36:29.040Z,"30 km SW of Amorgós, Greece",earthquake,5.45,5.548,0.141,14,reviewed,us,us
2025-03-21T03:47:32.607Z,36.6289,25.6897,10,4.2,mb,55,80,1.487,1.1,us,us7000plhm,2025-05-29T17:36:27.040Z,"29 km SW of Amorgós, Greece",earthquake,2.55,1.875,0.11,23,reviewed,us,us
2025-03-16T15:07:46.203Z,36.6862,25.7905,10,4.3,mb,44,59,1.575,0.91,us,us6000pz6e,2025-05-17T19:19:59.040Z,"18 km SSW of Amorgós, Greece",earthquake,4.92,1.892,0.09,35,reviewed,us,us
2025-03-14T16:37:42.071Z,34.9351,23.6587,10,4.5,mb,48,77,1.069,0.64,us,us6000pyw2,2025-05-17T19:19:58.040Z,"32 km S of Palaióchora, Greece",earthquake,5.5,1.893,0.064,76,reviewed,us,us
2025-03-13T20:35:07.313Z,35.6894,22.1274,48.932,4.1,mb,25,177,1.495,0.72,us,us7000pln7,2025-05-17T19:20:02.040Z,"93 km WSW of Kýthira, Greece",earthquake,7.59,7.628,0.165,10,reviewed,us,us
2025-03-11T06:17:46.543Z,36.4318,26.7237,145.457,4.1,mb,60,101,1.149,0.81,us,us6000py36,2025-05-16T17:30:05.040Z,"35 km ESE of Astypálaia, Greece",earthquake,6.54,6.081,0.123,18,reviewed,us,us
2025-03-10T14:35:40.262Z,38.2448,23.3946,9.872,4.2,mb,38,70,1.578,0.68,us,us6000pxy1,2025-05-16T17:30:04.040Z,"7 km ENE of Erythrés, Greece",earthquake,5.94,5.056,0.146,13,reviewed,us,us
2025-03-09T00:13:06.834Z,37.5603,21.8,14.538,4.9,mww,90,40,0.394,0.77,us,us6000pxq1,2025-05-16T17:30:03.040Z,"15 km ENE of Zacháro, Greece",earthquake,5.96,3.813,0.103,9,reviewed,us,us
2025-03-06T04:17:57.832Z,34.7749,23.5604,49.788,4,mb,28,238,1.205,0.56,us,us6000px5e,2025-05-16T17:30:01.040Z,"48 km W of Kastrí, Greece",earthquake,2.99,10.488,0.108,23,reviewed,us,us
2025-03-04T05:57:53.588Z,35.489,26.1993,10,4.1,mb,42,88,1.088,1.32,us,us6000pyl7,2025-05-08T19:24:49.040Z,"32 km NNE of Sitia, Greece",earthquake,3.97,1.919,0.135,15,reviewed,us,us
2025-03-01T00:41:49.252Z,36.5643,25.7319,10,4,mb,29,88,1.445,1.13,us,us6000pw78,2025-05-08T19:24:43.040Z,"31 km ENE of Firá, Greece",earthquake,4.87,1.932,0.196,7,reviewed,us,us
2025-02-26T22:12:46.940Z,36.5575,25.5829,11.684,4,mb,24,105,1.386,0.69,us,us6000pxa5,2025-05-08T19:24:47.040Z,"20 km NE of Firá, Greece",earthquake,4.81,2.098,0.15,12,reviewed,us,us
2025-02-26T12:04:35.834Z,36.5639,25.7589,10,4.3,mb,24,106,1.456,0.62,us,us6000px9y,2025-05-08T19:24:47.040Z,"32 km SSW of Amorgós, Greece",earthquake,5.94,1.918,0.154,12,reviewed,us,us
2025-02-25T00:24:49.387Z,36.6017,25.6142,10,3.9,mb,22,85,1.437,0.84,us,us6000px7h,2025-05-06T21:39:15.040Z,"25 km NE of Firá, Greece",earthquake,5.95,1.414,0.182,8,reviewed,us,us
2025-02-24T11:33:07.055Z,36.6253,25.6112,10,4.5,mb,130,51,1.457,1.02,us,us7000pfs8,2025-05-06T21:39:20.040Z,"27 km NE of Oía, Greece",earthquake,6.11,1.862,0.063,74,reviewed,us,us
2025-02-24T00:41:28.858Z,36.5599,25.6837,10,4.1,mb,36,105,1.423,0.94,us,us7000pfpz,2025-05-06T21:39:19.040Z,"27 km NE of Firá, Greece",earthquake,2.81,1.936,0.165,10,reviewed,us,us
2025-02-20T17:52:42.641Z,36.7825,21.4,34.739,4.3,mwr,57,136,0.577,0.83,us,us7000pf23,2025-05-06T21:39:17.040Z,"27 km W of Methóni, Greece",earthquake,5.96,5.576,0.069,20,reviewed,us,us
2025-02-19T09:41:09.121Z,36.5825,25.6204,10,4.3,mb,43,60,1.421,0.55,us,us7000pepv,2025-05-06T21:39:16.040Z,"24 km NE of Firá, Greece",earthquake,5.58,1.905,0.111,23,reviewed,us,us
2025-02-19T04:13:15.455Z,36.6463,25.6261,10,4.1,mb,20,102,1.481,1.14,us,us7000penp,2025-05-06T21:39:16.040Z,"30 km NE of Oía, Greece",earthquake,4.88,1.943,0.175,9,reviewed,us,us
2025-02-19T01:06:56.343Z,36.5772,25.5486,10,4,mb,21,100,1.393,0.91,us,us6000pvup,2025-05-06T21:39:13.040Z,"19 km NE of Oía, Greece",earthquake,5.58,1.95,0.212,6,reviewed,us,us
2025-02-18T16:54:32.624Z,37.9629,21.0529,5.926,4.7,mww,208,24,1.045,0.57,us,us7000peij,2025-05-02T16:26:21.040Z,"8 km WNW of Kyllíni, Greece",earthquake,4.56,3.918,0.065,23,reviewed,us,us
2025-02-18T13:43:48.365Z,36.5155,25.8175,10,4,mb,44,58,1.438,0.94,us,us7000pehr,2025-05-02T16:26:21.040Z,"35 km ENE of Mesariá, Greece",earthquake,3.93,1.879,0.119,22,reviewed,us,us
2025-02-18T06:08:09.367Z,36.6394,25.6214,9.631,4.8,mww,145,26,1.473,0.78,us,us7000pefy,2025-05-02T16:26:21.040Z,"29 km NE of Oía, Greece",earthquake,4.74,3.137,0.06,27,reviewed,us,us
2025-02-18T04:46:52.092Z,36.6544,25.8261,10,5,mww,146,26,1.561,0.57,us,us7000pefq,2025-05-02T16:26:21.040Z,"20 km SSW of Amorgós, Greece",earthquake,5.51,1.812,0.04,61,reviewed,us,us
2025-02-18T03:09:51.928Z,36.6544,25.7331,10,4,mb,27,78,1.525,0.43,us,us7000pefh,2025-05-02T16:26:21.040Z,"24 km SW of Amorgós, Greece",earthquake,5.66,1.889,0.129,16,reviewed,us,us
2025-02-18T02:54:08.231Z,36.6713,25.7378,10,4.6,mww,77,33,1.542,0.58,us,us7000peff,2025-05-02T16:26:21.040Z,"22 km SW of Amorgós, Greece",earthquake,5.2,1.824,0.073,18,reviewed,us,us
2025-02-17T20:44:26.176Z,36.4895,25.643,10,4,mb,32,85,1.346,0.79,us,us7000pec0,2025-05-02T16:26:21.040Z,"20 km ENE of Mesariá, Greece",earthquake,5.03,1.852,0.108,23,reviewed,us,us
2025-02-17T15:49:03.802Z,36.6121,25.8192,10,4.3,mwr,60,79,1.521,0.6,us,us7000pe91,2025-05-02T16:26:20.040Z,"25 km SSW of Amorgós, Greece",earthquake,5.82,1.464,0.073,18,reviewed,us,us
2025-02-17T15:12:11.233Z,36.5802,25.8658,10,4,mb,20,82,1.513,1.12,us,us6000pvei,2025-05-02T16:26:14.040Z,"28 km S of Amorgós, Greece",earthquake,4.7,1.422,0.517,1,reviewed,us,us
2025-02-17T14:05:39.741Z,36.5204,25.6125,10,4.3,mwr,82,51,1.363,0.73,us,us7000pe8q,2025-05-02T16:26:20.040Z,"19 km NE of Firá, Greece",earthquake,5.2,1.87,0.071,19,reviewed,us,us
2025-02-17T07:49:50.321Z,36.6724,25.5788,10,5,mww,127,38,1.49,0.67,us,us7000pe7k,2025-05-02T16:26:20.040Z,"27 km ESE of Íos, Greece",earthquake,4.9,1.745,0.042,54,reviewed,us,us
2025-02-17T07:46:23.311Z,36.6106,25.6049,10,4.5,mb,105,58,1.442,0.61,us,us7000pe7i,2025-05-02T16:26:20.040Z,"26 km NE of Firá, Greece",earthquake,4.5,1.809,0.063,75,reviewed,us,us
2025-02-16T23:08:57.542Z,36.6485,25.5943,10,4.4,mb,56,58,1.473,0.63,us,us7000pe5s,2025-05-02T16:26:20.040Z,"28 km NE of Oía, Greece",earthquake,5.35,1.875,0.073,54,reviewed,us,us
2025-02-16T20:55:58.602Z,36.5817,25.7209,10,4.1,mwr,66,85,1.457,0.96,us,us7000pe5c,2025-05-02T16:26:20.040Z,"31 km NE of Firá, Greece",earthquake,5.1,1.827,0.075,17,reviewed,us,us
2025-02-16T12:25:53.656Z,36.6074,25.6141,10,4.2,mb,30,101,1.442,0.61,us,us6000pv62,2025-05-02T16:26:13.040Z,"26 km NE of Firá, Greece",earthquake,4.64,1.409,0.12,19,reviewed,us,us
2025-02-16T08:23:02.337Z,36.6283,25.7354,10,4,mb,28,105,1.503,0.92,us,us6000pv5u,2025-05-02T16:26:13.040Z,"26 km SSW of Amorgós, Greece",earthquake,5.84,1.924,0.13,16,reviewed,us,us
2025-02-16T00:18:45.026Z,36.4405,25.5724,10,4,mb,45,77,1.277,0.98,us,us7000pe1d,2025-05-02T16:26:19.040Z,"12 km ENE of Mesariá, Greece",earthquake,5.62,1.926,0.144,13,reviewed,us,us
2025-02-15T16:11:50.643Z,40.3427,24.135,14.389,4.9,mww,127,32,1.283,0.66,us,us7000pdzt,2025-05-02T16:26:18.040Z,"12 km E of Ouranoupolis, Greece",earthquake,4.54,4.064,0.051,37,reviewed,us,us
2025-02-15T03:37:41.794Z,36.5893,25.609,10,4.2,mb,40,75,1.424,0.92,us,us7000pf9w,2025-05-02T16:26:23.040Z,"24 km NE of Firá, Greece",earthquake,5.85,1.861,0.132,19,reviewed,us,us
2025-02-14T22:45:18.356Z,36.5964,25.7512,10,4.3,mb,38,107,1.481,1.05,us,us7000pf9i,2025-05-02T16:26:23.040Z,"29 km SSW of Amorgós, Greece",earthquake,3.2,1.902,0.108,24,reviewed,us,us
2025-02-14T20:18:55.569Z,36.6228,25.7346,10.605,4.2,mb,75,58,1.498,0.63,us,us7000pdu1,2025-05-02T16:26:18.040Z,"27 km SSW of Amorgós, Greece",earthquake,5.58,4.129,0.078,50,reviewed,us,us
2025-02-14T20:03:01.385Z,37.826,22.0118,18.675,4,mb,45,67,0.65,0.93,us,us7000pdtz,2025-05-02T16:26:18.040Z,"16 km N of Langádhia, Greece",earthquake,5.37,2.678,0.104,26,reviewed,us,us
2025-02-14T14:57:38.471Z,36.5558,25.6101,10,4.2,mb,46,76,1.394,0.55,us,us7000pdp7,2025-05-02T16:26:17.040Z,"21 km NE of Firá, Greece",earthquake,4.65,1.891,0.121,19,reviewed,us,us
2025-02-13T15:42:21.638Z,36.5453,25.5581,10,4.5,mb,54,82,1.367,0.71,us,us7000pde0,2025-05-02T16:26:17.040Z,"17 km NE of Firá, Greece",earthquake,5.57,1.867,0.083,51,reviewed,us,us
2025-02-13T15:40:08.198Z,36.7109,25.5546,10,4.4,mb,51,71,1.519,0.65,us,us7000pddy,2025-05-02T16:26:17.040Z,"24 km E of Íos, Greece",earthquake,4.95,1.638,0.072,56,reviewed,us,us
2025-02-12T23:03:31.125Z,36.6147,25.641,10.228,4.3,mb,32,83,1.457,0.51,us,us7000pd9b,2025-05-02T16:26:16.040Z,"28 km NE of Firá, Greece",earthquake,6.25,3.884,0.097,30,reviewed,us,us
2025-02-12T23:02:38.088Z,36.6771,25.5812,10,4.4,mb,61,58,1.495,0.58,us,us7000pd9a,2025-05-02T16:26:16.040Z,"27 km E of Íos, Greece",earthquake,5.58,1.883,0.072,56,reviewed,us,us
2025-02-12T21:05:06.046Z,36.6178,25.6317,10,4.2,mb,32,82,1.457,0.79,us,us7000pd8n,2025-05-02T16:26:16.040Z,"28 km NE of Firá, Greece",earthquake,5,1.906,0.096,30,reviewed,us,us
2025-02-12T18:34:24.293Z,36.5507,25.5226,10,4.6,mww,83,58,1.361,0.77,us,us7000pd7j,2025-05-02T16:26:16.040Z,"16 km NE of Oía, Greece",earthquake,4.04,1.754,0.061,26,reviewed,us,us
2025-02-12T16:44:25.397Z,36.5742,25.6474,10,4.3,mb,50,84,1.423,1.05,us,us7000pd4h,2025-05-02T16:26:16.040Z,"25 km NE of Firá, Greece",earthquake,5.3,1.876,0.082,42,reviewed,us,us
2025-02-12T10:02:10.872Z,36.464,25.6207,10,4.3,mb,62,85,1.315,0.66,us,us7000pd35,2025-05-02T16:26:15.040Z,"17 km ENE of Mesariá, Greece",earthquake,4.96,1.873,0.087,37,reviewed,us,us
2025-02-12T09:42:33.897Z,36.4345,25.6023,10,3.9,mb,17,111,1.282,0.86,us,us7000pf00,2025-05-02T16:26:22.040Z,"14 km ENE of Mesariá, Greece",earthquake,5.13,1.918,0.181,8,reviewed,us,us
2025-02-12T09:26:46.938Z,36.5496,25.6117,10,4.3,mb,22,106,1.389,0.49,us,us7000pezy,2025-05-02T16:26:22.040Z,"21 km NE of Firá, Greece",earthquake,5.53,1.89,0.148,13,reviewed,us,us
2025-02-12T09:22:18.859Z,36.4465,25.6748,10,4.5,mb,33,113,1.32,0.72,us,us7000pf0h,2025-05-02T16:26:22.040Z,"21 km ENE of Mesariá, Greece",earthquake,5.82,1.784,0.11,24,reviewed,us,us
2025-02-12T09:20:41.712Z,36.4127,25.5886,10,4.7,mb,46,59,1.258,0.84,us,us7000pd31,2025-05-02T16:26:15.040Z,"12 km E of Mesariá, Greece",earthquake,5.06,1.895,0.089,38,reviewed,us,us
2025-02-12T09:16:10.611Z,36.6173,25.6666,10,4.4,mb,23,103,1.469,0.42,us,us7000pf0g,2025-05-02T16:26:22.040Z,"30 km NE of Firá, Greece",earthquake,5.19,1.826,0.13,18,reviewed,us,us
2025-02-12T09:15:06.702Z,36.5864,25.5445,10,4.8,mww,77,77,1.4,0.57,us,us7000pd30,2025-05-02T16:26:15.040Z,"20 km NE of Oía, Greece",earthquake,4.37,1.821,0.061,26,reviewed,us,us
2025-02-12T09:12:18.116Z,36.5069,25.6374,10,4,mb,33,87,1.359,0.65,us,us7000pezx,2025-05-02T16:26:22.040Z,"20 km NE of Mesariá, Greece",earthquake,4.86,1.927,0.164,10,reviewed,us,us
2025-02-12T09:02:15.083Z,36.4384,25.5612,10,4.2,mb,18,68,1.271,0.84,us,us7000pezu,2025-05-02T16:26:22.040Z,"11 km ENE of Mesariá, Greece",earthquake,4.8,1.942,0.147,13,reviewed,us,us
2025-02-12T08:58:44.704Z,36.473,25.5068,10,4.4,mb,64,75,1.284,1.14,us,us7000pd2y,2025-05-02T16:26:15.040Z,"8 km NE of Firá, Greece",earthquake,5.77,1.906,0.098,30,reviewed,us,us
2025-02-12T08:56:00.433Z,36.5261,25.5091,10,4.2,mb,43,104,1.334,0.92,us,us7000pd2x,2025-05-02T16:26:15.040Z,"13 km NNE of Firá, Greece",earthquake,4.47,1.932,0.132,16,reviewed,us,us
2025-02-12T08:52:35.988Z,36.5347,25.6297,10,4,mb,19,107,1.381,0.86,us,us7000pezr,2025-05-02T16:26:22.040Z,"21 km NE of Firá, Greece",earthquake,5.69,1.928,0.197,7,reviewed,us,us
2025-02-12T08:43:55.217Z,36.5313,25.6112,10,4.2,mb,25,103,1.372,0.95,us,us7000pf11,2025-05-02T16:26:22.040Z,"20 km NE of Firá, Greece",earthquake,4.83,1.929,0.124,18,reviewed,us,us
2025-02-12T08:37:47.010Z,36.4496,25.4082,10,4.4,mb,24,104,1.233,0.77,us,us7000pezs,2025-05-02T16:26:22.040Z,"3 km ESE of Oía, Greece",earthquake,5.88,1.929,0.138,15,reviewed,us,us
2025-02-12T08:29:50.855Z,36.5749,25.5832,10,4.8,mww,114,51,1.402,1.05,us,us7000pd2t,2025-05-02T16:26:15.040Z,"21 km NE of Firá, Greece",earthquake,3.7,1.817,0.063,24,reviewed,us,us
2025-02-12T04:21:03.100Z,36.5782,25.6531,10,4.4,mb,46,78,1.429,1.21,us,us7000pd26,2025-05-02T16:26:15.040Z,"26 km NE of Firá, Greece",earthquake,4.77,1.816,0.091,35,reviewed,us,us
2025-02-12T02:23:11.283Z,36.5396,25.669,10,4.3,mb,50,85,1.4,1.26,us,us7000pd1v,2025-05-02T16:26:15.040Z,"25 km ENE of Firá, Greece",earthquake,4.5,1.888,0.088,37,reviewed,us,us
2025-02-12T02:18:24.970Z,36.5414,25.5818,10,4.1,mb,56,75,1.371,0.98,us,us7000pezc,2025-05-02T16:26:22.040Z,"19 km NE of Firá, Greece",earthquake,5.59,1.922,0.127,17,reviewed,us,us
2025-02-12T02:14:20.277Z,36.507,25.5971,10,4.5,mb,71,58,1.345,1.05,us,us7000pd1u,2025-05-02T16:26:15.040Z,"17 km ENE of Firá, Greece",earthquake,3.79,1.852,0.073,55,reviewed,us,us
2025-02-12T02:06:56.273Z,36.4993,25.6292,10,4.1,mb,37,105,1.35,1.2,us,us7000pd1t,2025-05-02T16:26:15.040Z,"19 km NE of Mesariá, Greece",earthquake,5.33,1.907,0.109,23,reviewed,us,us
2025-02-12T02:03:37.039Z,36.5119,25.6464,10,4,mb,36,78,1.367,1.02,us,us7000peza,2025-05-02T16:26:22.040Z,"21 km NE of Mesariá, Greece",earthquake,5.32,1.926,0.172,9,reviewed,us,us
2025-02-12T01:35:07.823Z,36.4985,25.6196,10,4.3,mb,30,87,1.345,0.89,us,us7000pd1n,2025-05-02T16:26:15.040Z,"18 km NE of Mesariá, Greece",earthquake,4.05,1.568,0.154,12,reviewed,us,us
2025-02-12T01:14:54.298Z,36.5549,25.5084,10,5.1,mww,183,58,1.36,0.77,us,us7000pd1i,2025-05-02T16:26:15.040Z,"15 km NE of Oía, Greece",earthquake,5.77,1.822,0.047,43,reviewed,us,us
2025-02-12T01:12:41.030Z,36.6499,25.7276,10,4.2,mb,36,57,1.519,0.61,us,us7000pd1f,2025-05-02T16:26:15.040Z,"25 km SW of Amorgós, Greece",earthquake,4.85,1.89,0.099,28,reviewed,us,us
2025-02-11T21:14:58.597Z,36.5624,25.6006,10,4,mb,20,105,1.396,0.77,us,us7000pete,2025-04-26T14:47:11.040Z,"21 km NE of Firá, Greece",earthquake,5.69,1.911,0.155,11,reviewed,us,us
2025-02-11T20:53:26.097Z,36.7278,25.7129,10,4.2,mb,52,82,1.584,0.84,us,us7000pd03,2025-04-26T14:47:08.040Z,"20 km SW of Amorgós, Greece",earthquake,5.36,1.898,0.09,34,reviewed,us,us
2025-02-11T17:40:19.117Z,36.6234,25.7885,10,4.5,mb,64,58,1.519,0.61,us,us7000pcwn,2025-04-26T14:47:08.040Z,"25 km SSW of Amorgós, Greece",earthquake,5.01,1.875,0.074,53,reviewed,us,us
2025-02-11T15:10:57.969Z,36.6081,25.7164,10,4.4,mb,87,101,1.478,0.57,us,us7000pcvx,2025-04-26T14:47:08.040Z,"29 km SSW of Amorgós, Greece",earthquake,4.99,1.854,0.067,72,reviewed,us,us
2025-02-11T14:19:50.052Z,36.7147,25.7426,10,4.6,mb,151,33,1.583,0.6,us,us7000pcvr,2025-04-26T14:47:07.040Z,"19 km SW of Amorgós, Greece",earthquake,5.95,1.847,0.049,130,reviewed,us,us
2025-02-11T13:11:59.189Z,36.5542,25.7715,10,4.1,mb,30,56,1.452,0.83,us,us7000pet2,2025-04-26T14:47:11.040Z,"32 km SSW of Amorgós, Greece",earthquake,3.24,1.876,0.145,15,reviewed,us,us
2025-02-11T12:46:57.756Z,36.5085,25.7667,10,4.1,mb,36,81,1.411,1.03,us,us7000pet0,2025-04-26T14:47:11.040Z,"31 km ENE of Mesariá, Greece",earthquake,5.12,1.911,0.158,11,reviewed,us,us
2025-02-11T12:34:12.671Z,36.6625,25.5171,11.023,4.4,mb,75,78,1.463,0.4,us,us7000pcvb,2025-04-26T14:47:07.040Z,"22 km ESE of Íos, Greece",earthquake,5.17,4.031,0.077,48,reviewed,us,us
2025-02-11T12:13:54.470Z,36.5734,25.7615,10,4.3,mb,34,61,1.465,0.38,us,us7000pesy,2025-04-26T14:47:11.040Z,"31 km SSW of Amorgós, Greece",earthquake,3.27,1.717,0.122,19,reviewed,us,us
2025-02-11T11:57:59.801Z,36.764,25.6377,10,4.1,mb,40,73,1.593,0.43,us,us7000pesw,2025-04-26T14:47:11.040Z,"24 km WSW of Amorgós, Greece",earthquake,4.87,1.738,0.135,15,reviewed,us,us
2025-02-11T11:43:54.212Z,36.6508,25.7853,10,4.9,mww,184,47,1.542,0.44,us,us7000pcv7,2025-04-26T14:47:07.040Z,"22 km SSW of Amorgós, Greece",earthquake,5.36,1.784,0.05,39,reviewed,us,us
2025-02-11T11:30:24.996Z,36.6336,25.7257,10,4.4,mb,37,105,1.504,0.54,us,us7000pcv5,2025-04-26T14:47:07.040Z,"26 km SW of Amorgós, Greece",earthquake,5.57,1.897,0.117,21,reviewed,us,us
2025-02-11T08:51:13.410Z,36.6192,25.8185,10,4,mb,30,80,1.527,1.09,us,us7000pesn,2025-04-26T14:47:11.040Z,"24 km SSW of Amorgós, Greece",earthquake,4.02,1.912,0.196,10,reviewed,us,us
2025-02-11T08:11:25.390Z,36.8241,25.6559,10,4,mb,17,95,1.654,0.97,us,us7000pesi,2025-04-26T14:47:11.040Z,"21 km W of Amorgós, Greece",earthquake,5.12,1.942,0.366,3,reviewed,us,us
2025-02-11T07:17:18.295Z,36.7266,25.6978,10,4.7,mww,64,38,1.578,0.69,us,us7000pcuc,2025-04-26T14:47:07.040Z,"21 km WSW of Amorgós, Greece",earthquake,5.41,1.855,0.058,29,reviewed,us,us
2025-02-11T06:50:16.189Z,36.6768,25.7458,10,4.3,mb,29,103,1.55,1.15,us,us7000pesr,2025-04-26T14:47:11.040Z,"21 km SW of Amorgós, Greece",earthquake,4.82,1.902,0.116,21,reviewed,us,us
2025-02-11T06:39:57.329Z,36.7071,25.7677,10,4.9,mb,71,58,1.585,0.8,us,us7000pcu8,2025-04-26T14:47:07.040Z,"18 km SW of Amorgós, Greece",earthquake,5.19,1.836,0.051,122,reviewed,us,us
2025-02-11T06:07:55.272Z,36.634,25.8096,10,4.2,mb,25,107,1.537,1.05,us,us7000pesf,2025-04-26T14:47:11.040Z,"23 km SSW of Amorgós, Greece",earthquake,5.16,1.899,0.237,7,reviewed,us,us
2025-02-11T06:00:29.610Z,36.8471,25.7796,10,4.5,mb,32,74,1.715,0.81,us,us7000pesp,2025-04-26T14:47:11.040Z,"10 km W of Amorgós, Greece",earthquake,4.83,1.896,0.157,15,reviewed,us,us
2025-02-11T05:58:44.528Z,36.6691,25.809,10,4.7,mww,60,58,1.567,0.85,us,us7000pcu0,2025-04-26T14:47:07.040Z,"19 km SSW of Amorgós, Greece",earthquake,4.42,1.845,0.061,26,reviewed,us,us
2025-02-11T05:49:56.697Z,36.5151,25.853,10,4.1,mb,25,81,1.453,0.92,us,us7000pctx,2025-04-26T14:47:07.040Z,"35 km S of Amorgós, Greece",earthquake,5.35,1.897,0.145,15,reviewed,us,us
2025-02-11T05:43:46.654Z,36.5406,25.7885,10,4.2,mb,30,81,1.447,1.15,us,us7000pctv,2025-04-26T14:47:07.040Z,"33 km SSW of Amorgós, Greece",earthquake,4.48,1.216,0.115,21,reviewed,us,us
2025-02-11T05:36:10.899Z,36.5135,25.5561,10,4.2,mb,29,106,1.337,0.88,us,us7000pctu,2025-04-26T14:47:07.040Z,"15 km NE of Firá, Greece",earthquake,4.61,1.884,0.124,18,reviewed,us,us
2025-02-11T05:14:30.769Z,36.6032,25.7274,10,4.5,mb,96,51,1.478,0.95,us,us7000pctn,2025-04-26T14:47:07.040Z,"29 km SSW of Amorgós, Greece",earthquake,5.48,1.844,0.07,59,reviewed,us,us
2025-02-11T04:41:32.098Z,36.6436,25.7078,10,4.1,mb,23,104,1.507,0.75,us,us7000pes8,2025-04-26T14:47:11.040Z,"26 km SW of Amorgós, Greece",earthquake,4.48,1.547,0.151,12,reviewed,us,us
2025-02-11T03:47:31.750Z,36.6239,25.6691,10,4.2,mb,44,58,1.475,0.54,us,us7000pctd,2025-04-26T14:47:07.040Z,"30 km SW of Amorgós, Greece",earthquake,4.55,1.885,0.092,33,reviewed,us,us
2025-02-11T02:46:48.764Z,36.6847,25.7205,10,4.1,mb,28,102,1.548,0.54,us,us7000pct8,2025-04-26T14:47:07.040Z,"22 km SW of Amorgós, Greece",earthquake,5.43,1.768,0.116,20,reviewed,us,us
2025-02-11T01:38:21.628Z,36.6893,25.778,10,4,mb,25,104,1.573,0.65,us,us7000pes0,2025-04-26T14:47:11.040Z,"19 km SW of Amorgós, Greece",earthquake,5.57,1.936,0.144,13,reviewed,us,us
2025-02-11T00:02:57.362Z,36.5713,25.6953,10,4.1,mb,46,58,1.438,0.77,us,us7000pcsl,2025-04-26T14:47:07.040Z,"28 km NE of Firá, Greece",earthquake,4.05,1.881,0.094,35,reviewed,us,us
2025-02-10T23:41:50.534Z,36.6955,25.6436,10,4.3,mb,30,100,1.532,0.62,us,us7000pekc,2025-04-26T14:47:11.040Z,"27 km WSW of Amorgós, Greece",earthquake,6.41,1.936,0.201,7,reviewed,us,us
2025-02-10T22:51:04.418Z,36.6347,25.5962,10,4.2,mb,24,102,1.461,0.44,us,us7000pcse,2025-04-26T14:47:07.040Z,"27 km NE of Oía, Greece",earthquake,4.65,1.92,0.141,14,reviewed,us,us
2025-02-10T22:44:30.174Z,36.5571,25.6981,10,4,mb,46,78,1.426,0.81,us,us7000pek7,2025-04-26T14:47:11.040Z,"28 km ENE of Firá, Greece",earthquake,4.88,1.921,0.143,13,reviewed,us,us
2025-02-10T22:44:04.982Z,36.6897,25.5741,10,4,mb,27,78,1.505,0.74,us,us7000pekb,2025-04-26T14:47:11.040Z,"26 km E of Íos, Greece",earthquake,5.34,1.955,0.196,7,reviewed,us,us
2025-02-10T22:37:24.642Z,36.6244,25.6258,10,5.1,mww,124,26,1.461,0.64,us,us7000pcs7,2025-04-26T14:47:07.040Z,"28 km NE of Firá, Greece",earthquake,4.55,1.59,0.043,51,reviewed,us,us
2025-02-10T21:37:35.784Z,36.6744,25.8269,10,4.1,mb,39,105,1.579,0.89,us,us7000pcrr,2025-04-26T14:47:07.040Z,"18 km SSW of Amorgós, Greece",earthquake,4.61,1.929,0.157,11,reviewed,us,us
2025-02-10T20:16:28.738Z,36.6898,25.6536,10,5.3,mww,114,19,1.53,0.76,us,us7000pcr3,2025-04-26T14:47:07.040Z,"26 km SW of Amorgós, Greece",earthquake,5.16,1.829,0.041,58,reviewed,us,us
2025-02-10T19:32:35.599Z,36.567,25.667,10,4,mb,31,104,1.424,0.66,us,us7000pek1,2025-04-26T14:47:11.040Z,"26 km NE of Firá, Greece",earthquake,5.62,1.931,0.173,9,reviewed,us,us
2025-02-10T14:23:27.674Z,36.6571,25.6125,10,4.1,mb,19,101,1.487,1.18,us,us7000pejt,2025-04-26T14:47:11.040Z,"30 km NE of Oía, Greece",earthquake,6.08,1.951,0.26,4,reviewed,us,us
2025-02-10T13:31:58.975Z,36.6511,25.7362,10,4.1,mb,35,77,1.524,0.82,us,us7000pek0,2025-04-26T14:47:11.040Z,"24 km SW of Amorgós, Greece",earthquake,5.61,1.936,0.146,13,reviewed,us,us
2025-02-10T13:14:34.160Z,36.6109,25.6787,10,4.3,mb,114,58,1.467,0.92,us,us7000pcmw,2025-04-26T14:47:06.040Z,"30 km NE of Firá, Greece",earthquake,5.39,1.835,0.073,53,reviewed,us,us
2025-02-10T11:43:55.229Z,36.5754,25.6104,10,4.3,mb,48,89,1.411,0.97,us,us7000pcml,2025-04-26T14:47:06.040Z,"23 km NE of Firá, Greece",earthquake,5.69,1.189,0.122,19,reviewed,us,us
2025-02-10T11:23:17.847Z,36.7163,25.7463,10,4.7,mww,67,57,1.585,0.65,us,us7000pcmg,2025-04-26T14:47:06.040Z,"18 km SW of Amorgós, Greece",earthquake,4.87,1.862,0.063,24,reviewed,us,us
2025-02-10T10:27:32.636Z,36.5693,25.598,10,4.1,mb,20,105,1.402,0.82,us,us7000pcm9,2025-04-26T14:47:06.040Z,"22 km NE of Firá, Greece",earthquake,5.51,1.447,0.15,12,reviewed,us,us
2025-02-10T08:20:25.345Z,36.5624,25.5508,9.269,4.4,mb,101,58,1.38,0.42,us,us7000pcls,2025-04-26T14:47:06.040Z,"19 km NE of Firá, Greece",earthquake,4.8,3.996,0.066,67,reviewed,us,us
2025-02-10T08:06:13.075Z,36.6868,25.3112,10,4.3,mb,53,65,1.437,0.63,us,us7000pejq,2025-04-26T14:47:11.040Z,"4 km SSE of Íos, Greece",earthquake,3.43,1.889,0.111,23,reviewed,us,us
2025-02-10T04:51:45.418Z,36.5116,25.7333,10,4,mb,19,111,1.4,0.72,us,us7000pej8,2025-04-26T14:47:10.040Z,"28 km ENE of Mesariá, Greece",earthquake,4.39,1.91,0.164,10,reviewed,us,us
2025-02-10T01:00:00.396Z,36.5993,25.571,10,4.1,mb,42,81,1.421,0.69,us,us7000pck7,2025-04-26T14:47:06.040Z,"23 km NE of Oía, Greece",earthquake,3.59,1.921,0.087,36,reviewed,us,us
2025-02-09T20:55:15.531Z,35.3102,22.2139,46.934,4.3,mb,56,137,1.879,0.55,us,us7000pcja,2025-04-26T14:47:06.040Z,"116 km SW of Kýthira, Greece",earthquake,7.53,8.859,0.081,43,reviewed,us,us
2025-02-09T20:35:41.847Z,36.6475,25.5604,10,4.3,mb,58,82,1.462,0.76,us,us7000pcj8,2025-04-26T14:47:06.040Z,"26 km ESE of Íos, Greece",earthquake,5.1,1.073,0.085,39,reviewed,us,us
2025-02-09T19:31:39.888Z,36.5253,25.5595,10,4.4,mb,68,88,1.349,0.64,us,us7000pcip,2025-04-26T14:47:06.040Z,"16 km NE of Firá, Greece",earthquake,3.95,1.878,0.076,50,reviewed,us,us
2025-02-09T19:25:12.421Z,36.5848,25.598,10,4.3,mb,65,58,1.416,0.73,us,us7000pcin,2025-04-26T14:47:06.040Z,"23 km NE of Firá, Greece",earthquake,5.15,1.861,0.081,43,reviewed,us,us
2025-02-09T19:17:15.287Z,36.4741,25.5152,10,4.7,mb,73,107,1.288,0.5,us,us7000pcil,2025-04-26T14:47:06.040Z,"9 km NE of Firá, Greece",earthquake,4.79,1.798,0.075,54,reviewed,us,us
2025-02-09T19:16:42.880Z,36.5049,25.4898,10,4.6,mb,80,80,1.308,0.56,us,us7000pcij,2025-04-26T14:47:06.040Z,"10 km NNE of Firá, Greece",earthquake,5.42,1.86,0.054,101,reviewed,us,us
2025-02-09T19:08:55.324Z,36.6915,25.5693,10,4.3,mb,28,98,1.505,0.79,us,us7000pear,2025-04-26T14:47:10.040Z,"25 km E of Íos, Greece",earthquake,5.09,1.955,0.168,10,reviewed,us,us
2025-02-09T19:05:38.291Z,36.6626,25.6271,10,5.2,mww,103,38,1.496,0.71,us,us7000pcih,2025-04-26T14:47:06.040Z,"30 km SW of Amorgós, Greece",earthquake,5,1.819,0.044,49,reviewed,us,us
2025-02-09T19:05:24.515Z,36.6942,25.5303,10,4,mb,24,168,2.143,0.36,us,us7000peac,2025-04-26T14:47:10.040Z,"22 km E of Íos, Greece",earthquake,9.77,1.957,0.138,14,reviewed,us,us
2025-02-09T18:53:58.322Z,36.5231,25.5964,10,4.7,mb,88,58,1.359,1.08,us,us7000pcid,2025-04-26T14:47:06.040Z,"18 km NE of Firá, Greece",earthquake,4.63,1.799,0.053,110,reviewed,us,us
2025-02-09T18:53:30.810Z,36.5844,25.6274,10,4.3,mb,68,36,1.425,0.49,us,us7000pea8,2025-04-26T14:47:10.040Z,"25 km NE of Firá, Greece",earthquake,5.38,1.799,0.083,41,reviewed,us,us
2025-02-09T18:41:41.801Z,36.5698,25.599,10,4.3,mb,61,64,1.403,0.64,us,us7000pcib,2025-04-26T14:47:06.040Z,"22 km NE of Firá, Greece",earthquake,5.4,1.872,0.089,36,reviewed,us,us
2025-02-09T15:55:28.045Z,36.6314,25.5519,10,4.1,mb,30,101,1.444,1.08,us,us7000pchq,2025-04-26T14:47:06.040Z,"24 km NE of Oía, Greece",earthquake,5.4,1.909,0.127,17,reviewed,us,us
2025-02-09T15:16:30.091Z,36.5367,25.6531,10,4.5,mb,58,65,1.392,0.9,us,us7000pchj,2025-04-26T14:47:06.040Z,"23 km ENE of Firá, Greece",earthquake,4.24,1.512,0.068,64,reviewed,us,us
2025-02-09T12:32:32.188Z,36.5749,25.5557,10,4.2,mb,50,101,1.393,0.52,us,us7000pch9,2025-04-26T14:47:05.040Z,"20 km NE of Oía, Greece",earthquake,4.37,1.641,0.101,27,reviewed,us,us
2025-02-09T11:59:44.242Z,36.5755,25.7166,10,4.4,mb,131,38,1.449,0.5,us,us7000pch7,2025-04-26T14:47:05.040Z,"30 km ENE of Firá, Greece",earthquake,1.82,1.844,0.054,102,reviewed,us,us
2025-02-09T11:54:41.671Z,36.5874,25.6223,10,4.3,mb,73,83,1.426,0.53,us,us7000pch5,2025-04-26T14:47:05.040Z,"25 km NE of Firá, Greece",earthquake,4.76,1.866,0.077,47,reviewed,us,us
2025-02-09T09:02:03.636Z,36.5403,25.6375,10,4.2,mb,47,104,1.389,0.43,us,us7000pcgl,2025-04-26T14:47:05.040Z,"22 km NE of Firá, Greece",earthquake,4.79,1.887,0.087,37,reviewed,us,us
2025-02-09T08:06:31.410Z,36.5694,25.7208,10,4.2,mb,22,108,1.446,0.62,us,us7000pcga,2025-04-26T14:47:05.040Z,"30 km ENE of Firá, Greece",earthquake,4.75,1.929,0.136,15,reviewed,us,us
2025-02-09T05:01:59.076Z,36.5913,25.6028,10,4.2,mb,38,104,1.423,0.65,us,us7000pcfe,2025-04-26T14:47:05.040Z,"24 km NE of Firá, Greece",earthquake,5.6,1.894,0.097,30,reviewed,us,us
2025-02-09T04:47:31.887Z,36.5476,25.7028,10,4.2,mb,55,79,1.42,1.29,us,us7000pcf7,2025-04-26T14:47:05.040Z,"28 km ENE of Firá, Greece",earthquake,2.6,1.874,0.104,26,reviewed,us,us
2025-02-09T02:55:50.122Z,36.4657,25.5873,10,4,mb,31,77,1.305,1,us,us7000pcei,2025-04-26T14:47:05.040Z,"14 km ENE of Mesariá, Greece",earthquake,3.52,1.865,0.15,12,reviewed,us,us
2025-02-09T02:51:50.320Z,36.4924,25.6485,10,4.1,mb,24,78,1.351,0.55,us,us7000pe9t,2025-04-26T14:47:10.040Z,"20 km ENE of Mesariá, Greece",earthquake,4.98,1.923,0.184,8,reviewed,us,us
2025-02-09T02:50:48.240Z,36.4816,25.5543,10,4.2,mb,27,76,1.308,0.93,us,us7000pe9l,2025-04-26T14:47:10.040Z,"12 km ENE of Firá, Greece",earthquake,5.37,1.902,0.146,13,reviewed,us,us
2025-02-09T01:35:15.864Z,36.4503,25.4819,10,4.5,mb,41,74,1.256,1.12,us,us7000pce5,2025-04-26T14:47:05.040Z,"5 km NE of Firá, Greece",earthquake,5.51,1.876,0.145,14,reviewed,us,us
2025-02-08T17:15:13.803Z,36.5732,25.6311,10,4.4,mwr,100,80,1.417,0.68,us,us7000pcch,2025-04-26T14:47:05.040Z,"24 km NE of Firá, Greece",earthquake,5.68,1.831,0.078,16,reviewed,us,us
2025-02-08T16:51:46.954Z,36.599,25.702,10,4.1,mb,42,85,1.465,0.51,us,us7000pccc,2025-04-26T14:47:05.040Z,"31 km SW of Amorgós, Greece",earthquake,4.66,1.894,0.088,40,reviewed,us,us
2025-02-08T16:29:58.782Z,36.7256,25.6167,10,4.3,mb,103,80,1.551,0.68,us,us7000pcc8,2025-04-26T14:47:05.040Z,"27 km WSW of Amorgós, Greece",earthquake,3.15,1.843,0.059,86,reviewed,us,us
2025-02-08T09:24:03.220Z,36.5093,25.534,10,4.6,mb,47,82,1.326,0.59,us,us7000pcau,2025-04-26T14:47:04.040Z,"13 km NE of Firá, Greece",earthquake,5.32,1.855,0.062,77,reviewed,us,us
2025-02-08T09:15:48.633Z,36.3797,25.6053,10,4.2,mb,22,87,1.235,1.01,us,us7000pcaq,2025-04-26T14:47:04.040Z,"14 km E of Mesariá, Greece",earthquake,4.19,1.904,0.121,19,reviewed,us,us
2025-02-08T09:10:06.299Z,36.5971,25.572,10,4.5,mb,54,81,1.419,0.88,us,us7000pcan,2025-04-26T14:47:04.040Z,"23 km NE of Oía, Greece",earthquake,2.1,1.886,0.074,53,reviewed,us,us
2025-02-08T09:07:18.425Z,36.6223,25.594,10,4,mb,38,102,1.449,0.65,us,us7000pdsc,2025-04-26T14:47:10.040Z,"26 km NE of Oía, Greece",earthquake,5.78,1.891,0.098,28,reviewed,us,us
2025-02-08T09:00:40.947Z,36.5839,25.614,10,4.9,mww,78,25,1.42,0.63,us,us7000pcah,2025-04-26T14:47:04.040Z,"24 km NE of Firá, Greece",earthquake,5.39,1.848,0.055,32,reviewed,us,us
2025-02-08T08:56:14.719Z,36.5351,25.5283,10,4.3,mb,35,81,1.348,0.59,us,us7000pcar,2025-04-26T14:47:04.040Z,"15 km NE of Firá, Greece",earthquake,5.38,1.886,0.098,29,reviewed,us,us
2025-02-08T08:36:03.940Z,36.5766,25.606,10,4.8,mb,118,58,1.411,0.69,us,us7000pcac,2025-04-26T14:47:04.040Z,"23 km NE of Firá, Greece",earthquake,2.76,1.835,0.052,112,reviewed,us,us
2025-02-08T08:28:13.656Z,36.5404,25.7897,10,4.2,mb,28,108,1.448,0.59,us,us7000pcaa,2025-04-26T14:47:04.040Z,"33 km SSW of Amorgós, Greece",earthquake,4.89,1.899,0.128,17,reviewed,us,us
2025-02-08T08:16:39.021Z,36.5757,25.7169,10,4.4,mb,54,105,1.45,0.97,us,us7000pca9,2025-04-26T14:47:04.040Z,"30 km ENE of Firá, Greece",earthquake,4.72,1.804,0.087,38,reviewed,us,us
2025-02-08T03:36:04.280Z,36.5373,25.5777,10,4.3,mb,26,82,1.366,0.5,us,us7000pds1,2025-04-26T14:47:10.040Z,"18 km NE of Firá, Greece",earthquake,5.88,1.76,0.177,10,reviewed,us,us
2025-02-08T03:11:23.649Z,36.5038,25.6604,10,4.4,mb,48,78,1.365,1.09,us,us7000pc8z,2025-04-26T14:47:04.040Z,"22 km ENE of Mesariá, Greece",earthquake,4.86,1.313,0.107,25,reviewed,us,us
2025-02-08T03:08:34.136Z,36.5678,25.7027,10,4.3,mb,53,78,1.437,1.07,us,us7000pc8w,2025-04-26T14:47:04.040Z,"29 km ENE of Firá, Greece",earthquake,4.93,1.529,0.096,32,reviewed,us,us
2025-02-08T01:52:03.571Z,36.5956,25.6859,10,4.6,mww,76,51,1.456,1,us,us7000pc8g,2025-04-26T14:47:04.040Z,"29 km NE of Firá, Greece",earthquake,4.3,1.797,0.065,23,reviewed,us,us
2025-02-07T15:17:27.693Z,36.7113,25.6427,10,4.6,mb,61,77,1.546,0.65,us,us7000pdr4,2025-04-26T14:47:10.040Z,"26 km WSW of Amorgós, Greece",earthquake,5.09,1.833,0.081,50,reviewed,us,us
2025-02-07T15:16:49.568Z,36.6165,25.6204,10,4.6,mb,37,51,1.452,0.8,us,us7000pc4s,2025-04-26T14:47:04.040Z,"27 km NE of Firá, Greece",earthquake,2.38,1.888,0.119,25,reviewed,us,us
2025-02-07T12:29:08.614Z,36.5994,25.5155,10,4.1,mb,26,101,1.404,0.43,us,us7000pdqy,2025-04-26T14:47:09.040Z,"19 km NE of Oía, Greece",earthquake,5.66,1.898,0.15,12,reviewed,us,us
2025-02-07T10:32:05.141Z,36.2997,25.6272,10,4.3,mb,31,119,1.174,0.73,us,us7000pdqj,2025-04-26T14:47:09.040Z,"17 km ESE of Emporeío, Greece",earthquake,5.62,1.784,0.143,14,reviewed,us,us
2025-02-07T10:30:28.148Z,36.5592,25.4803,10,4.4,mb,45,102,1.356,0.48,us,us7000pc2q,2025-04-26T14:47:04.040Z,"14 km NE of Oía, Greece",earthquake,5.4,1.88,0.098,30,reviewed,us,us
2025-02-07T08:52:21.407Z,36.5882,25.57,10,4.1,mb,27,103,1.41,0.88,us,us7000pdqg,2025-04-26T14:47:09.040Z,"22 km NE of Oía, Greece",earthquake,5.23,1.828,0.135,15,reviewed,us,us
2025-02-07T07:36:14.156Z,36.4619,25.5745,10,4,mb,34,86,1.297,1.08,us,us7000pdq7,2025-04-26T14:47:09.040Z,"13 km ENE of Mesariá, Greece",earthquake,3.95,1.897,0.119,19,reviewed,us,us
2025-02-07T07:16:15.200Z,36.5924,25.6059,10,4.9,mww,73,58,1.425,0.9,us,us7000pc23,2025-04-26T14:47:03.040Z,"24 km NE of Firá, Greece",earthquake,5.46,1.855,0.063,24,reviewed,us,us
2025-02-07T07:11:23.267Z,36.6445,25.6163,10,4.4,mb,46,78,1.476,0.61,us,us7000pc24,2025-04-26T14:47:03.040Z,"29 km NE of Oía, Greece",earthquake,3.7,1.861,0.086,39,reviewed,us,us
2025-02-07T05:07:20.069Z,36.4694,25.7223,10,4.1,mb,19,113,1.359,1.25,us,us7000pdrj,2025-04-26T14:47:10.040Z,"25 km ENE of Mesariá, Greece",earthquake,5.35,1.474,0.185,8,reviewed,us,us
2025-02-07T05:06:39.420Z,36.5471,25.613,10,4.1,mb,40,106,1.387,1.22,us,us7000pc0z,2025-04-26T14:47:03.040Z,"21 km NE of Firá, Greece",earthquake,4.84,1.725,0.094,31,reviewed,us,us
2025-02-07T04:56:39.697Z,36.5637,25.6068,10,4.2,mb,30,105,1.4,0.84,us,us7000pdpz,2025-04-26T14:47:09.040Z,"22 km NE of Firá, Greece",earthquake,3.68,1.749,0.118,20,reviewed,us,us
2025-02-07T04:24:27.550Z,38.3094,21.5887,45.877,4.2,mb,47,92,1.16,1.29,us,us7000pc0d,2025-04-26T14:47:03.040Z,"5 km SSE of Galatás, Greece",earthquake,6.28,9.669,0.112,22,reviewed,us,us
2025-02-07T03:35:33.451Z,36.5114,25.5061,10,4.4,mb,49,74,1.319,0.98,us,us7000pc04,2025-04-26T14:47:03.040Z,"12 km NE of Firá, Greece",earthquake,5.37,1.831,0.109,24,reviewed,us,us
2025-02-06T20:08:11.019Z,36.605,25.5811,10,4.2,mb,45,78,1.429,0.54,us,us7000pbxc,2025-04-26T14:47:03.040Z,"24 km NE of Oía, Greece",earthquake,4.98,1.88,0.115,21,reviewed,us,us
2025-02-06T19:34:47.242Z,36.5043,25.6455,10,4.4,mb,69,61,1.36,0.71,us,us7000pbx6,2025-04-26T14:47:03.040Z,"21 km ENE of Mesariá, Greece",earthquake,4.89,1.818,0.073,54,reviewed,us,us
2025-02-06T18:16:45.198Z,36.5207,25.638,10,4.3,mb,60,84,1.371,0.82,us,us7000pbwr,2025-04-26T14:47:03.040Z,"21 km ENE of Firá, Greece",earthquake,4.72,1.878,0.084,40,reviewed,us,us
2025-02-06T18:03:39.830Z,36.5168,25.5922,10,4.1,mb,42,103,1.352,0.74,us,us7000pbw6,2025-04-26T14:47:03.040Z,"17 km NE of Firá, Greece",earthquake,5.67,1.916,0.112,22,reviewed,us,us
2025-02-06T14:09:55.814Z,36.5594,25.5624,10,4.4,mb,37,104,1.381,0.87,us,us7000pbti,2025-04-26T14:47:03.040Z,"19 km NE of Firá, Greece",earthquake,5.58,1.822,0.098,33,reviewed,us,us
2025-02-06T12:42:18.277Z,35.5344,22.3222,52.053,4.3,mb,30,131,1.672,0.62,us,us7000pdmv,2025-04-26T14:47:09.040Z,"91 km SW of Kýthira, Greece",earthquake,6.03,8.432,0.122,19,reviewed,us,us
2025-02-06T11:29:19.569Z,36.4855,25.6732,10,4.1,mb,30,93,1.354,0.53,us,us7000pdmn,2025-04-26T14:47:09.040Z,"22 km ENE of Mesariá, Greece",earthquake,3.64,1.896,0.165,10,reviewed,us,us
2025-02-06T08:29:38.436Z,36.529,25.6307,10,4.1,mb,22,107,1.377,0.65,us,us7000pdmz,2025-04-26T14:47:09.040Z,"21 km ENE of Firá, Greece",earthquake,4.91,1.9,0.151,12,reviewed,us,us
2025-02-06T07:57:45.018Z,36.554,25.638,10,4.5,mb,67,81,1.402,0.71,us,us7000pbs6,2025-04-26T14:47:03.040Z,"23 km NE of Firá, Greece",earthquake,5.56,1.872,0.067,65,reviewed,us,us
2025-02-06T06:23:04.636Z,36.4627,25.764,10,4.2,mb,16,109,1.37,0.55,us,us7000pdns,2025-04-26T14:47:09.040Z,"29 km ENE of Mesariá, Greece",earthquake,5.81,1.92,0.152,12,reviewed,us,us
2025-02-06T06:21:57.019Z,36.5779,25.5158,10,4.4,mb,32,99,1.384,0.51,us,us7000pbs0,2025-04-26T14:47:03.040Z,"17 km NE of Oía, Greece",earthquake,4.58,1.876,0.107,25,reviewed,us,us
2025-02-06T06:00:42.945Z,36.5965,25.6156,10,4.2,mb,24,102,1.432,0.85,us,us7000pdmp,2025-04-26T14:47:09.040Z,"25 km NE of Firá, Greece",earthquake,4.79,1.911,0.136,15,reviewed,us,us
2025-02-06T05:51:47.236Z,36.5889,25.5151,10,4.7,mb,91,38,1.394,0.9,us,us7000pbrr,2025-04-26T14:47:03.040Z,"18 km NE of Oía, Greece",earthquake,4.99,1.83,0.06,84,reviewed,us,us
2025-02-06T04:26:24.930Z,36.5911,25.7151,10,4,mb,30,78,1.463,0.76,us,us7000pdmj,2025-04-26T14:47:09.040Z,"31 km SSW of Amorgós, Greece",earthquake,4.89,1.936,0.195,7,reviewed,us,us
2025-02-06T04:08:18.419Z,36.5883,25.6528,10,4.1,mb,25,80,1.438,0.55,us,us7000pbr0,2025-04-26T14:47:03.040Z,"27 km NE of Firá, Greece",earthquake,5.83,1.919,0.104,25,reviewed,us,us
2025-02-06T03:42:53.895Z,36.5629,25.5747,10,4,mb,36,101,1.388,1.02,us,us7000pdmi,2025-04-26T14:47:09.040Z,"20 km NE of Firá, Greece",earthquake,5.12,1.94,0.157,11,reviewed,us,us
2025-02-06T03:36:40.836Z,36.5277,25.6116,10,4.4,mb,54,82,1.369,1.03,us,us7000pbqv,2025-04-26T14:47:03.040Z,"20 km NE of Firá, Greece",earthquake,5.59,1.512,0.075,52,reviewed,us,us
2025-02-06T03:33:51.787Z,36.5844,25.5382,10,4.4,mb,47,80,1.397,0.56,us,us7000pbqt,2025-04-26T14:47:03.040Z,"19 km NE of Oía, Greece",earthquake,4.77,1.697,0.085,40,reviewed,us,us
2025-02-06T03:32:17.025Z,36.6515,25.6017,10,4,mb,14,101,1.478,0.66,us,us7000pdm1,2025-04-26T14:47:09.040Z,"29 km NE of Oía, Greece",earthquake,6.22,1.95,0.173,9,reviewed,us,us
2025-02-06T03:28:55.347Z,36.5634,25.5821,10,4.3,mb,42,105,1.391,0.75,us,us7000pbqr,2025-04-26T14:47:03.040Z,"20 km NE of Firá, Greece",earthquake,5.42,1.898,0.084,40,reviewed,us,us
2025-02-06T03:23:38.285Z,36.575,25.326,10,4.4,mb,46,110,2.284,0.87,us,us7000pdm0,2025-04-26T14:47:09.040Z,"13 km NNW of Oía, Greece",earthquake,6.94,1.922,0.1,29,reviewed,us,us
2025-02-06T03:23:08.406Z,36.6338,25.5307,10,4.6,mb,71,58,1.44,0.7,us,us7000pbqp,2025-04-26T14:47:03.040Z,"23 km NE of Oía, Greece",earthquake,5.52,1.866,0.066,68,reviewed,us,us
2025-02-06T03:19:14.950Z,36.5165,25.5306,10,4.2,mb,29,81,1.332,0.98,us,us7000pbqw,2025-04-26T14:47:03.040Z,"13 km NE of Firá, Greece",earthquake,4.82,1.896,0.1,28,reviewed,us,us
2025-02-06T03:13:31.851Z,36.5405,25.6208,10,4,mb,18,107,1.384,0.88,us,us7000pdnw,2025-04-26T14:47:09.040Z,"21 km NE of Firá, Greece",earthquake,4.43,1.672,0.196,7,reviewed,us,us
2025-02-06T03:11:49.638Z,36.6169,25.4489,10,4,mb,25,96,1.402,0.87,us,us7000pbqn,2025-04-26T14:47:03.040Z,"18 km NNE of Oía, Greece",earthquake,5.1,1.935,0.143,13,reviewed,us,us
2025-02-06T03:06:03.788Z,36.584,25.6604,10,4.1,mb,22,77,1.437,0.87,us,us7000pdnv,2025-04-26T14:47:09.040Z,"27 km NE of Firá, Greece",earthquake,5.16,1.934,0.185,8,reviewed,us,us
2025-02-06T03:05:26.931Z,36.215,25.3845,10,4.1,mb,26,105,1.009,1.34,us,us7000pdlx,2025-04-26T14:47:09.040Z,"16 km SSW of Emporeío, Greece",earthquake,6.32,1.946,0.117,20,reviewed,us,us
2025-02-06T03:03:17.564Z,36.5249,25.5965,10,4.2,mb,32,103,1.361,1.24,us,us7000pdlt,2025-04-26T14:47:09.040Z,"18 km NE of Firá, Greece",earthquake,4.45,1.916,0.108,24,reviewed,us,us
2025-02-06T03:00:44.920Z,36.6435,25.5646,10,4.4,mb,31,51,1.459,0.91,us,us7000pdnr,2025-04-26T14:47:09.040Z,"26 km NE of Oía, Greece",earthquake,3.94,1.893,0.162,11,reviewed,us,us
2025-02-06T03:00:04.458Z,36.5506,25.5337,10,4.2,mb,37,58,1.364,0.83,us,us7000pbqj,2025-04-26T14:47:03.040Z,"17 km NNE of Firá, Greece",earthquake,4.35,1.911,0.084,40,reviewed,us,us
2025-02-06T02:56:57.176Z,36.6553,25.5847,10,4.3,mb,38,99,1.476,0.96,us,us7000pdlw,2025-04-26T14:47:09.040Z,"28 km ESE of Íos, Greece",earthquake,5.76,1.903,0.122,19,reviewed,us,us
2025-02-06T02:54:48.315Z,36.3625,25.6068,10,4.5,mb,46,108,1.22,0.99,us,us7000pdlv,2025-04-26T14:47:09.040Z,"14 km E of Emporeío, Greece",earthquake,5.42,1.883,0.091,35,reviewed,us,us
2025-02-06T02:54:21.080Z,36.4859,25.6259,10,4.5,mb,58,85,1.336,0.77,us,us7000pbqh,2025-04-26T14:47:02.040Z,"18 km ENE of Mesariá, Greece",earthquake,5.59,1.877,0.072,56,reviewed,us,us
2025-02-06T02:52:42.751Z,36.5855,25.6518,10,4.4,mb,47,80,1.435,1.03,us,us7000pbqf,2025-04-26T14:47:02.040Z,"26 km NE of Firá, Greece",earthquake,4.89,1.888,0.08,45,reviewed,us,us
2025-02-06T02:48:36.799Z,36.4844,25.6269,10,4.4,mb,50,58,1.335,0.7,us,us7000pbqe,2025-04-26T14:47:02.040Z,"18 km ENE of Mesariá, Greece",earthquake,4.34,1.895,0.079,47,reviewed,us,us
2025-02-06T02:45:53.538Z,36.5891,25.6876,10,4.3,mb,46,58,1.451,0.55,us,us7000pbqd,2025-04-26T14:47:02.040Z,"29 km NE of Firá, Greece",earthquake,4.88,1.892,0.082,42,reviewed,us,us
2025-02-06T02:27:27.716Z,36.5214,25.6357,10,4.3,mb,48,58,1.372,0.67,us,us7000pbq9,2025-04-26T14:47:02.040Z,"21 km ENE of Firá, Greece",earthquake,5.61,1.898,0.08,45,reviewed,us,us
2025-02-06T02:24:23.155Z,36.6312,25.6651,10,4.5,mb,75,58,1.481,0.91,us,us7000pbq8,2025-04-26T14:47:02.040Z,"30 km SW of Amorgós, Greece",earthquake,5.23,1.852,0.065,70,reviewed,us,us
2025-02-06T02:02:10.914Z,36.6944,25.6693,10,4.2,mb,52,58,1.539,0.83,us,us7000pbq6,2025-04-26T14:47:02.040Z,"25 km SW of Amorgós, Greece",earthquake,4.37,1.871,0.076,48,reviewed,us,us
2025-02-06T01:41:05.492Z,36.6184,25.7369,10,4.1,mb,32,106,1.495,0.64,us,us7000pbq5,2025-04-26T14:47:02.040Z,"27 km SSW of Amorgós, Greece",earthquake,4.42,1.798,0.098,28,reviewed,us,us
2025-02-05T23:16:41.361Z,36.6105,25.6483,10,4.2,mb,53,58,1.456,0.61,us,us7000pbpa,2025-04-26T14:47:02.040Z,"28 km NE of Firá, Greece",earthquake,4.29,1.868,0.08,44,reviewed,us,us
2025-02-05T22:59:23.744Z,36.4914,25.7564,10,4.1,mb,34,113,1.392,0.77,us,us7000pbp4,2025-04-26T14:47:02.040Z,"29 km ENE of Mesariá, Greece",earthquake,5.69,1.895,0.096,30,reviewed,us,us
2025-02-05T22:57:45.590Z,36.6378,25.6473,10,4.2,mb,50,58,1.481,0.56,us,us7000pbp3,2025-04-26T14:47:02.040Z,"30 km NE of Firá, Greece",earthquake,4.26,1.87,0.079,45,reviewed,us,us
2025-02-05T22:33:27.540Z,36.6464,25.7297,10,4.1,mb,34,105,1.517,0.8,us,us7000pdgd,2025-04-26T14:47:09.040Z,"25 km SW of Amorgós, Greece",earthquake,4.93,1.902,0.105,25,reviewed,us,us
2025-02-05T21:05:00.010Z,36.6622,25.6841,10,4.1,mb,27,100,1.515,0.66,us,us7000pdg8,2025-04-26T14:47:09.040Z,"26 km SW of Amorgós, Greece",earthquake,4.41,1.923,0.146,13,reviewed,us,us
2025-02-05T19:09:38.388Z,36.6148,25.6436,10,5.1,mww,132,47,1.458,1,us,us7000pbmp,2025-04-26T14:47:02.040Z,"28 km NE of Firá, Greece",earthquake,4.89,1.817,0.042,54,reviewed,us,us
2025-02-05T19:00:47.706Z,36.5671,25.655,10,4.4,mb,93,51,1.419,0.96,us,us7000pbml,2025-04-26T14:47:02.040Z,"25 km NE of Firá, Greece",earthquake,5.11,1.85,0.072,55,reviewed,us,us
2025-02-05T17:47:26.249Z,36.5406,25.6733,10,4.8,mww,104,78,1.402,0.74,us,us7000pbln,2025-04-26T14:47:02.040Z,"25 km ENE of Firá, Greece",earthquake,5.59,1.858,0.06,27,reviewed,us,us
2025-02-05T17:45:51.503Z,36.6374,25.742,10,4.1,mb,21,78,1.514,1.05,us,us7000pdfz,2025-04-26T14:47:08.040Z,"25 km SSW of Amorgós, Greece",earthquake,5.82,1.958,0.301,3,reviewed,us,us
2025-02-05T16:24:08.395Z,36.5719,25.6947,10,4.1,mb,33,78,1.438,1.25,us,us7000pdfs,2025-04-26T14:47:08.040Z,"28 km NE of Firá, Greece",earthquake,4.83,1.923,0.184,8,reviewed,us,us
2025-02-05T16:18:41.985Z,36.5349,25.742,10,4.2,mb,43,107,1.424,1.08,us,us7000pbkv,2025-04-26T14:47:02.040Z,"30 km ENE of Mesariá, Greece",earthquake,6,1.875,0.096,30,reviewed,us,us
2025-02-05T16:16:42.158Z,36.5564,25.6616,10,4.3,mb,25,104,1.412,0.91,us,us7000pdgj,2025-04-26T14:47:09.040Z,"25 km NE of Firá, Greece",earthquake,4.97,1.913,0.201,7,reviewed,us,us
2025-02-05T15:58:48.386Z,36.5793,25.7486,10,4.2,mb,41,79,1.465,1,us,us7000pdfp,2025-04-26T14:47:08.040Z,"31 km SSW of Amorgós, Greece",earthquake,3.27,1.925,0.136,15,reviewed,us,us
2025-02-05T14:49:33.996Z,36.6834,25.407,10,4.2,mb,52,73,1.454,0.41,us,us7000pdg0,2025-04-26T14:47:08.040Z,"12 km ESE of Íos, Greece",earthquake,5.39,1.902,0.106,25,reviewed,us,us
2025-02-05T14:33:19.791Z,36.6166,25.7299,9.395,4.1,mb,41,77,1.491,0.55,us,us7000pdfh,2025-04-26T14:47:08.040Z,"28 km SSW of Amorgós, Greece",earthquake,5.21,4.512,0.131,16,reviewed,us,us
2025-02-05T13:55:06.512Z,36.5576,25.931,10,4.1,mb,39,56,1.523,0.53,us,us7000pdfe,2025-04-26T14:47:08.040Z,"30 km S of Amorgós, Greece",earthquake,5.2,1.77,0.123,18,reviewed,us,us
2025-02-05T13:09:09.158Z,36.5721,25.7398,10,4.2,mb,31,106,1.455,0.61,us,us7000pdfq,2025-04-26T14:47:08.040Z,"32 km SSW of Amorgós, Greece",earthquake,5.06,1.896,0.166,10,reviewed,us,us
2025-02-05T12:14:31.251Z,36.4972,25.7925,10,4.3,mb,22,109,1.412,0.54,us,us7000pdfb,2025-04-26T14:47:08.040Z,"32 km ENE of Mesariá, Greece",earthquake,5.36,1.929,0.154,12,reviewed,us,us
2025-02-05T12:09:36.056Z,36.6351,25.7018,10,4.3,mb,33,84,1.497,0.87,us,us7000pdfa,2025-04-26T14:47:08.040Z,"28 km SW of Amorgós, Greece",earthquake,5.36,1.898,0.142,14,reviewed,us,us
2025-02-05T11:52:32.550Z,36.504,25.6371,10,4.3,mb,29,105,1.357,0.74,us,us7000pbj8,2025-04-26T14:47:02.040Z,"20 km NE of Mesariá, Greece",earthquake,4.99,1.46,0.111,23,reviewed,us,us
2025-02-05T11:50:38.676Z,36.5056,25.6042,10,4.1,mb,20,117,1.346,0.55,us,us7000pdf9,2025-04-26T14:47:08.040Z,"18 km ENE of Firá, Greece",earthquake,6.8,1.927,0.174,9,reviewed,us,us
2025-02-05T11:40:24.195Z,36.6669,25.6653,10,4.4,mb,32,77,1.513,0.74,us,us7000pdfl,2025-04-26T14:47:08.040Z,"27 km SW of Amorgós, Greece",earthquake,4.95,1.413,0.123,19,reviewed,us,us
2025-02-05T11:33:48.303Z,36.6717,25.6831,10,4.5,mwr,101,58,1.523,0.58,us,us7000pbj0,2025-04-26T14:47:02.040Z,"26 km SW of Amorgós, Greece",earthquake,3.98,1.857,0.073,18,reviewed,us,us
2025-02-05T11:26:05.218Z,36.3957,25.5448,10,4.6,mb,50,111,1.227,0.63,us,us7000pdfj,2025-04-26T14:47:08.040Z,"8 km E of Mesariá, Greece",earthquake,5.68,1.891,0.079,48,reviewed,us,us
2025-02-05T11:25:34.311Z,36.6658,25.5378,10,4.4,mb,38,99,1.472,0.39,us,us7000pdfi,2025-04-26T14:47:08.040Z,"23 km ESE of Íos, Greece",earthquake,5.32,1.243,0.108,25,reviewed,us,us
2025-02-05T11:24:03.684Z,36.4636,25.6653,10,4.3,mb,39,112,1.331,0.62,us,us7000pdf5,2025-04-26T14:47:08.040Z,"20 km ENE of Mesariá, Greece",earthquake,5.74,1.91,0.094,32,reviewed,us,us
2025-02-05T11:21:41.679Z,36.5635,25.5224,10,4.4,mb,33,68,1.372,0.67,us,us7000pdfx,2025-04-26T14:47:08.040Z,"17 km NE of Oía, Greece",earthquake,5.53,1.889,0.109,24,reviewed,us,us
2025-02-05T11:17:26.723Z,36.554,25.5345,10,4.7,mb,63,104,1.367,0.75,us,us7000pbiu,2025-04-26T14:47:02.040Z,"17 km NE of Oía, Greece",earthquake,5.69,1.895,0.073,57,reviewed,us,us
2025-02-05T11:16:06.200Z,36.4851,25.7023,10,4.3,mb,27,107,1.365,0.89,us,us7000pdfu,2025-04-26T14:47:08.040Z,"24 km ENE of Mesariá, Greece",earthquake,5.81,1.919,0.133,16,reviewed,us,us
2025-02-05T11:13:42.954Z,36.5331,25.7297,10,4.5,mb,38,106,1.417,0.69,us,us7000pdf3,2025-04-26T14:47:08.040Z,"29 km ENE of Mesariá, Greece",earthquake,5.78,1.911,0.113,23,reviewed,us,us
2025-02-05T11:10:57.322Z,36.6477,25.6137,10,4.6,mb,39,102,1.478,0.8,us,us7000pdgq,2025-04-26T14:47:09.040Z,"29 km NE of Oía, Greece",earthquake,5.61,1.223,0.105,27,reviewed,us,us
2025-02-05T11:10:24.486Z,36.6906,25.653,10,4.8,mb,55,77,1.53,0.54,us,us7000pdft,2025-04-26T14:47:08.040Z,"26 km SW of Amorgós, Greece",earthquake,4.98,1.778,0.084,44,reviewed,us,us
2025-02-05T11:08:58.419Z,36.7322,25.5811,10,4.7,mww,129,58,1.546,0.59,us,us7000pbir,2025-04-26T14:47:02.040Z,"26 km E of Íos, Greece",earthquake,5.17,1.226,0.093,11,reviewed,us,us
2025-02-05T11:03:44.610Z,36.5823,25.6876,10,4.2,mb,37,104,1.445,0.94,us,us7000pdf6,2025-04-26T14:47:08.040Z,"29 km NE of Firá, Greece",earthquake,4.92,1.858,0.099,28,reviewed,us,us
2025-02-05T11:02:23.747Z,36.8936,25.7032,10,4.1,mb,30,73,1.732,0.86,us,us7000pdf4,2025-04-26T14:47:08.040Z,"18 km WNW of Amorgós, Greece",earthquake,3.83,1.945,0.158,11,reviewed,us,us
2025-02-05T10:59:31.095Z,36.4131,25.7491,10,4.4,mb,16,116,1.322,0.55,us,us7000pdf2,2025-04-26T14:47:08.040Z,"27 km E of Mesariá, Greece",earthquake,5.63,1.885,0.17,10,reviewed,us,us
2025-02-05T10:47:45.803Z,36.4647,25.7601,10,4.2,mb,32,82,1.371,0.72,us,us7000pdf0,2025-04-26T14:47:08.040Z,"28 km ENE of Mesariá, Greece",earthquake,5.36,1.896,0.166,10,reviewed,us,us
2025-02-05T10:35:08.773Z,36.6007,25.6274,10,4.8,mb,150,58,1.44,0.69,us,us7000pbig,2025-04-26T14:47:02.040Z,"26 km NE of Firá, Greece",earthquake,2.8,1.844,0.047,142,reviewed,us,us
2025-02-05T09:00:54.734Z,36.531,25.6446,10,4.2,mb,22,108,1.383,0.91,us,us7000pdew,2025-04-26T14:47:08.040Z,"22 km ENE of Firá, Greece",earthquake,5.84,1.923,0.158,11,reviewed,us,us
2025-02-05T07:41:03.856Z,36.5662,25.8549,10,4,mb,21,111,1.497,1.06,us,us7000pdev,2025-04-26T14:47:08.040Z,"29 km S of Amorgós, Greece",earthquake,5.07,1.93,0.184,8,reviewed,us,us
2025-02-05T06:55:35.568Z,36.5893,25.87,10,4.4,mb,24,110,1.523,0.77,us,us7000pbfc,2025-04-26T14:47:02.040Z,"27 km S of Amorgós, Greece",earthquake,5.84,1.896,0.178,9,reviewed,us,us
2025-02-05T02:28:27.151Z,36.5615,25.531,10,4,mb,35,80,1.373,0.91,us,us7000pdeq,2025-04-26T14:47:08.040Z,"17 km NE of Oía, Greece",earthquake,3.15,1.809,0.122,18,reviewed,us,us
2025-02-05T02:21:04.347Z,36.674,25.5159,10,4.4,mb,53,71,1.473,0.65,us,us7000pbdi,2025-04-26T14:47:01.040Z,"21 km ESE of Íos, Greece",earthquake,5.11,1.915,0.081,44,reviewed,us,us
2025-02-05T02:18:14.588Z,36.6282,25.5945,10,4,mb,15,102,1.454,0.97,us,us7000pdek,2025-04-26T14:47:08.040Z,"26 km NE of Oía, Greece",earthquake,6.5,1.934,0.149,12,reviewed,us,us
2025-02-05T02:16:43.827Z,36.6133,25.6747,10,4.1,mb,25,105,1.468,0.92,us,us7000pbdh,2025-04-26T14:47:01.040Z,"30 km NE of Firá, Greece",earthquake,5.55,1.918,0.111,22,reviewed,us,us
2025-02-05T01:55:24.078Z,36.4659,25.6444,10,4.1,mb,25,111,1.326,1.13,us,us7000pdej,2025-04-26T14:47:08.040Z,"19 km ENE of Mesariá, Greece",earthquake,3.5,1.892,0.123,18,reviewed,us,us
2025-02-05T00:36:05.668Z,36.6555,25.5397,10,4.1,mb,31,67,1.463,0.72,us,us7000pdeg,2025-04-26T14:47:08.040Z,"24 km ESE of Íos, Greece",earthquake,2.94,1.852,0.107,24,reviewed,us,us
2025-02-04T23:57:06.349Z,36.5936,25.5745,10,4.2,mb,27,74,1.416,0.94,us,us7000pd6t,2025-04-15T20:55:35.040Z,"22 km NE of Oía, Greece",earthquake,5.59,1.848,0.186,8,reviewed,us,us
2025-02-04T23:53:18.289Z,36.6691,25.5983,10,4.2,mb,20,86,1.493,0.42,us,us7000pd79,2025-04-15T20:55:35.040Z,"28 km ESE of Íos, Greece",earthquake,4.58,1.936,0.305,3,reviewed,us,us
2025-02-04T23:50:47.883Z,35.729,25.4878,59.346,4.2,mb,15,147,0.657,0.96,us,us7000pd6s,2025-04-15T20:55:35.040Z,"45 km N of Limín Khersonísou, Greece",earthquake,10.18,15.631,0.153,12,reviewed,us,us
2025-02-04T21:11:41.258Z,36.4941,25.6559,10,4,mb,29,79,1.355,0.75,us,us7000pd6i,2025-04-15T20:55:35.040Z,"21 km ENE of Mesariá, Greece",earthquake,5.95,1.869,0.173,9,reviewed,us,us
2025-02-04T20:40:59.032Z,36.5869,25.723,10,4.4,mb,73,80,1.462,0.77,us,us7000pbbk,2025-04-15T20:55:32.040Z,"31 km SSW of Amorgós, Greece",earthquake,7.72,1.871,0.071,57,reviewed,us,us
2025-02-04T20:18:22.131Z,36.498,25.6297,10,4.2,mb,40,58,1.349,0.96,us,us7000pbbi,2025-04-15T20:55:32.040Z,"19 km NE of Mesariá, Greece",earthquake,6.32,1.9,0.095,31,reviewed,us,us
2025-02-04T20:06:54.717Z,36.5433,25.7047,10,4.5,mb,36,79,1.417,0.7,us,us7000pd76,2025-04-15T20:55:35.040Z,"28 km NE of Mesariá, Greece",earthquake,5.69,1.688,0.115,22,reviewed,us,us
2025-02-04T20:05:38.293Z,36.4771,25.7281,10,4.5,mb,32,81,1.368,0.68,us,us7000pd6f,2025-04-15T20:55:35.040Z,"26 km ENE of Mesariá, Greece",earthquake,4.85,1.438,0.15,13,reviewed,us,us
2025-02-04T20:03:11.393Z,36.5267,25.4495,10,4.2,mb,19,102,1.317,0.86,us,us7000pd74,2025-04-15T20:55:35.040Z,"9 km NE of Oía, Greece",earthquake,3.7,1.952,0.186,8,reviewed,us,us
2025-02-04T20:00:23.415Z,36.5665,25.5654,10,4.7,mww,73,58,1.389,1.04,us,us7000pbba,2025-04-15T20:55:32.040Z,"20 km NE of Firá, Greece",earthquake,5.52,1.83,0.063,24,reviewed,us,us
2025-02-04T19:54:22.998Z,36.5564,25.6016,10,4.1,mb,18,105,1.391,0.89,us,us7000pd6e,2025-04-15T20:55:35.040Z,"21 km NE of Firá, Greece",earthquake,5.29,1.937,0.213,6,reviewed,us,us
2025-02-04T19:52:04.150Z,36.5337,25.6148,10,4.3,mb,85,77,1.375,1.01,us,us7000pbb9,2025-04-15T20:55:32.040Z,"20 km NE of Firá, Greece",earthquake,6.42,1.863,0.077,48,reviewed,us,us
2025-02-04T19:50:33.507Z,36.6084,25.6763,10,4.4,mb,53,84,1.464,1.03,us,us7000pbb8,2025-04-15T20:55:32.040Z,"30 km NE of Firá, Greece",earthquake,5.25,1.862,0.086,39,reviewed,us,us
2025-02-04T19:03:39.600Z,36.5581,25.6069,10,4.1,mb,41,85,1.395,0.83,us,us7000pbar,2025-04-15T20:55:32.040Z,"21 km NE of Firá, Greece",earthquake,5.44,1.894,0.126,17,reviewed,us,us
2025-02-04T17:22:56.494Z,36.6327,25.4813,10,4.4,mb,30,82,1.425,0.74,us,us7000pd66,2025-04-15T20:55:35.040Z,"20 km ESE of Íos, Greece",earthquake,5.54,1.903,0.161,11,reviewed,us,us
2025-02-04T17:10:52.053Z,36.6039,25.6079,10,4.5,mww,116,33,1.437,1.09,us,us7000pba3,2025-04-15T20:55:32.040Z,"25 km NE of Firá, Greece",earthquake,3.33,1.805,0.075,17,reviewed,us,us
2025-02-04T14:03:46.661Z,36.5349,25.7426,13.041,4.1,mb,23,78,1.424,1.12,us,us7000pd5t,2025-04-15T20:55:34.040Z,"30 km ENE of Mesariá, Greece",earthquake,4.08,4.389,0.175,10,reviewed,us,us
2025-02-04T13:52:31.403Z,36.6202,25.655,10,4,mb,45,89,1.467,0.91,us,us7000pd5s,2025-04-15T20:55:34.040Z,"29 km NE of Firá, Greece",earthquake,4.11,1.877,0.113,21,reviewed,us,us
2025-02-04T13:04:14.561Z,36.5558,25.6022,13.546,5.3,mww,193,36,1.391,0.55,us,us7000pb82,2025-04-15T20:55:32.040Z,"21 km NE of Firá, Greece",earthquake,4.34,3.396,0.048,41,reviewed,us,us
2025-02-04T12:59:38.080Z,36.626,25.7153,10,4.2,mb,39,104,1.494,0.65,us,us7000pb81,2025-04-15T20:55:32.040Z,"28 km SW of Amorgós, Greece",earthquake,4.13,1.904,0.128,17,reviewed,us,us
2025-02-04T12:50:20.249Z,36.6392,25.6531,11.646,4.4,mb,96,62,1.484,0.51,us,us7000pb7z,2025-04-15T20:55:32.040Z,"30 km SW of Amorgós, Greece",earthquake,4.25,3.833,0.067,65,reviewed,us,us
2025-02-04T12:36:50.370Z,36.4896,25.5615,11.576,4.6,mww,113,58,1.317,0.52,us,us7000pb7w,2025-04-15T20:55:31.040Z,"13 km ENE of Firá, Greece",earthquake,5.02,3.931,0.073,18,reviewed,us,us
2025-02-04T12:15:00.419Z,36.5904,25.646,10,4.3,mb,32,80,1.437,0.47,us,us7000pd5m,2025-04-15T20:55:34.040Z,"26 km NE of Firá, Greece",earthquake,5.1,1.872,0.133,16,reviewed,us,us
2025-02-04T12:04:43.855Z,36.6497,25.6013,10,4.2,mb,43,101,1.476,0.55,us,us7000pd5k,2025-04-15T20:55:34.040Z,"28 km NE of Oía, Greece",earthquake,4.94,1.834,0.1,28,reviewed,us,us
2025-02-04T10:35:48.041Z,36.6934,25.6689,9.479,4.3,mb,50,101,1.538,0.41,us,us7000pb7n,2025-04-15T20:55:31.040Z,"25 km SW of Amorgós, Greece",earthquake,4.66,4.096,0.106,25,reviewed,us,us
2025-02-04T09:23:29.689Z,36.5768,25.5841,10,4.3,mb,44,75,1.404,0.75,us,us7000pd5c,2025-04-15T20:55:34.040Z,"22 km NE of Firá, Greece",earthquake,3.43,1.889,0.13,17,reviewed,us,us
2025-02-04T09:09:30.439Z,36.6246,25.6672,11.58,4.7,mww,170,58,1.475,0.51,us,us7000pb7g,2025-04-15T20:55:31.040Z,"30 km SW of Amorgós, Greece",earthquake,5.79,3.819,0.068,21,reviewed,us,us
2025-02-04T09:03:18.906Z,36.5729,25.7204,7.822,4.6,mb,115,68,1.449,0.58,us,us7000pb7d,2025-04-15T20:55:31.040Z,"30 km ENE of Firá, Greece",earthquake,4.17,4.127,0.06,81,reviewed,us,us
2025-02-04T08:55:26.728Z,36.5417,25.6129,10,4.6,mb,40,86,1.382,0.78,us,us7000pb7a,2025-04-15T20:55:31.040Z,"21 km NE of Firá, Greece",earthquake,4.78,1.72,0.094,34,reviewed,us,us
2025-02-04T08:15:44.825Z,36.5492,25.6635,10,4.4,mb,29,107,1.407,1.3,us,us7000pb74,2025-04-15T20:55:31.040Z,"25 km NE of Firá, Greece",earthquake,5.7,1.898,0.139,15,reviewed,us,us
2025-02-04T06:56:24.336Z,36.5615,25.5654,10,4.1,mb,27,104,1.384,1.2,us,us7000pd53,2025-04-15T20:55:34.040Z,"19 km NE of Firá, Greece",earthquake,5.57,1.92,0.185,8,reviewed,us,us
2025-02-04T06:53:24.857Z,36.5853,25.6551,10,4.6,mb,111,51,1.436,1.16,us,us7000pb6g,2025-04-15T20:55:31.040Z,"27 km NE of Firá, Greece",earthquake,3.04,1.818,0.059,86,reviewed,us,us
2025-02-04T06:37:57.560Z,36.403,25.6746,10,4.1,mb,22,115,1.282,1.14,us,us7000pd5j,2025-04-15T20:55:34.040Z,"20 km E of Mesariá, Greece",earthquake,4.22,1.918,0.165,10,reviewed,us,us
2025-02-04T06:09:11.943Z,36.5899,25.6465,10,4.7,mww,104,51,1.437,1.08,us,us7000pb69,2025-04-15T20:55:31.040Z,"26 km NE of Firá, Greece",earthquake,5.34,1.836,0.061,26,reviewed,us,us
2025-02-04T05:30:56.977Z,36.5427,25.5369,10,4.1,mb,26,80,1.358,1.19,us,us7000pd5d,2025-04-15T20:55:34.040Z,"16 km NE of Firá, Greece",earthquake,3.48,1.925,0.184,8,reviewed,us,us
2025-02-04T05:07:14.083Z,36.5833,25.5695,10,4.2,mb,26,103,1.405,0.89,us,us7000pd51,2025-04-15T20:55:34.040Z,"21 km NE of Firá, Greece",earthquake,4.29,1.911,0.159,12,reviewed,us,us
2025-02-04T03:03:51.958Z,36.5662,25.6764,10,4.2,mb,39,80,1.426,0.88,us,us7000pb5l,2025-04-15T20:55:31.040Z,"27 km NE of Firá, Greece",earthquake,4.3,1.683,0.093,32,reviewed,us,us
2025-02-04T02:48:16.318Z,36.5655,25.6209,10,4.4,mb,28,106,1.406,0.84,us,us7000pd7b,2025-04-15T20:55:35.040Z,"23 km NE of Firá, Greece",earthquake,4.38,1.535,0.134,16,reviewed,us,us
2025-02-04T02:46:06.502Z,36.6511,25.6623,10,5,mww,195,54,1.498,0.62,us,us7000pb5h,2025-04-15T20:55:31.040Z,"29 km SW of Amorgós, Greece",earthquake,5.55,1.802,0.062,25,reviewed,us,us
2025-02-04T01:19:36.938Z,36.5487,25.5124,10,4.1,mb,37,58,1.356,0.53,us,us7000pb5a,2025-04-15T20:55:31.040Z,"15 km NE of Oía, Greece",earthquake,5.19,1.795,0.093,32,reviewed,us,us
2025-02-03T23:17:33.123Z,36.3743,25.5958,10,4.1,mb,37,80,1.226,0.53,us,us7000pcyp,2025-04-15T20:55:34.040Z,"13 km ESE of Mesariá, Greece",earthquake,5.32,1.909,0.165,10,reviewed,us,us
2025-02-03T21:23:08.202Z,36.4969,25.6954,10,4.1,mb,23,80,1.372,0.56,us,us7000pcyj,2025-04-15T20:55:34.040Z,"24 km ENE of Mesariá, Greece",earthquake,4.85,1.928,0.262,4,reviewed,us,us
2025-02-03T20:39:14.773Z,36.6643,25.6754,10,4.6,mww,84,58,1.514,0.61,us,us7000pb37,2025-04-15T20:55:31.040Z,"27 km SW of Amorgós, Greece",earthquake,5.33,1.858,0.062,25,reviewed,us,us
2025-02-03T20:28:13.127Z,36.6601,25.5204,10,4.2,mb,50,78,1.462,0.46,us,us7000pcyg,2025-04-15T20:55:34.040Z,"22 km ESE of Íos, Greece",earthquake,3.15,1.896,0.103,29,reviewed,us,us
2025-02-03T20:23:53.566Z,36.5831,25.7287,10,4.3,mb,29,107,1.461,0.59,us,us7000pczb,2025-04-15T20:55:34.040Z,"31 km SSW of Amorgós, Greece",earthquake,4.97,1.928,0.147,13,reviewed,us,us
2025-02-03T20:19:39.012Z,36.5365,25.6279,10,4.9,mww,78,58,1.382,0.77,us,us7000pb33,2025-04-15T20:55:31.040Z,"21 km NE of Firá, Greece",earthquake,4.3,1.208,0.052,36,reviewed,us,us
2025-02-03T17:44:59.393Z,36.5473,25.6076,10,4.7,mww,69,60,1.385,1.01,us,us7000pb28,2025-04-15T20:55:30.040Z,"21 km NE of Firá, Greece",earthquake,4.12,1.845,0.059,28,reviewed,us,us
2025-02-03T15:19:05.096Z,36.5015,25.8113,10,4.4,mb,27,70,1.423,1.16,us,us7000pcye,2025-04-15T20:55:34.040Z,"34 km ENE of Mesariá, Greece",earthquake,5.79,1.9,0.162,11,reviewed,us,us
2025-02-03T13:52:50.341Z,36.5658,25.6603,10,4.1,mb,36,80,1.42,0.85,us,us7000pb0n,2025-04-15T20:55:30.040Z,"26 km NE of Firá, Greece",earthquake,6.3,1.818,0.103,26,reviewed,us,us
2025-02-03T13:05:04.508Z,36.6377,25.566,10,4.5,mb,60,58,1.454,0.87,us,us7000pb0j,2025-04-15T20:55:30.040Z,"25 km NE of Oía, Greece",earthquake,4.75,1.858,0.075,52,reviewed,us,us
2025-02-03T12:38:48.270Z,36.6579,25.6902,10,4.2,mb,25,78,1.513,0.95,us,us7000pcxs,2025-04-15T20:55:34.040Z,"26 km SW of Amorgós, Greece",earthquake,5.47,1.885,0.152,14,reviewed,us,us
2025-02-03T12:37:14.836Z,36.5141,25.74,10,4,mb,25,80,1.405,1.04,us,us7000pcxr,2025-04-15T20:55:34.040Z,"29 km ENE of Mesariá, Greece",earthquake,2.56,1.944,0.233,6,reviewed,us,us
2025-02-03T12:31:54.365Z,36.6,25.6448,10,4.1,mb,30,102,1.445,1.13,us,us7000pcxq,2025-04-15T20:55:34.040Z,"27 km NE of Firá, Greece",earthquake,4.72,1.918,0.174,10,reviewed,us,us
2025-02-03T12:17:40.723Z,36.6164,25.6564,10,4.9,mww,75,58,1.464,0.81,us,us7000pb0e,2025-04-15T20:55:30.040Z,"29 km NE of Firá, Greece",earthquake,4.84,1.828,0.047,43,reviewed,us,us
2025-02-03T12:10:07.926Z,36.6113,25.6845,10,4.3,mb,35,105,1.47,0.97,us,us7000pb0d,2025-04-15T20:55:30.040Z,"31 km NE of Firá, Greece",earthquake,5.37,1.908,0.087,38,reviewed,us,us
2025-02-03T11:50:48.678Z,36.6886,25.6302,10,4.6,mww,70,58,1.521,1.02,us,us7000pb0b,2025-04-15T20:55:30.040Z,"28 km WSW of Amorgós, Greece",earthquake,5.49,1.865,0.08,15,reviewed,us,us
2025-02-03T11:44:05.442Z,36.6773,25.6891,10,4.2,mb,23,102,1.53,1.33,us,us7000pcxi,2025-04-15T20:55:34.040Z,"25 km SW of Amorgós, Greece",earthquake,5.43,1.928,0.175,9,reviewed,us,us
2025-02-03T11:21:00.070Z,36.6848,25.6611,10,4.4,mb,52,77,1.528,0.82,us,us7000pb05,2025-04-15T20:55:30.040Z,"26 km SW of Amorgós, Greece",earthquake,5.56,1.86,0.078,47,reviewed,us,us
2025-02-03T10:36:08.485Z,36.4411,25.628,10,4.1,mb,37,106,1.298,0.9,us,us7000pcxc,2025-04-15T20:55:34.040Z,"16 km ENE of Mesariá, Greece",earthquake,5.73,1.898,0.14,14,reviewed,us,us
2025-02-03T09:48:58.505Z,36.6194,25.6796,10,4.3,mb,25,79,1.475,0.73,us,us7000pcxu,2025-04-15T20:55:34.040Z,"30 km SW of Amorgós, Greece",earthquake,5.24,1.835,0.16,13,reviewed,us,us
2025-02-03T09:29:43.117Z,36.5701,25.628,10,4.9,mww,68,83,1.413,0.88,us,us7000pazp,2025-04-15T20:55:30.040Z,"24 km NE of Firá, Greece",earthquake,4.12,1.786,0.046,45,reviewed,us,us
2025-02-03T09:27:17.715Z,36.489,25.5688,10,4.1,mb,34,83,1.319,1.32,us,us7000pcx8,2025-04-15T20:55:34.040Z,"14 km ENE of Firá, Greece",earthquake,4.99,1.903,0.114,21,reviewed,us,us
2025-02-03T08:56:52.421Z,36.4216,25.7353,10.153,4.4,mb,56,110,1.323,0.41,us,us7000pazm,2025-04-15T20:55:30.040Z,"25 km E of Mesariá, Greece",earthquake,4.31,4.325,0.095,32,reviewed,us,us
2025-02-03T08:52:43.292Z,36.5281,25.6399,10,4.1,mb,42,77,1.379,0.39,us,us7000pcx6,2025-04-15T20:55:34.040Z,"22 km ENE of Firá, Greece",earthquake,4.06,1.867,0.117,20,reviewed,us,us
2025-02-03T08:26:28.762Z,36.6341,25.669,10,4.9,mww,214,58,1.485,0.45,us,us7000pazi,2025-04-15T20:55:29.040Z,"30 km SW of Amorgós, Greece",earthquake,4.5,1.814,0.066,22,reviewed,us,us
2025-02-03T08:17:23.365Z,36.5225,25.7889,10,4.4,mb,23,116,1.432,0.38,us,us7000pcx5,2025-04-15T20:55:34.040Z,"33 km ENE of Mesariá, Greece",earthquake,5.79,1.906,0.17,10,reviewed,us,us
2025-02-03T08:13:08.237Z,36.6296,25.693,9.506,5,mww,133,58,1.489,0.45,us,us7000paze,2025-04-15T20:55:29.040Z,"28 km SW of Amorgós, Greece",earthquake,4.41,4.037,0.103,9,reviewed,us,us
2025-02-03T08:10:15.874Z,36.6711,25.6052,8.236,4.5,mb,106,58,1.497,0.58,us,us7000pazc,2025-04-15T20:55:29.040Z,"29 km ESE of Íos, Greece",earthquake,4.55,4.074,0.062,75,reviewed,us,us
2025-02-03T08:06:30.580Z,36.553,25.6585,10,4.3,mb,39,104,1.408,0.46,us,us7000pcxx,2025-04-15T20:55:34.040Z,"25 km NE of Firá, Greece",earthquake,5.08,1.89,0.148,13,reviewed,us,us
2025-02-03T08:05:34.509Z,36.546,25.6381,6.724,4.3,mb,65,75,1.395,0.61,us,us7000pazb,2025-04-15T20:55:29.040Z,"23 km NE of Firá, Greece",earthquake,4.14,4.273,0.089,36,reviewed,us,us
2025-02-03T08:01:04.735Z,39.1246,24.1159,10,4.6,mwr,74,46,1.592,0.7,us,us7000paz5,2025-04-15T20:55:29.040Z,"21 km E of Patitírion, Greece",earthquake,4.73,1.843,0.078,16,reviewed,us,us
2025-02-03T07:59:01.004Z,36.3514,25.6458,10,4.5,mb,80,33,1.226,0.55,us,us7000paz6,2025-04-15T20:55:29.040Z,"17 km E of Emporeío, Greece",earthquake,4.88,1.851,0.06,81,reviewed,us,us
2025-02-03T07:50:53.529Z,36.2377,25.6352,10,4.5,mb,35,113,1.125,0.53,us,us7000pcx4,2025-04-15T20:55:34.040Z,"21 km SE of Emporeío, Greece",earthquake,4.81,1.871,0.131,17,reviewed,us,us
2025-02-03T07:49:21.327Z,36.5093,25.6791,10,4.1,mb,42,106,1.377,0.59,us,us7000pcx3,2025-04-15T20:55:34.040Z,"24 km ENE of Mesariá, Greece",earthquake,4.79,1.887,0.117,21,reviewed,us,us
2025-02-03T07:45:05.185Z,36.4397,25.7803,8.702,4.4,mb,59,84,1.358,0.37,us,us7000paz0,2025-04-15T20:55:29.040Z,"30 km E of Mesariá, Greece",earthquake,4.43,4.129,0.091,35,reviewed,us,us
2025-02-03T07:42:46.030Z,36.5756,25.5483,9.072,4.4,mb,72,84,1.392,0.45,us,us7000payz,2025-04-15T20:55:29.040Z,"19 km NE of Oía, Greece",earthquake,4.4,3.718,0.078,47,reviewed,us,us
2025-02-03T07:36:22.933Z,36.5349,25.6412,9.299,4.3,mb,69,84,1.386,0.5,us,us7000payw,2025-04-15T20:55:29.040Z,"22 km NE of Firá, Greece",earthquake,4.04,4.168,0.085,39,reviewed,us,us
2025-02-03T07:09:04.633Z,36.5057,25.6521,12.083,4.2,mb,60,105,1.364,0.55,us,us7000payl,2025-04-15T20:55:29.040Z,"21 km ENE of Mesariá, Greece",earthquake,5.37,4.198,0.089,35,reviewed,us,us
2025-02-03T05:48:25.485Z,36.5757,25.5858,11.379,4.3,mb,42,101,1.404,0.42,us,us7000payb,2025-04-15T20:55:29.040Z,"22 km NE of Firá, Greece",earthquake,4.68,4.076,0.111,23,reviewed,us,us
2025-02-03T05:35:22.558Z,36.5653,25.5865,10,4.5,mb,51,78,1.394,0.39,us,us7000pcww,2025-04-15T20:55:34.040Z,"21 km NE of Firá, Greece",earthquake,3.75,1.479,0.101,29,reviewed,us,us
2025-02-03T05:24:43.794Z,36.3624,25.5488,10,4.4,mb,37,101,1.198,0.52,us,us7000pcxe,2025-04-15T20:55:34.040Z,"9 km E of Emporeío, Greece",earthquake,4.81,1.886,0.12,20,reviewed,us,us
2025-02-03T05:11:50.253Z,36.6527,25.6467,11.361,4.3,mb,59,102,1.494,0.44,us,us7000pay8,2025-04-15T20:55:29.040Z,"29 km SW of Amorgós, Greece",earthquake,5.58,4.152,0.076,49,reviewed,us,us
2025-02-03T05:10:44.768Z,36.5059,25.6047,10,4.2,mb,43,108,1.347,0.44,us,us7000pay4,2025-04-15T20:55:29.040Z,"18 km ENE of Firá, Greece",earthquake,4.95,1.857,0.097,30,reviewed,us,us
2025-02-03T04:20:40.158Z,36.5755,25.6175,9.499,4.4,mb,53,58,1.414,0.6,us,us7000paxw,2025-04-15T20:55:29.040Z,"23 km NE of Firá, Greece",earthquake,3.57,4.247,0.082,43,reviewed,us,us
2025-02-03T01:59:29.522Z,36.5995,25.5887,10,4.1,mb,33,58,1.426,1.22,us,us7000pax9,2025-04-15T20:55:29.040Z,"24 km NE of Firá, Greece",earthquake,4.68,1.873,0.099,28,reviewed,us,us
2025-02-02T23:54:41.798Z,36.5329,25.6191,10,4.5,mwr,65,51,1.376,0.58,us,us7000pawd,2025-04-15T20:55:29.040Z,"20 km NE of Firá, Greece",earthquake,5.97,1.846,0.071,19,reviewed,us,us
2025-02-02T22:05:22.795Z,36.62,25.4975,10,4.2,mb,20,100,1.418,0.68,us,us7000paw0,2025-04-15T20:55:29.040Z,"20 km NNE of Oía, Greece",earthquake,4.86,1.624,0.152,12,reviewed,us,us
2025-02-02T20:14:24.520Z,36.5404,25.5038,10,4.5,mb,55,82,1.345,0.53,us,us7000pavd,2025-04-15T20:55:28.040Z,"14 km NE of Oía, Greece",earthquake,4.14,1.867,0.085,40,reviewed,us,us
2025-02-02T18:27:46.605Z,36.7295,25.5464,10,4.2,mb,38,97,1.534,0.89,us,us7000pav1,2025-04-15T20:55:28.040Z,"23 km E of Íos, Greece",earthquake,3.51,1.893,0.121,19,reviewed,us,us
2025-02-02T18:25:30.194Z,36.6349,25.6933,10,4.2,mb,41,103,1.494,0.87,us,us7000pauv,2025-04-15T20:55:28.040Z,"28 km SW of Amorgós, Greece",earthquake,4.26,1.886,0.11,23,reviewed,us,us
2025-02-02T17:45:42.629Z,36.4975,25.5497,10,4.7,mww,103,55,1.321,0.83,us,us7000pauq,2025-04-15T20:55:28.040Z,"13 km NE of Firá, Greece",earthquake,1.87,1.842,0.056,31,reviewed,us,us
2025-02-02T17:41:20.249Z,36.5144,25.64,10,4.7,mww,73,58,1.367,0.83,us,us7000paup,2025-04-15T20:55:28.040Z,"21 km ENE of Firá, Greece",earthquake,5.36,1.855,0.061,26,reviewed,us,us
2025-02-02T17:04:11.184Z,36.543,25.6697,10,4.2,mb,43,63,1.403,0.79,us,us7000pauf,2025-04-15T20:55:28.040Z,"25 km ENE of Firá, Greece",earthquake,3.46,1.864,0.124,18,reviewed,us,us
2025-02-02T13:32:30.092Z,36.5684,25.6185,10,4.3,mb,30,65,1.408,0.92,us,us7000patl,2025-04-15T20:55:28.040Z,"23 km NE of Firá, Greece",earthquake,5.18,1.825,0.099,29,reviewed,us,us
2025-02-02T12:55:42.204Z,36.6529,25.6674,10,4.8,mww,186,36,1.501,0.49,us,us7000patf,2025-04-15T20:55:28.040Z,"28 km SW of Amorgós, Greece",earthquake,5,1.828,0.06,27,reviewed,us,us
2025-02-02T12:10:09.601Z,36.5338,25.6618,10,4.4,mb,32,105,1.392,0.76,us,us7000pcq0,2025-04-15T20:55:34.040Z,"24 km ENE of Firá, Greece",earthquake,4.99,1.732,0.123,19,reviewed,us,us
2025-02-02T11:53:44.262Z,36.6465,25.6007,10,4.4,mb,74,81,1.473,0.52,us,us7000pat1,2025-04-15T20:55:28.040Z,"28 km NE of Oía, Greece",earthquake,4.69,1.879,0.075,51,reviewed,us,us
2025-02-02T11:41:27.490Z,36.63,25.6257,10,4.4,mb,144,51,1.466,0.59,us,us7000pasz,2025-04-15T20:55:28.040Z,"29 km NE of Firá, Greece",earthquake,4.59,1.857,0.058,87,reviewed,us,us
2025-02-02T11:35:33.679Z,36.5915,25.6267,10,4.4,mb,55,102,1.432,0.67,us,us7000pasy,2025-04-15T20:55:28.040Z,"25 km NE of Firá, Greece",earthquake,5,1.87,0.092,34,reviewed,us,us
2025-02-02T11:04:14.286Z,36.4618,25.6086,10,4.2,mwr,78,58,1.309,0.55,us,us7000pasv,2025-04-15T20:55:28.040Z,"15 km ENE of Mesariá, Greece",earthquake,6.02,1.878,0.086,13,reviewed,us,us
2025-02-02T09:34:22.582Z,36.5257,25.497,10,4.3,mb,37,100,1.33,1.01,us,us7000pcpg,2025-04-15T20:55:33.040Z,"12 km ENE of Oía, Greece",earthquake,5.41,1.844,0.148,13,reviewed,us,us
2025-02-02T09:26:24.826Z,36.5284,25.7839,10,4,mb,15,111,1.435,1.4,us,us7000pcph,2025-04-15T20:55:33.040Z,"33 km ENE of Mesariá, Greece",earthquake,6.31,1.51,0.212,6,reviewed,us,us
2025-02-02T09:14:22.781Z,36.5768,25.5273,10,4.2,mb,58,103,1.386,0.45,us,us7000pas7,2025-04-15T20:55:28.040Z,"18 km NE of Oía, Greece",earthquake,3.58,1.872,0.085,39,reviewed,us,us
2025-02-02T08:37:04.039Z,36.6227,25.5527,10,4.1,mb,27,101,1.436,0.99,us,us7000pas3,2025-04-15T20:55:28.040Z,"23 km NE of Oía, Greece",earthquake,5.25,1.892,0.114,21,reviewed,us,us
2025-02-02T07:22:05.309Z,36.6439,25.592,10,4.6,mww,51,81,1.468,0.86,us,us7000parp,2025-04-15T20:55:27.040Z,"27 km NE of Oía, Greece",earthquake,5.3,1.848,0.063,24,reviewed,us,us
2025-02-02T06:48:08.601Z,36.4818,25.6178,10,4.2,mb,33,105,1.33,1.08,us,us7000park,2025-04-15T20:55:27.040Z,"17 km ENE of Mesariá, Greece",earthquake,4.7,1.894,0.108,24,reviewed,us,us
2025-02-01T13:29:55.778Z,36.4448,25.607,10,4.4,mb,33,74,1.293,0.74,us,us7000pamt,2025-04-15T20:55:27.040Z,"15 km ENE of Mesariá, Greece",earthquake,6.14,1.89,0.095,37,reviewed,us,us
2025-02-01T12:51:44.966Z,36.4479,25.6859,10,4.2,mb,21,84,1.326,0.92,us,us7000pamr,2025-04-15T20:55:27.040Z,"22 km ENE of Mesariá, Greece",earthquake,3.17,1.91,0.128,17,reviewed,us,us
2025-02-01T10:16:36.340Z,36.4832,25.6878,10,4,mb,28,107,1.357,1.12,us,us7000palr,2025-04-15T20:55:26.040Z,"23 km ENE of Mesariá, Greece",earthquake,4.68,1.357,0.122,19,reviewed,us,us
2025-02-01T05:31:34.237Z,36.5348,25.5769,10,4.4,mb,78,75,1.363,0.9,us,us7000pakk,2025-04-15T20:55:26.040Z,"18 km NE of Firá, Greece",earthquake,4.19,1.756,0.077,49,reviewed,us,us
2025-01-31T12:08:26.060Z,35.1412,21.275,17.845,4.4,mb,99,114,2.1,0.43,us,us7000paaj,2025-04-15T20:55:25.040Z,"190 km SSW of Methóni, Greece",earthquake,7.08,5.316,0.079,46,reviewed,us,us
2025-01-31T07:36:06.367Z,37.4879,20.6265,38.313,4.3,mb,33,54,1.08,0.83,us,us7000pa8b,2025-04-15T20:55:25.040Z,"31 km SW of Lithakiá, Greece",earthquake,4.53,8.164,0.109,24,reviewed,us,us
2025-01-30T15:55:29.832Z,38.4121,24.0458,17.31,4.1,mwr,51,47,2.077,1.07,us,us7000pa3c,2025-04-15T20:55:25.040Z,"1 km ESE of Alivéri, Greece",earthquake,5.51,4.358,0.078,16,reviewed,us,us
2025-01-30T04:36:06.939Z,35.4456,22.1395,49.008,4.2,mb,38,134,1.738,0.78,us,us7000p9z2,2025-04-15T20:55:24.040Z,"109 km SW of Kýthira, Greece",earthquake,4.1,10.259,0.115,21,reviewed,us,us
2025-01-29T19:53:58.682Z,36.1942,22.0194,41.241,4,mb,32,173,0.985,0.5,us,us7000pbul,2025-04-15T20:55:32.040Z,"66 km S of Koróni, Greece",earthquake,4.93,9.798,0.15,12,reviewed,us,us
2025-01-28T18:40:35.382Z,34.9391,24.4723,10,4,mb,41,191,0.488,1.05,us,us7000p9ng,2025-04-08T22:01:02.040Z,"26 km SW of Agía Galíni, Greece",earthquake,4.25,1.921,0.113,21,reviewed,us,us
2025-01-25T11:49:03.355Z,37.2524,21.6094,10,4.2,mb,19,140,0.263,0.75,us,us7000pb1u,2025-04-08T22:01:03.040Z,"5 km W of Kyparissía, Greece",earthquake,4.67,1.616,0.216,6,reviewed,us,us
2025-01-25T06:57:25.683Z,36.2867,25.4463,15.037,4,mb,22,113,1.094,1.08,us,us6000pm9g,2025-04-08T22:00:59.040Z,"7 km S of Emporeío, Greece",earthquake,4.71,5.393,0.144,13,reviewed,us,us
2025-01-23T02:59:11.572Z,38.7972,25.2787,10,4.3,mb,42,114,1.298,1,us,us6000plr8,2025-04-08T22:00:58.040Z,"37 km NW of Psará, Greece",earthquake,4.88,1.908,0.266,4,reviewed,us,us
2025-01-21T20:38:43.257Z,39.4605,26.2965,5.618,5,mww,130,22,0.612,0.79,us,us6000plhn,2025-03-29T22:12:46.040Z,"4 km SW of Behram, Turkey",earthquake,5.26,3.393,0.051,37,reviewed,us,us
2025-01-20T14:21:57.612Z,37.2869,20.9998,47.195,4.1,mb,40,135,0.746,0.59,us,us6000pl84,2025-03-29T22:12:44.040Z,"50 km SSE of Lithakiá, Greece",earthquake,6.37,11.212,0.127,17,reviewed,us,us
2025-01-06T18:23:26.476Z,37.4422,21.7498,10,4,mb,33,114,0.298,0.8,us,us6000pkp0,2025-03-17T21:34:58.040Z,"9 km ESE of Zacháro, Greece",earthquake,5.21,1.946,0.164,10,reviewed,us,us
2025-01-06T09:47:57.085Z,37.3336,21.6338,10,4.9,mb,99,49,0.279,0.93,us,us6000pi50,2025-03-17T21:34:54.040Z,"9 km NNW of Kyparissía, Greece",earthquake,6.24,1.843,0.054,110,reviewed,us,us
2025-01-06T08:46:56.186Z,36.5503,26.8011,150.935,4.5,mb,49,62,1.117,0.58,us,us6000pi4u,2025-03-17T21:34:54.040Z,"25 km SSW of Kéfalos, Greece",earthquake,6.47,7.117,0.106,26,reviewed,us,us
2025-01-03T11:58:12.734Z,34.9057,23.3346,37.212,4.4,mb,99,142,1.331,0.65,us,us6000phg1,2025-03-17T21:34:26.040Z,"48 km SW of Palaióchora, Greece",earthquake,7.8,7.685,0.063,72,reviewed,us,us
2024-12-29T08:02:09.337Z,35.1088,26.3233,44.455,4.5,mb,96,56,1.187,0.6,us,us6000pg94,2025-03-08T22:39:12.040Z,"11 km SSE of Palekastro, Greece",earthquake,6.67,7.567,0.058,87,reviewed,us,us
2024-12-28T06:30:30.291Z,34.943,23.6534,50.127,4.1,mb,14,237,1.07,1.13,us,us6000piwe,2025-03-08T22:39:16.040Z,"32 km S of Palaióchora, Greece",earthquake,10.05,12.873,0.166,10,reviewed,us,us
2024-12-24T04:39:06.474Z,40.1729,23.3022,10,4,mb,37,41,0.627,0.6,us,us6000pfeh,2025-03-08T22:39:09.040Z,"3 km SW of Néa Poteídaia, Greece",earthquake,3.88,1.89,0.211,6,reviewed,us,us
2024-12-22T12:33:43.719Z,39.7408,20.4017,10,4,mb,17,198,1.524,1.26,us,us7000p0r3,2025-02-27T17:30:55.040Z,"17 km NNE of Filiátes, Greece",earthquake,6.41,1.974,0.232,5,reviewed,us,us
2024-12-21T16:29:52.454Z,38.6595,21.6089,10,5,mwr,181,21,1.499,0.55,us,us7000p0m4,2025-02-27T17:30:54.040Z,"9 km ENE of Paravóla, Greece",earthquake,4.43,1.811,0.073,18,reviewed,us,us
2024-12-17T17:01:37.019Z,41.5956,20.1935,13.048,3.8,mwr,26,91,0.351,0.51,us,us7000nzl7,2025-02-27T17:30:51.040Z,"11 km NNW of Bulqizë, Albania",earthquake,4.2,5.218,0.086,13,reviewed,us,us
2024-12-16T22:33:44.904Z,36.3898,26.9074,127.978,4.2,mb,32,136,0.996,0.73,us,us7000nzdz,2025-02-27T17:30:50.040Z,"31 km SW of Mandráki, Greece",earthquake,6.59,7.028,0.1,28,reviewed,us,us
2024-12-13T08:34:13.155Z,40.3294,24.0845,10,4.6,mwr,68,47,1.242,0.91,us,us7000nydx,2025-02-18T20:02:57.040Z,"8 km E of Ouranoupolis, Greece",earthquake,5.55,1.852,0.098,10,reviewed,us,us
2024-12-13T08:12:19.314Z,40.3753,24.1411,10,4.4,mb,31,67,1.293,0.74,us,us7000nydv,2025-02-18T20:02:57.040Z,"14 km ENE of Ouranoupolis, Greece",earthquake,5.87,1.903,0.134,16,reviewed,us,us
2024-12-12T11:34:52.405Z,40.444,26.1945,10,4.2,mb,54,37,0.954,0.88,us,us7000ny4i,2025-02-18T20:02:56.040Z,"32 km NNW of Eceabat, Turkey",earthquake,5.49,1.928,0.166,10,reviewed,us,us
2024-12-11T17:29:22.805Z,38.0659,23.8136,10,2.5,ml,5,93,1.742,0.47,us,us7000nxx8,2025-02-18T20:02:55.040Z,"0 km SSE of Kifisiá, Greece",earthquake,4.79,1.991,0.115,10,reviewed,us,us
2024-12-11T04:44:18.240Z,34.7472,26.968,32.274,4.3,mwr,109,61,1.74,0.71,us,us7000nxry,2025-02-18T20:02:54.040Z,"74 km S of Fry, Greece",earthquake,7.58,4.545,0.075,17,reviewed,us,us
2024-12-09T08:28:59.212Z,35.2154,22.767,66.517,4.5,mb,43,127,1.739,0.67,us,us7000p0d9,2025-02-18T20:02:50.040Z,"83 km W of Palaióchora, Greece",earthquake,6.47,7.744,0.108,25,reviewed,us,us
2024-12-07T02:58:01.324Z,36.3258,22.7529,10,4.3,mb,44,104,1.08,0.99,us,us7000nwsw,2025-02-15T18:30:38.040Z,"28 km NW of Kýthira, Greece",earthquake,6.6,1.901,0.107,25,reviewed,us,us
2024-11-22T09:29:49.069Z,36.4388,26.7603,127.172,4.6,mb,150,99,1.122,0.64,us,us6000p6yq,2025-01-30T17:00:32.040Z,"38 km SSW of Kéfalos, Greece",earthquake,5.62,4.955,0.063,76,reviewed,us,us
2024-11-11T22:21:52.597Z,40.1835,23.2432,10,4.1,mb,28,36,0.583,0.68,us,us7000nr9m,2025-01-26T16:29:18.040Z,"7 km W of Néa Poteídaia, Greece",earthquake,3.58,1.926,0.197,7,reviewed,us,us
2024-11-05T06:51:31.952Z,34.8456,26.3513,47.723,4.1,mb,22,171,1.277,0.5,us,us7000nq04,2025-01-24T19:51:14.040Z,"40 km SSE of Palekastro, Greece",earthquake,6.87,10.346,0.14,14,reviewed,us,us
2024-11-05T00:37:15.081Z,38.0485,21.8362,85.658,4.3,mwr,58,47,0.871,0.52,us,us7000npz1,2025-01-24T19:51:14.040Z,"8 km SE of Chalandrítsa, Greece",earthquake,4.85,6.321,0.08,15,reviewed,us,us
2024-11-03T17:07:19.597Z,40.123,23.3314,10,4.6,mb,41,55,0.646,0.54,us,us6000p6lr,2025-01-16T18:43:56.040Z,"5 km WSW of Néa Fókaia, Greece",earthquake,4.18,1.837,0.129,18,reviewed,us,us
2024-11-03T17:03:52.253Z,40.1264,23.2456,9,5.2,mww,111,18,0.58,0.63,us,us7000npqn,2025-06-10T08:41:22.197Z,"10 km SW of Néa Poteídaia, Greece",earthquake,3.57,1.814,0.043,52,reviewed,us,us
2024-10-31T23:23:48.039Z,40.1083,23.2938,10,3.9,mwr,25,68,0.617,0.7,us,us7000np9x,2025-01-16T18:43:22.040Z,"9 km WSW of Néa Fókaia, Greece",earthquake,4.52,1.904,0.083,14,reviewed,us,us
2024-10-27T14:56:01.194Z,39.3855,26.2962,10,4,mb,29,83,0.568,0.83,us,us7000nnhq,2025-01-04T23:08:28.040Z,"9 km NNW of Mantamádos, Greece",earthquake,4.67,1.957,0.258,4,reviewed,us,us
2024-10-25T17:32:44.528Z,40.7963,19.5721,38.881,3.9,mwr,77,67,0.593,0.62,us,us7000nn7m,2025-01-04T23:07:14.040Z,"8 km N of Fier, Albania",earthquake,3.74,9.018,0.083,14,reviewed,us,us
2024-10-19T07:08:29.740Z,34.7322,26.2418,15.594,4.8,mww,81,130,1.24,0.6,us,us6000nzpu,2024-12-26T23:03:53.040Z,"51 km S of Palekastro, Greece",earthquake,8.09,5.242,0.069,20,reviewed,us,us
2024-10-18T00:37:04.750Z,38.4625,20.4796,10,4.3,mwr,55,80,1.555,0.62,us,us6000nzfy,2024-12-26T23:04:05.040Z,"23 km WNW of Itháki, Greece",earthquake,5.01,1.918,0.046,45,reviewed,us,us
2024-10-12T19:10:28.331Z,38.3285,22.2033,10,4.2,mb,52,47,0.699,1.18,us,us6000nybg,2024-12-23T15:47:11.040Z,"12 km NE of Témeni, Greece",earthquake,4.41,1.863,0.121,20,reviewed,us,us
2024-10-09T21:20:48.126Z,39.1653,21.6988,17.265,4,mwr,73,42,0.516,0.68,us,us6000nxn5,2024-12-23T15:46:22.040Z,"18 km NNE of Kerasochóri, Greece",earthquake,4.92,4.65,0.054,33,reviewed,us,us
2024-10-07T08:33:18.392Z,34.7851,24.8459,10,4.3,mb,66,182,0.503,0.58,us,us6000nx18,2024-12-23T15:45:48.040Z,"29 km S of Moíres, Greece",earthquake,5.13,1.885,0.081,43,reviewed,us,us
2024-10-07T06:18:46.409Z,38.2726,23.33,10,4.5,mwr,191,39,1.079,0.41,us,us6000nx0u,2024-12-23T15:45:47.040Z,"5 km S of Thívai, Greece",earthquake,3.95,1.35,0.056,31,reviewed,us,us
2024-10-07T05:54:58.431Z,34.8922,26.2045,10,4.8,mb,122,97,1.148,0.5,us,us6000nx0t,2024-12-23T15:45:46.040Z,"34 km S of Palekastro, Greece",earthquake,7.6,1.864,0.053,110,reviewed,us,us
2024-10-06T12:08:40.546Z,39.0768,25.7743,10,4.1,mwr,30,51,0.88,0.47,us,us6000nww7,2024-12-14T14:50:42.040Z,"17 km SW of Eresós, Greece",earthquake,4.85,1.344,0.083,14,reviewed,us,us
2024-10-01T11:49:05.099Z,38.9406,26.0162,10,4.2,mb,14,83,0.705,0.54,us,us7000nhg8,2024-12-14T14:50:56.040Z,"21 km SW of Polichnítos, Greece",earthquake,2.47,1.943,0.305,3,reviewed,us,us
2024-10-01T04:14:22.012Z,39.7388,20.2832,10,4,mwr,57,73,1.436,0.92,us,us7000nhd6,2024-12-14T14:50:51.040Z,"12 km NE of Konispol, Albania",earthquake,5.28,1.89,0.078,16,reviewed,us,us
2024-09-30T17:52:17.885Z,34.9451,22.9038,57.561,4.2,mb,34,95,1.664,0.68,us,us7000nmeu,2024-12-14T14:51:04.040Z,"77 km WSW of Palaióchora, Greece",earthquake,7.16,6.467,0.12,19,reviewed,us,us
2024-09-28T12:18:13.410Z,37.2814,21.1868,11.41,4.7,mb,39,52,0.598,1.1,us,us7000ngz5,2024-12-06T19:30:17.040Z,"37 km WNW of Filiatrá, Greece",earthquake,4.49,4.338,0.098,32,reviewed,us,us
2024-09-22T18:27:45.706Z,37.778,21.8578,26.156,4.2,mwr,65,52,0.601,0.66,us,us6000ntq7,2024-11-23T23:26:51.040Z,"14 km ENE of Lálas, Greece",earthquake,5.84,5.985,0.068,21,reviewed,us,us
2024-09-22T09:50:26.180Z,40.3409,24.3013,10,4.8,mwr,102,32,2.303,0.84,us,us6000ntn7,2024-11-29T22:09:49.040Z,"10 km NNE of Karyes, Greece",earthquake,5.33,1.804,0.054,33,reviewed,us,us
2024-09-22T08:47:25.382Z,40.2794,24.2372,10,4.3,mwr,34,79,2.343,0.54,us,us6000ntmy,2025-09-22T01:40:59.645Z,"2 km NNW of Karyes, Greece",earthquake,7.05,1.922,0.073,18,reviewed,us,us
2024-09-20T10:57:52.533Z,36.4555,25.7211,10,4.3,mb,24,91,1.346,0.97,us,us6000nu3g,2024-11-23T23:27:03.040Z,"25 km ENE of Mesariá, Greece",earthquake,5.25,1.868,0.168,10,reviewed,us,us
2024-09-19T03:22:54.120Z,34.7832,24.0706,45.512,4.4,mb,54,144,0.84,0.88,us,us6000nszh,2024-11-23T23:25:57.040Z,"5 km SSW of Kastrí, Greece",earthquake,7.35,8.977,0.092,34,reviewed,us,us
2024-09-18T08:49:54.513Z,36.1679,24.4873,83.01,4.1,mb,29,91,0.937,1.35,us,us6000nsv3,2024-11-23T23:25:51.040Z,"61 km S of Adámas, Greece",earthquake,4.17,9.084,0.184,8,reviewed,us,us
2024-09-13T05:33:58.567Z,40.9347,19.7255,15.236,4.1,mb,21,73,0.425,0.91,us,us6000nytz,2024-11-21T22:58:54.040Z,"1 km ESE of Lushnjë, Albania",earthquake,3.66,5.784,0.213,6,reviewed,us,us
2024-09-11T04:22:27.247Z,37.855,22.3745,20.322,4.6,mb,83,67,0.764,0.86,us,us7000nd0m,2024-11-21T22:58:55.040Z,"20 km NNE of Levídion, Greece",earthquake,4.58,5.393,0.086,40,reviewed,us,us
2024-09-06T01:05:31.478Z,36.4512,26.9137,130.833,4.2,mb,49,112,1.003,0.77,us,us6000npz7,2024-11-15T16:19:58.040Z,"26 km SW of Mandráki, Greece",earthquake,7.21,8.776,0.118,20,reviewed,us,us
2024-09-02T08:22:48.442Z,38.4595,20.4723,38.852,4.1,mb,34,105,1.561,0.35,us,us6000np7t,2024-11-15T16:19:47.040Z,"23 km WNW of Itháki, Greece",earthquake,5.52,14.188,0.185,10,reviewed,us,us
2024-08-28T20:42:01.758Z,38.1799,21.902,59.766,4.3,mb,41,86,0.906,0.96,us,us6000nnc9,2024-11-09T21:18:37.040Z,"11 km SSE of Áno Kastrítsi, Greece",earthquake,6.71,5.97,0.189,8,reviewed,us,us
2024-08-28T16:47:47.783Z,35.0227,24.2146,42.929,4.1,mb,19,240,0.613,1.21,us,us7000ngdi,2024-11-09T21:19:24.040Z,"21 km SSE of Chóra Sfakíon, Greece",earthquake,8.66,5.532,0.165,10,reviewed,us,us
2024-08-28T16:29:57.573Z,34.9142,24.2038,54.834,5.1,mww,247,77,0.675,0.83,us,us6000nn9g,2024-11-09T21:18:35.040Z,"13 km NE of Kastrí, Greece",earthquake,6.73,5.217,0.058,29,reviewed,us,us
2024-08-26T19:53:43.681Z,38.9494,23.3657,10,4.6,mwr,78,36,0.806,0.66,us,us6000nmxi,2024-11-09T21:18:24.040Z,"18 km E of Istiaía, Greece",earthquake,4.38,1.85,0.086,13,reviewed,us,us
2024-08-26T02:38:48.392Z,34.9124,24.0378,49.686,4,mb,27,189,0.793,0.81,us,us7000ngc3,2024-11-09T21:19:16.040Z,"9 km NNW of Kastrí, Greece",earthquake,4.61,9.342,0.173,9,reviewed,us,us
2024-08-26T02:37:28.057Z,34.7387,23.9097,10,4.5,mb,26,137,0.973,0.68,us,us7000ngc2,2024-11-09T21:19:15.040Z,"19 km WSW of Kastrí, Greece",earthquake,4.31,1.802,0.14,15,reviewed,us,us
2024-08-24T19:54:26.959Z,40.334,24.1291,19.667,4.4,mwr,59,36,1.277,1,us,us7000n984,2024-11-02T21:29:01.040Z,"12 km E of Ouranoupolis, Greece",earthquake,1.52,4.286,0.06,27,reviewed,us,us
2024-08-23T07:28:13.194Z,36.8389,26.4035,9.859,4.1,mb,20,61,1.518,1.18,us,us7000ngam,2024-11-02T21:29:39.040Z,"32 km N of Astypálaia, Greece",earthquake,6.06,5.618,0.198,7,reviewed,us,us
2024-08-21T07:35:29.390Z,39.0838,25.8051,10,3.9,mb,28,78,0.856,0.84,us,us7000n8f9,2024-11-02T21:28:35.040Z,"14 km SW of Eresós, Greece",earthquake,4.43,1.954,0.362,2,reviewed,us,us
2024-08-17T18:32:43.348Z,37.6849,19.9933,10,4.2,mb,30,129,1.619,1.29,us,us7000n7n2,2024-10-26T15:49:18.040Z,"69 km WSW of Katastárion, Greece",earthquake,6.12,1.965,0.199,7,reviewed,us,us
2024-08-13T01:35:40.341Z,34.7885,24.98,10,4.4,mb,55,82,0.504,0.73,us,us6000njrz,2024-10-26T15:47:29.040Z,"28 km SSW of Pýrgos, Greece",earthquake,2.7,1.86,0.073,54,reviewed,us,us
2024-08-12T13:39:54.784Z,40.1851,24.1588,10,4.3,mb,56,114,1.826,0.47,us,us6000njlf,2024-10-26T15:47:23.040Z,"10 km SW of Karyes, Greece",earthquake,6.65,1.418,0.102,27,reviewed,us,us
2024-08-12T13:25:00.513Z,40.0848,24.2316,10,4.4,mb,31,110,1.81,0.66,us,us6000njla,2024-10-26T15:47:22.040Z,"19 km S of Karyes, Greece",earthquake,7.67,1.858,0.155,12,reviewed,us,us
2024-08-09T14:05:14.000Z,35.4361,22.3576,43.713,4.8,mb,76,83,1.774,0.9,us,us6000nj2x,2024-10-24T17:57:46.040Z,"97 km SW of Kýthira, Greece",earthquake,6.89,7.085,0.044,158,reviewed,us,us
2024-08-07T19:07:05.336Z,34.8705,25.0256,10,4.1,mb,40,154,0.431,1.09,us,us6000niq3,2024-10-24T17:57:19.040Z,"18 km SW of Pýrgos, Greece",earthquake,7.27,1.935,0.099,28,reviewed,us,us
2024-08-07T19:01:59.743Z,34.7572,24.8525,10.103,4.1,mb,44,156,0.53,1.02,us,us6000nn9e,2024-10-24T17:58:20.040Z,"32 km S of Moíres, Greece",earthquake,5.16,5.561,0.14,14,reviewed,us,us
2024-08-07T08:47:52.707Z,34.7206,24.8973,10,4.8,mb,93,62,0.566,1.13,us,us6000niky,2024-10-24T17:57:11.040Z,"36 km S of Moíres, Greece",earthquake,5.54,1.079,0.053,110,reviewed,us,us
2024-08-07T08:21:59.612Z,34.8075,24.9403,10,4.2,mb,63,71,0.481,1.1,us,us6000niks,2024-10-24T17:57:10.040Z,"27 km SSE of Moíres, Greece",earthquake,7.87,1.838,0.093,32,reviewed,us,us
2024-07-26T16:02:27.066Z,35.6792,25.6635,10,4.7,mb,68,54,0.742,0.99,us,us6000ng6h,2024-10-08T21:49:12.005Z,"43 km NNE of Sísion, Greece",earthquake,5.19,1.847,0.049,124,reviewed,us,us
2024-07-22T14:39:22.358Z,39.6736,26.3745,11.394,4.5,mwr,110,33,0.729,0.75,us,us7000n0uq,2024-10-08T21:49:17.005Z,"8 km NNW of Ayvacık, Turkey",earthquake,4.08,4.058,0.065,23,reviewed,us,us
2024-07-21T04:01:26.930Z,34.8732,23.2416,10,5.3,mww,133,53,1.414,0.86,us,us7000n0l7,2024-09-28T22:42:50.040Z,"56 km SW of Palaióchora, Greece",earthquake,3.77,1.757,0.066,22,reviewed,us,us
2024-07-20T16:44:55.640Z,34.8673,23.4903,46.867,4,mb,24,197,1.222,0.69,us,us6000nhe3,2024-09-28T22:41:21.040Z,"44 km SSW of Palaióchora, Greece",earthquake,3.64,10.778,0.196,7,reviewed,us,us
2024-07-20T15:38:06.758Z,34.8964,23.3852,8.378,4.5,mb,147,57,1.294,0.75,us,us7000n0hk,2024-09-28T22:42:43.040Z,"45 km SW of Palaióchora, Greece",earthquake,8.06,4.082,0.05,124,reviewed,us,us
2024-07-19T08:28:24.841Z,35.7573,23.4514,56.558,4.2,mb,27,179,1.263,1.01,us,us6000nh56,2024-09-28T22:41:15.040Z,"34 km NNW of Kíssamos, Greece",earthquake,3.97,10.47,0.146,13,reviewed,us,us
2024-07-15T15:23:14.801Z,36.277,23.8514,10,4.4,mb,70,126,1.299,0.79,us,us7000mzcv,2024-09-28T22:41:50.040Z,"72 km SW of Adámas, Greece",earthquake,6.28,1.872,0.101,28,reviewed,us,us
2024-07-12T19:26:43.664Z,38.0673,21.9308,10.466,4.4,mwr,87,44,0.887,0.79,us,us7000myy5,2024-09-20T16:00:55.040Z,"13 km ESE of Chalandrítsa, Greece",earthquake,4.05,4.009,0.086,13,reviewed,us,us
2024-07-12T11:00:49.001Z,35.2014,22.6622,46.659,4.2,mb,34,113,1.825,0.72,us,us7000myuk,2024-09-20T16:00:55.040Z,"92 km W of Palaióchora, Greece",earthquake,5.14,9.504,0.153,12,reviewed,us,us
2024-07-12T06:48:29.298Z,39.3826,20.9207,27.697,4.1,mwr,25,100,1.157,0.42,us,us7000mysk,2024-09-20T16:00:54.040Z,"13 km NE of Pappadátes, Greece",earthquake,4.92,4.981,0.086,13,reviewed,us,us
2024-07-07T14:41:03.920Z,37.7601,21.2469,21.29,4.6,mwr,58,47,0.792,0.65,us,us7000mxlv,2024-09-12T21:52:30.040Z,"7 km SSW of Savália, Greece",earthquake,4.37,4.865,0.08,15,reviewed,us,us
2024-07-07T12:07:57.214Z,40.9414,20.6652,9.431,4.3,mb,32,97,0.729,0.77,us,us7000mxl8,2024-09-12T21:52:30.040Z,"4 km NNE of Pogradec, Albania",earthquake,5.05,7.138,0.308,3,reviewed,us,us
2024-07-06T17:34:28.033Z,37.7436,21.1923,8.405,4.9,mww,157,41,0.811,0.62,us,us7000mxgj,2024-09-12T21:52:29.040Z,"12 km SW of Savália, Greece",earthquake,4.33,3.161,0.053,34,reviewed,us,us
2024-07-04T15:00:26.404Z,34.7531,24.794,10,4.1,mb,23,137,0.539,0.62,us,us7000mx2d,2024-09-12T21:52:28.040Z,"33 km SSW of Moíres, Greece",earthquake,5.86,1.866,0.101,27,reviewed,us,us
2024-07-02T19:34:35.103Z,34.7863,24.8899,10,4.8,mww,94,75,0.5,0.64,us,us6000n9v3,2024-09-12T21:52:26.040Z,"29 km S of Moíres, Greece",earthquake,4.96,1.803,0.06,27,reviewed,us,us
2024-07-02T18:52:12.065Z,34.7528,24.8581,13.059,4.8,mww,80,71,0.535,0.67,us,us6000n9uy,2024-09-12T21:52:26.040Z,"33 km S of Moíres, Greece",earthquake,1.42,3.959,0.073,18,reviewed,us,us
2024-07-02T12:38:31.128Z,38.0351,20.0417,31.422,4.5,mb,45,139,1.723,0.48,us,us7000my2l,2024-09-12T21:52:31.040Z,"39 km WSW of Lixoúri, Greece",earthquake,4.22,6.048,0.135,16,reviewed,us,us
2024-06-28T18:28:34.975Z,34.9719,24.9911,21.129,4.1,mb,75,94,0.326,0.6,us,us6000n8zz,2024-09-04T21:57:43.040Z,"12 km SW of Asímion, Greece",earthquake,8.13,5.836,0.074,55,reviewed,us,us
2024-06-26T19:50:41.370Z,40.2303,25.1815,8.544,4.1,mwr,92,38,0.953,0.68,us,us6000n8hm,2024-09-04T21:57:41.040Z,"36 km SW of Kamariótissa, Greece",earthquake,2.66,4.744,0.089,12,reviewed,us,us
2024-06-23T08:14:02.321Z,35.1447,23.5354,35.052,4.2,mwr,34,190,1.118,0.84,us,us7000mu34,2024-08-30T18:17:06.040Z,"16 km SW of Palaióchora, Greece",earthquake,6.29,5.552,0.078,16,reviewed,us,us
2024-06-21T06:09:22.995Z,34.9282,23.4645,36.758,4.8,mb,67,176,1.223,1.01,us,us7000mtr5,2024-08-30T18:17:07.040Z,"39 km SSW of Palaióchora, Greece",earthquake,7.83,7.158,0.052,115,reviewed,us,us
2024-06-18T12:51:45.423Z,38.3581,22.0593,10,4.2,mb,39,51,0.697,0.52,us,us7000mt62,2024-08-30T18:17:08.040Z,"8 km NE of Kamárai, Greece",earthquake,5.31,1.914,0.118,20,reviewed,us,us
2024-06-17T06:17:56.392Z,37.2812,20.5331,38.868,4.1,mb,52,145,1.116,0.39,us,us7000msy0,2024-08-30T18:17:09.040Z,"55 km SSW of Lithakiá, Greece",earthquake,2.82,9.254,0.107,24,reviewed,us,us
2024-06-12T20:05:59.464Z,38.4448,21.8271,11.361,4.3,mb,66,113,0.7,0.9,us,us7000ms0h,2024-08-23T18:03:38.040Z,"5 km N of Náfpaktos, Greece",earthquake,2.35,4.255,0.111,23,reviewed,us,us
2024-06-11T19:08:23.813Z,38.0695,21.8284,10,4.3,mb,63,72,0.893,1.17,us,us7000mrst,2024-08-23T18:03:25.040Z,"5 km SE of Chalandrítsa, Greece",earthquake,3.5,1.87,0.077,48,reviewed,us,us
2024-06-11T18:00:42.179Z,39.0576,23.2582,10.544,4.2,mb,69,49,0.719,0.88,us,us7000mrs1,2024-08-23T18:03:23.040Z,"14 km NE of Istiaía, Greece",earthquake,2.53,4.889,0.112,23,reviewed,us,us
2024-06-11T06:17:43.805Z,34.95,25.1425,10,4.4,mb,55,98,0.396,1.09,us,us7000mrn1,2024-08-23T18:03:17.040Z,"6 km S of Pýrgos, Greece",earthquake,5.79,1.869,0.103,27,reviewed,us,us
2024-06-02T08:53:44.102Z,37.6943,24.4568,11.782,4.4,mb,42,112,2.08,0.55,us,us7000mplm,2024-08-06T20:32:50.040Z,"35 km E of Lávrio, Greece",earthquake,5.68,2.482,0.103,27,reviewed,us,us
2024-05-25T14:31:01.407Z,36.6057,21.6632,41.7,4.2,mb,36,109,0.609,0.77,us,us6000n0yk,2024-08-06T02:09:52.040Z,"24 km S of Methóni, Greece",earthquake,7.15,7.865,0.118,20,reviewed,us,us
2024-05-23T21:43:28.238Z,35.4918,25.5242,57.439,4,mb,30,142,0.557,0.66,us,us7000mp1b,2024-08-06T02:09:49.040Z,"20 km N of Sísion, Greece",earthquake,5.98,10.183,0.196,7,reviewed,us,us
2024-05-19T07:37:06.121Z,34.9406,24.3435,43.003,4.1,mb,43,75,0.566,1.14,us,us6000mzlt,2024-07-26T23:58:13.040Z,"26 km ENE of Kastrí, Greece",earthquake,7.14,7.529,0.094,31,reviewed,us,us
2024-05-15T04:57:55.895Z,39.0207,26.0308,10,4.2,mwr,74,47,0.683,0.63,us,us6000myp3,2024-07-26T23:58:09.040Z,"14 km WSW of Polichnítos, Greece",earthquake,3.12,1.861,0.062,25,reviewed,us,us
2024-05-13T19:06:43.299Z,34.936,23.1239,49.022,4,mb,43,172,1.49,0.65,us,us6000myc7,2024-07-26T23:58:08.040Z,"60 km WSW of Palaióchora, Greece",earthquake,3.8,8.929,0.102,26,reviewed,us,us
2024-05-13T13:56:43.882Z,37.5614,21.642,8.303,4.2,mb,47,134,0.444,0.75,us,us6000my9j,2024-07-26T23:58:07.040Z,"3 km SSE of Kréstena, Greece",earthquake,6.1,5.804,0.118,20,reviewed,us,us
2024-05-10T12:56:17.097Z,38.0414,20.2637,48.411,4.1,mb,25,175,1.576,1.13,us,us6000mxqe,2024-07-20T22:20:06.040Z,"23 km SW of Lixoúri, Greece",earthquake,7.5,4.26,0.157,11,reviewed,us,us
2024-05-10T10:48:35.728Z,38.1383,20.2723,43.002,4.2,mb,43,119,1.624,0.37,us,us6000mxpu,2024-07-20T22:20:06.040Z,"16 km WSW of Lixoúri, Greece",earthquake,2.05,10.014,0.124,18,reviewed,us,us
2024-04-30T03:43:52.935Z,34.7629,23.2218,45.686,4.1,mb,34,208,1.466,0.52,us,us6000mv3x,2024-07-15T03:58:49.040Z,"66 km SW of Palaióchora, Greece",earthquake,10.71,8.513,0.088,36,reviewed,us,us
2024-04-29T04:24:37.645Z,35.6627,25.5517,22.295,4.2,mb,75,55,0.657,0.91,us,us6000mut3,2024-07-15T03:58:59.040Z,"39 km N of Sísion, Greece",earthquake,5.63,5.163,0.083,40,reviewed,us,us
2024-04-24T20:18:29.553Z,36.176,22.2281,22.239,4.3,mb,70,151,1.03,0.68,us,us6000mtjv,2024-07-02T22:12:43.040Z,"68 km W of Kýthira, Greece",earthquake,6.9,3.959,0.077,47,reviewed,us,us
2024-04-19T08:02:20.862Z,37.8395,26.8394,7.449,4.3,mwr,40,34,0.843,0.79,us,us7000md39,2024-06-25T21:03:06.040Z,"8 km NW of Kokkári, Greece",earthquake,2.78,4.612,0.075,17,reviewed,us,us
2024-04-14T02:02:43.555Z,38.9545,23.3969,10,4.4,mwr,109,31,0.829,0.97,us,us7000mbz7,2024-06-17T02:15:30.040Z,"18 km NNW of Mantoúdi, Greece",earthquake,4.59,1.833,0.089,12,reviewed,us,us
2024-04-13T16:54:09.373Z,38.9859,23.305,9.98,4.2,mwr,110,36,0.756,0.76,us,us7000mbxa,2024-06-17T02:15:26.040Z,"13 km ENE of Istiaía, Greece",earthquake,4.5,4.121,0.083,14,reviewed,us,us
2024-04-13T02:23:14.747Z,38.9897,23.3817,10,4.5,mwr,95,34,0.815,0.93,us,us7000mbu8,2024-06-17T02:15:20.040Z,"20 km E of Istiaía, Greece",earthquake,4.17,1.717,0.069,20,reviewed,us,us
2024-04-11T00:54:42.978Z,38.3887,20.4418,10,3.9,mb,25,166,1.611,1.08,us,us7000mbb0,2024-06-17T02:15:07.040Z,"20 km N of Lixoúri, Greece",earthquake,4.88,1.964,0.229,5,reviewed,us,us
2024-04-08T21:59:20.950Z,38.8362,21.1327,10,4.4,mb,69,83,0.956,0.94,us,us7000mavg,2024-06-17T02:14:53.040Z,"3 km SW of Amfilochía, Greece",earthquake,4.7,1.812,0.081,44,reviewed,us,us
2024-04-03T19:58:15.172Z,35.8444,25.8374,87.482,4.1,mb,64,54,0.951,0.96,us,us7000m9qe,2024-06-12T21:51:53.040Z,"65 km N of Eloúnda, Greece",earthquake,6.68,6.844,0.098,28,reviewed,us,us
2024-03-29T07:12:48.063Z,37.3224,21.2557,26.873,5.8,mww,209,32,0.553,1.16,us,us7000m8q9,2024-06-01T21:55:49.040Z,"34 km WNW of Filiatrá, Greece",earthquake,5.89,3.694,0.043,52,reviewed,us,us
2024-03-29T07:11:54.559Z,37.2708,21.2878,35,4.3,mb,33,155,0.517,1.2,us,us7000m8qa,2024-06-01T21:55:49.040Z,"29 km WNW of Filiatrá, Greece",earthquake,6.97,1.524,0.161,11,reviewed,us,us
2024-03-22T19:45:34.076Z,39.5059,20.7159,18.156,4.3,mb,63,85,1.491,0.64,us,us6000mkkw,2024-05-27T14:19:22.040Z,"14 km W of Agía Kyriakí, Greece",earthquake,5.61,3.39,0.114,24,reviewed,us,us
2024-03-22T05:20:40.487Z,39.6534,19.3362,10,4.8,mb,71,45,0.789,0.67,us,us6000mkf2,2024-05-27T14:19:21.040Z,"32 km WSW of Agios Georgis, Greece",earthquake,4.7,1.784,0.071,61,reviewed,us,us
2024-03-21T06:16:34.939Z,34.7965,23.8528,47.101,4,mb,25,251,0.982,0.71,us,us6000mk6v,2024-05-27T14:19:20.040Z,"21 km WSW of Kastrí, Greece",earthquake,10.4,13.308,0.126,17,reviewed,us,us
2024-03-18T18:26:14.546Z,34.7527,24.2048,37.855,4.1,mb,59,128,0.776,0.47,us,us6000mjmr,2024-05-27T14:19:19.040Z,"14 km SE of Kastrí, Greece",earthquake,8.23,3.905,0.089,34,reviewed,us,us
2024-03-12T16:18:04.944Z,38.2818,21.5902,44.104,4.1,mb,33,115,1.133,0.63,us,us7000m4v0,2024-05-18T21:24:42.040Z,"8 km SSE of Galatás, Greece",earthquake,3.47,10.098,0.157,12,reviewed,us,us
2024-03-05T22:17:30.814Z,38.4804,20.5342,36.764,4.2,mb,53,103,1.703,1.29,us,us7000m47y,2024-05-15T17:35:05.040Z,"20 km NW of Itháki, Greece",earthquake,6.17,9.535,0.141,15,reviewed,us,us
2024-03-04T19:18:50.144Z,38.3996,20.4608,30.911,4.2,mb,43,86,1.683,0.8,us,us6000mgql,2024-05-15T17:35:06.040Z,"22 km N of Lixoúri, Greece",earthquake,4.93,6.457,0.121,19,reviewed,us,us
2024-03-03T23:55:14.707Z,35.1745,23.1285,61.486,4.1,mb,19,249,1.446,0.4,us,us7000m3yl,2024-05-10T21:26:02.040Z,"50 km W of Palaióchora, Greece",earthquake,10.14,8.948,0.197,7,reviewed,us,us
2024-03-02T13:47:04.304Z,39.2352,22.3394,94.348,4.2,mb,43,37,0.875,0.93,us,us6000mgb8,2024-05-10T21:25:58.040Z,"5 km E of Néon Monastírion, Greece",earthquake,5.75,7.571,0.115,21,reviewed,us,us
2024-02-27T13:09:54.957Z,40.2968,26.9768,12.031,4.2,mwr,90,30,0.407,0.8,us,us7000m1uj,2024-05-10T21:26:01.040Z,"23 km WNW of Biga, Turkey",earthquake,4.02,3.832,0.075,17,reviewed,us,us
2024-02-24T22:59:01.885Z,38.6527,25.5109,10.779,4.2,mb,69,49,1.88,0.58,us,us7000m1ep,2024-05-02T15:50:14.040Z,"13 km NNW of Psará, Greece",earthquake,4.19,4.544,0.136,15,reviewed,us,us
2024-02-24T10:00:35.963Z,40.699,19.7131,10,4.1,mb,36,95,0.657,1.08,us,us7000m1b5,2024-05-02T15:50:14.040Z,"4 km SSE of Roskovec, Albania",earthquake,4,1.503,0.165,10,reviewed,us,us
2024-02-22T11:21:03.500Z,38.508,22.4386,10,4.3,mb,69,49,1.388,0.9,us,us7000m0s5,2024-05-02T15:50:12.040Z,"5 km WNW of Delphi, Greece",earthquake,5.32,1.863,0.122,19,reviewed,us,us
2024-02-21T21:59:19.659Z,35.046,22.7891,46.181,4.3,mb,56,114,1.738,0.73,us,us7000m0my,2024-05-02T15:50:12.040Z,"83 km WSW of Palaióchora, Greece",earthquake,8.19,8.885,0.085,39,reviewed,us,us
2024-02-20T10:17:30.930Z,35.0802,22.9783,45.398,4.4,mb,36,173,1.58,0.33,us,us7000m15e,2024-05-02T15:50:13.040Z,"66 km WSW of Palaióchora, Greece",earthquake,8.18,2.441,0.134,16,reviewed,us,us
2024-02-19T05:55:04.069Z,35.2279,22.9059,54.048,4.4,mb,79,76,1.625,0.65,us,us7000m044,2024-05-02T15:50:11.040Z,"70 km W of Palaióchora, Greece",earthquake,7.45,7.373,0.074,52,reviewed,us,us
2024-02-11T00:16:50.982Z,35.0106,22.7296,37.69,4.4,mb,83,77,1.792,0.8,us,us7000lyda,2024-04-20T19:35:24.040Z,"90 km WSW of Palaióchora, Greece",earthquake,7.33,7.039,0.07,58,reviewed,us,us
2024-02-08T05:32:10.342Z,41.2148,20.2084,10,4.3,mb,53,58,1.405,0.6,us,us7000lxpd,2024-04-20T19:34:05.040Z,"10 km W of Librazhd-Qendër, Albania",earthquake,5.56,1.89,0.16,12,reviewed,us,us
2024-02-08T02:20:24.380Z,35.3852,22.6799,26.452,4.6,mwr,101,61,1.809,1.14,us,us7000lxnv,2024-04-20T19:34:02.040Z,"89 km W of Kíssamos, Greece",earthquake,7.45,4.753,0.093,11,reviewed,us,us
2024-02-06T13:41:48.291Z,36.0198,20.4755,48.784,4.2,mb,59,168,1.643,0.74,us,us7000lxb2,2024-04-20T19:33:26.040Z,"141 km SW of Methóni, Greece",earthquake,7.2,4.501,0.085,43,reviewed,us,us
2024-02-06T03:21:38.020Z,37.8151,20.6786,10,4.2,mb,42,135,1.178,0.6,us,us7000lx8y,2024-04-20T19:33:18.040Z,"7 km WSW of Katastárion, Greece",earthquake,5.83,1.922,0.141,14,reviewed,us,us
2024-01-31T00:12:57.872Z,36.7855,21.6395,36.629,4.4,mb,36,160,0.454,0.76,us,us7000lx3b,2024-04-13T19:28:39.040Z,"6 km WSW of Methóni, Greece",earthquake,4.56,8.833,0.218,6,reviewed,us,us
2024-01-19T14:14:14.810Z,38.6101,24.2406,8.972,4.5,mwr,82,56,2.017,0.63,us,us6000m4p0,2024-03-29T17:37:54.040Z,"11 km ENE of Oxílithos, Greece",earthquake,5.28,3.877,0.055,32,reviewed,us,us
2024-01-16T05:20:50.362Z,37.2983,23.0379,10,4.6,mwr,84,40,0.896,0.81,us,us6000m3vk,2024-03-29T17:37:51.040Z,"9 km WSW of Pórto Chéli, Greece",earthquake,4.51,1.783,0.052,36,reviewed,us,us
2024-01-13T23:17:52.407Z,40.9827,19.7687,28.604,4.5,mwr,87,63,0.371,0.89,us,us6000m3k3,2024-07-23T13:50:28.082Z,"7 km NE of Lushnjë, Albania",earthquake,3.67,5.029,0.053,34,reviewed,us,us
2024-01-13T03:40:29.181Z,38.1789,22.7629,10,4.2,mb,35,68,1.199,0.86,us,us6000m4qg,2024-03-16T19:01:12.040Z,"16 km NE of Xylókastro, Greece",earthquake,6,1.89,0.152,12,reviewed,us,us
2024-01-13T02:58:33.523Z,36.1649,23.1149,10,4.4,mb,96,112,1.392,0.92,us,us6000m3fc,2024-03-16T19:00:32.040Z,"11 km E of Kýthira, Greece",earthquake,7.45,1.886,0.074,52,reviewed,us,us
2024-01-12T03:51:05.886Z,34.8918,22.8905,28.748,5,mb,102,63,1.687,1.12,us,us6000m38i,2024-03-16T19:00:25.040Z,"81 km WSW of Palaióchora, Greece",earthquake,7.13,4.623,0.04,205,reviewed,us,us
2024-01-05T21:51:59.524Z,39.7428,20.5036,47.485,4.2,mb,42,59,1.6,0.51,us,us6000m23r,2024-03-09T21:39:39.040Z,"19 km SSW of Kalpáki, Greece",earthquake,5.72,6.782,0.094,31,reviewed,us,us
2023-12-26T21:22:31.054Z,38.2403,22.0656,28.035,4.1,mb,43,78,1.066,1.09,us,us6000lzxf,2024-03-02T21:39:31.040Z,"1 km WSW of Aígio, Greece",earthquake,6.1,4.577,0.139,14,reviewed,us,us
2023-12-24T22:34:34.815Z,34.7457,26.3124,10,4.1,mb,40,131,1.287,0.77,us,us7000llaw,2024-03-02T21:39:39.040Z,"50 km S of Palekastro, Greece",earthquake,6.82,1.783,0.114,21,reviewed,us,us
2023-12-13T02:43:18.518Z,36.209,25.6913,10,4.2,mb,31,88,1.127,0.56,us,us7000lk28,2024-02-17T22:43:13.040Z,"27 km SE of Emporeío, Greece",earthquake,3.59,1.828,0.236,5,reviewed,us,us
2023-12-12T12:48:55.312Z,36.6847,21.3846,10,4.4,mb,28,193,0.656,0.42,us,us7000lics,2024-02-17T22:43:06.040Z,"32 km WSW of Methóni, Greece",earthquake,8.29,1.969,0.535,1,reviewed,us,us
2023-12-10T09:52:33.292Z,35.4865,22.5254,52.501,4.2,mb,35,176,1.757,0.98,us,us7000lj8k,2024-02-17T22:43:10.040Z,"84 km SSW of Kýthira, Greece",earthquake,4.43,10.284,0.128,17,reviewed,us,us
2023-12-03T08:37:59.395Z,37.4528,22.1364,70.2,4.3,mb,60,58,0.321,0.45,us,us7000lfsr,2024-02-10T23:47:24.040Z,"5 km N of Megalópoli, Greece",earthquake,6.38,5.742,0.114,22,reviewed,us,us
2023-11-30T12:39:18.880Z,37.8104,20.4122,10,4.2,mwr,73,50,1.359,0.79,us,us7000lerz,2024-02-06T21:53:54.040Z,"30 km W of Katastárion, Greece",earthquake,5.6,1.832,0.093,11,reviewed,us,us
2023-11-29T05:20:08.432Z,35.1489,21.2362,10,4.4,mb,54,85,2.101,0.5,us,us7000leh7,2024-02-06T21:53:54.040Z,"190 km SSW of Methóni, Greece",earthquake,7.18,1.885,0.12,21,reviewed,us,us
2023-11-22T01:42:11.294Z,38.157,22.0289,76.958,4.1,mb,27,75,0.98,0.44,us,us6000lr23,2024-02-01T15:13:45.040Z,"11 km SSW of Aígio, Greece",earthquake,3.83,10.721,0.235,5,reviewed,us,us
2023-11-21T10:12:32.207Z,37.4742,20.6715,10,4.3,mb,28,162,1.042,0.38,us,us6000lqiw,2024-02-01T15:13:44.040Z,"30 km SSW of Lithakiá, Greece",earthquake,6.28,1.949,0.202,7,reviewed,us,us
2023-11-07T18:30:05.381Z,39.4858,20.4468,18.602,4.5,mb,67,54,1.634,1.06,us,us7000l9ei,2024-01-18T21:16:56.879Z,"5 km WNW of Paramythi?, Greece",earthquake,1.81,3.859,0.091,37,reviewed,us,us
2023-11-05T13:50:46.460Z,41.0619,19.9627,19.155,4.1,mb,25,60,0.295,0.95,us,us7000l90s,2024-01-13T23:10:05.040Z,"3 km NNW of Cërrik, Albania",earthquake,4.54,6.252,0.261,5,reviewed,us,us
2023-11-03T06:26:38.324Z,38.6857,23.5581,10.365,5.1,mww,94,39,1.982,0.58,us,us7000l8ij,2024-01-10T06:01:46.040Z,"7 km SE of Prokópi, Greece",earthquake,5.6,3.846,0.056,31,reviewed,us,us
2023-10-29T10:59:30.442Z,38.1156,22.6787,10,4.4,mb,68,65,1.11,0.46,us,us7000l7d9,2024-01-10T06:01:10.040Z,"5 km NE of Xylókastro, Greece",earthquake,5.35,1.681,0.095,32,reviewed,us,us
2023-10-26T07:24:22.670Z,35.0916,26.6487,10,4.3,mb,37,140,1.454,0.41,us,us7000l6gs,2024-01-04T04:22:17.040Z,"37 km ESE of Palekastro, Greece",earthquake,6.09,1.901,0.104,26,reviewed,us,us
2023-10-26T07:18:43.147Z,35.0652,26.6837,10,4.3,mb,52,132,1.486,0.6,us,us7000l6gt,2024-01-04T04:22:16.040Z,"41 km ESE of Palekastro, Greece",earthquake,7.25,1.934,0.104,26,reviewed,us,us
2023-10-25T00:39:40.067Z,35.2636,21.8722,35,4.2,mb,38,203,1.912,0.88,us,us7000l7k1,2024-01-04T04:22:09.040Z,"141 km SW of Kýthira, Greece",earthquake,8.31,1.992,0.216,6,reviewed,us,us
2023-10-25T00:36:13.404Z,35.397,21.9227,42.525,4.4,mb,58,72,1.778,0.7,us,us7000l63x,2024-01-04T04:22:09.040Z,"127 km SW of Kýthira, Greece",earthquake,7.06,7.608,0.098,30,reviewed,us,us
2023-10-22T08:13:38.200Z,38.9029,22.363,10,4.4,mb,52,54,1.203,0.68,us,us6000lh9v,2024-01-04T04:21:51.040Z,"0 km NW of Stavrós, Greece",earthquake,4.79,1.873,0.143,14,reviewed,us,us
2023-10-21T06:19:56.007Z,36.1269,23.646,75.33,4.2,mb,20,158,1.314,0.6,us,us7000l69h,2023-12-26T21:25:01.040Z,"59 km E of Kýthira, Greece",earthquake,6.46,10.414,0.2,7,reviewed,us,us
2023-10-21T03:47:53.507Z,34.8484,26.4061,10,4.3,mb,52,109,1.319,1.27,us,us6000lh2v,2023-12-26T21:24:50.040Z,"41 km SSE of Palekastro, Greece",earthquake,6.76,1.886,0.125,18,reviewed,us,us
2023-10-17T14:51:11.060Z,37.4208,23.1739,99.051,4.4,mb,120,46,1.025,0.84,us,us6000lg68,2023-12-26T21:24:28.040Z,"4 km ENE of Koilás, Greece",earthquake,5.88,5.984,0.068,62,reviewed,us,us
2023-10-13T03:33:14.082Z,37.851,24.1553,10,4.4,mb,40,74,1.896,0.85,us,us6000lf9u,2023-12-16T22:13:08.040Z,"14 km ESE of Limín Mesoyaías, Greece",earthquake,5.66,1.904,0.149,13,reviewed,us,us
2023-10-11T18:45:41.506Z,39.1017,21.3788,41.122,4.3,mb,73,57,1.318,1.03,us,us6000lg5z,2023-12-16T22:13:09.040Z,"23 km ENE of Menídi, Greece",earthquake,5.25,7.524,0.13,17,reviewed,us,us
2023-09-25T07:09:18.282Z,38.1984,22.461,10,4.2,mb,26,61,1.103,0.47,us,us6000lbpq,2023-12-09T22:00:41.040Z,"10 km ENE of Aíyira, Greece",earthquake,6.05,1.959,0.305,3,reviewed,us,us
2023-09-25T01:48:10.826Z,38.1061,22.6575,10,4.2,mb,53,52,1.093,0.57,us,us7000kxwn,2023-12-09T22:00:45.040Z,"3 km NE of Xylókastro, Greece",earthquake,4.09,1.72,0.146,13,reviewed,us,us
2023-09-25T01:09:10.682Z,38.1475,22.7744,11.972,4.3,mb,42,66,1.179,0.51,us,us7000kxwh,2023-12-09T22:00:45.040Z,"14 km NNE of Káto Dhiminió, Greece",earthquake,5.24,1.791,0.161,11,reviewed,us,us
2023-09-21T07:00:51.574Z,38.1688,20.7985,10,4.1,mb,33,88,1.333,0.47,us,us7000kx1r,2024-01-18T20:56:09.140Z,"2 km NE of P?ros, Greece",earthquake,5.47,1.728,0.214,6,reviewed,us,us
2023-09-15T22:57:15.427Z,37.0618,23.9203,119.378,4.2,mb,50,72,1.599,0.67,us,us7000kw3i,2023-11-18T22:29:35.040Z,"51 km SE of Ýdra, Greece",earthquake,6.64,4.683,0.132,16,reviewed,us,us
2023-09-13T00:51:16.993Z,35.2027,22.6941,47.718,4.1,mb,51,109,1.799,0.79,us,us7000kveg,2023-11-18T22:29:33.040Z,"89 km W of Palaióchora, Greece",earthquake,6.94,8.02,0.174,9,reviewed,us,us
2023-09-08T01:06:12.852Z,36.0203,25.0252,10,4.3,mb,36,82,0.739,0.73,us,us7000ku2q,2023-11-17T19:47:50.040Z,"53 km SW of Emporeío, Greece",earthquake,5.7,1.921,0.129,17,reviewed,us,us
2023-09-02T06:17:53.514Z,40.2459,20.5719,10,4.5,mb,57,74,0.571,0.78,us,us7000kstr,2023-11-04T21:36:17.040Z,"10 km NNW of Leskovik, Albania",earthquake,2.51,1.899,0.089,37,reviewed,us,us
2023-08-28T22:10:19.406Z,35.7724,25.4996,11.932,4.5,mb,74,76,0.693,0.61,us,us7000krp7,2023-11-04T21:35:43.040Z,"50 km N of Limín Khersonísou, Greece",earthquake,2.6,4.358,0.066,67,reviewed,us,us
2023-08-28T11:12:25.928Z,38.285,22.0863,11.267,4.2,mb,43,109,2.274,0.59,us,us7000krgi,2023-11-04T21:35:40.040Z,"3 km ENE of Rododáfni, Greece",earthquake,6.9,5.464,0.124,18,reviewed,us,us
2023-08-13T07:49:31.309Z,35.2795,23.8505,10,5.1,mb,187,48,0.851,0.61,us,us6000kznp,2023-10-27T21:39:00.040Z,"16 km ENE of Palaióchora, Greece",earthquake,5.92,1.802,0.03,355,reviewed,us,us
2023-08-08T18:54:10.305Z,36.0635,22.3356,45.156,4.4,mb,42,107,1.161,0.57,us,us6000kypy,2023-10-17T22:01:28.040Z,"59 km W of Kýthira, Greece",earthquake,2.82,8.934,0.131,17,reviewed,us,us
2023-08-04T20:19:49.592Z,40.1089,19.9655,18.695,4.1,mb,31,84,0.23,0.95,us,us6000kxyd,2023-10-07T21:38:58.040Z,"15 km WNW of Gjirokastër, Albania",earthquake,3.53,4.921,0.197,8,reviewed,us,us
2023-08-03T02:18:48.753Z,34.7042,26.2947,53.353,4.7,mb,103,102,1.292,0.74,us,us6000kxfq,2023-10-07T21:38:57.040Z,"54 km S of Palekastro, Greece",earthquake,7.45,6.164,0.061,83,reviewed,us,us
2023-08-01T21:52:46.899Z,34.9358,26.2338,39.824,4.3,mb,32,107,1.156,0.97,us,us6000kx6d,2023-10-07T21:38:56.040Z,"29 km S of Palekastro, Greece",earthquake,8.17,6.622,0.126,18,reviewed,us,us
2023-07-17T12:04:26.055Z,36.5466,23.0342,67.82,4.2,mb,31,134,1.09,0.47,us,us7000kgby,2023-09-28T21:33:37.040Z,"15 km S of Géfyra, Greece",earthquake,7.36,10.279,0.159,11,reviewed,us,us
2023-07-11T09:52:18.835Z,39.3804,26.2468,10,3.4,ml,24,84,0.597,0.5,us,us7000ketw,2023-09-16T19:16:09.040Z,"Aegean, Greece",earthquake,1.53,1.964,0.073,25,reviewed,us,us
2023-07-08T14:38:42.254Z,38.5691,21.9209,11.961,4.2,mb,29,108,1.388,0.99,us,us6000kqz9,2023-09-09T21:55:00.040Z,"21 km NNE of Náfpaktos, Greece",earthquake,5.53,5.359,0.374,3,reviewed,us,us
2023-07-08T14:02:51.014Z,38.5479,21.8696,10,4.8,mb,56,93,1.368,0.71,us,us6000kqz4,2023-09-09T21:55:00.040Z,"17 km NNE of Náfpaktos, Greece",earthquake,4.12,1.868,0.061,83,reviewed,us,us
2023-06-30T07:49:46.362Z,36.5258,25.6829,11.1,4.3,mb,63,111,1.992,0.88,us,us6000kp1h,2023-09-08T14:18:29.040Z,"25 km ENE of Mesariá, Greece",earthquake,6.59,4.746,0.116,21,reviewed,us,us
2023-06-26T09:15:21.303Z,40.2012,20.6142,10,4.3,mwr,64,75,0.57,1.43,us,us7000kb3q,2023-09-08T14:18:42.040Z,"Greece-Albania border region",earthquake,6.13,1.872,0.078,16,reviewed,us,us
2023-06-23T10:56:23.016Z,39.1031,20.5575,10,4.2,mb,36,110,0.888,0.44,us,us7000kaii,2023-08-26T20:54:27.040Z,"14 km SSW of Kanaláki, Greece",earthquake,3.3,1.877,0.159,11,reviewed,us,us
2023-06-15T22:02:57.432Z,34.9699,23.4992,52.255,4.1,mb,47,246,1.183,0.64,us,us7000k8t3,2023-08-21T04:19:01.040Z,"33 km SSW of Palaióchora, Greece",earthquake,9.56,11.129,0.09,34,reviewed,us,us
2023-06-11T22:29:24.379Z,38.6043,22.9198,10,4,mb,44,55,1.534,0.84,us,us7000k7wn,2023-08-21T04:18:42.040Z,"8 km SW of Atalánti, Greece",earthquake,4.14,1.945,0.138,14,reviewed,us,us
2023-06-10T10:04:51.681Z,38.5793,22.9114,12.001,4.2,mwr,53,55,1.557,0.59,us,us7000k7m7,2023-08-12T17:15:15.040Z,"10 km NNE of Chairóneia, Greece",earthquake,3.89,4.848,0.065,23,reviewed,us,us
2023-06-08T12:33:53.310Z,38.6013,22.9574,10,4.8,mb,122,35,1.543,0.51,us,us7000k74e,2023-08-12T17:15:09.040Z,"6 km SSW of Atalánti, Greece",earthquake,4.51,1.783,0.043,167,reviewed,us,us
2023-06-02T13:23:42.201Z,34.9635,23.5886,54.483,4.1,mb,48,155,1.115,0.78,us,us7000k5s7,2023-08-05T22:07:47.040Z,"30 km SSW of Palaióchora, Greece",earthquake,7.03,8.736,0.101,28,reviewed,us,us
2023-05-27T15:49:30.171Z,38.2762,21.7675,10,4.3,mb,28,125,1.103,0.89,us,us7000k4ha,2023-07-29T22:00:44.040Z,"2 km SW of Río, Greece",earthquake,5.43,1.935,0.218,6,reviewed,us,us
2023-05-23T03:17:06.505Z,36.4414,22.1083,51.074,4,mb,48,153,0.75,0.53,us,us7000k35f,2023-07-29T22:00:30.040Z,"41 km SSE of Koróni, Greece",earthquake,6.9,8.306,0.183,8,reviewed,us,us
2023-05-21T04:36:05.239Z,34.9574,24.8545,10,4.5,mb,51,130,0.331,0.75,us,us6000kdk6,2023-07-29T22:00:25.040Z,"10 km S of Moíres, Greece",earthquake,3.66,1.848,0.079,47,reviewed,us,us
2023-05-20T00:48:12.754Z,34.9443,24.9064,10,4.8,mb,86,114,0.343,0.63,us,us6000kdby,2023-07-24T01:15:41.040Z,"12 km SSE of Moíres, Greece",earthquake,5.8,1.825,0.048,136,reviewed,us,us
2023-05-19T23:46:09.682Z,36.9758,22.0873,5.197,3.1,ml,14,177,0.24,0.55,us,us6000kdbp,2023-07-24T01:15:42.040Z,"7 km WSW of Paralía Vérgas, Greece",earthquake,5.59,11.791,0.081,20,reviewed,us,us
2023-05-19T00:10:57.824Z,34.9234,24.736,10,4.1,mb,68,112,0.385,0.64,us,us6000kczv,2023-07-24T01:16:08.040Z,"16 km S of Tympáki, Greece",earthquake,5.51,1.759,0.098,28,reviewed,us,us
2023-05-18T23:52:54.505Z,34.9442,24.8278,10,4.3,mb,94,120,0.347,0.71,us,us6000kczr,2023-07-24T01:16:08.040Z,"12 km SSW of Moíres, Greece",earthquake,2.51,1.853,0.083,41,reviewed,us,us
2023-05-18T23:20:55.824Z,35.0007,24.9164,13.406,4.2,mb,78,111,0.287,0.93,us,us6000kczm,2023-07-24T01:16:09.040Z,"Crete, Greece",earthquake,5.47,3.956,0.085,38,reviewed,us,us
2023-05-18T18:58:51.137Z,34.9922,24.8491,10.789,5.1,mww,124,42,0.297,0.82,us,us6000kcxi,2023-07-24T01:16:11.040Z,"6 km SSW of Moíres, Greece",earthquake,7.09,3.432,0.08,15,reviewed,us,us
2023-05-18T05:42:34.728Z,38.0369,22.7148,10.49,4.2,mb,48,69,1.062,0.64,us,us6000kcr2,2023-07-24T01:16:18.040Z,"2 km NW of Káto Dhiminió, Greece",earthquake,5.81,5.067,0.132,16,reviewed,us,us
2023-05-17T19:55:53.713Z,34.924,24.9,10,4.4,mb,115,63,0.363,0.76,us,us6000kclg,2023-07-24T01:16:23.040Z,"Crete, Greece",earthquake,5.44,1.221,0.056,94,reviewed,us,us
2023-05-13T17:03:54.676Z,40.5052,22.2885,10,2.6,ml,12,66,0.43,0.22,us,us6000kbsk,2023-07-22T19:16:14.040Z,"3 km NW of Vergína, Greece",earthquake,4.35,2.004,0.077,22,reviewed,us,us
2023-05-10T22:42:24.626Z,35.058,22.4107,44.221,4.2,mb,22,215,2.044,0.35,us,us6000kazy,2024-01-18T19:56:04.213Z,"117 km W of Palai?chora, Greece",earthquake,9.12,13.106,0.236,5,reviewed,us,us
2023-05-08T04:53:13.197Z,37.5942,20.0143,25.903,4.4,mb,87,61,1.578,0.81,us,us6000kabj,2023-07-22T19:16:21.040Z,"70 km WSW of Katastárion, Greece",earthquake,4.83,5.063,0.077,49,reviewed,us,us
2023-05-06T14:43:24.934Z,34.9889,23.4985,53.937,4.5,mb,49,62,1.179,0.88,us,us6000ka1h,2023-07-15T22:10:09.040Z,"31 km SSW of Palaióchora, Greece",earthquake,7.82,7.551,0.07,60,reviewed,us,us
2023-05-04T01:50:01.109Z,40.4326,26.2194,10,4.2,mb,39,70,0.881,0.66,us,us6000k9dn,2023-07-15T22:09:34.040Z,"29 km NNW of Eceabat, Turkey",earthquake,3.63,1.858,0.264,4,reviewed,us,us
2023-05-01T15:06:05.052Z,39.5797,20.5803,21.023,4.3,mb,88,41,1.472,0.97,us,us7000jxcm,2023-07-15T22:10:46.040Z,"13 km NNE of Paramythiá, Greece",earthquake,4.13,4.592,0.103,27,reviewed,us,us
2023-04-29T18:02:56.847Z,38.3618,22.1517,6.824,4.5,mb,88,36,0.674,0.64,us,us7000jx0r,2023-07-11T01:44:35.040Z,"13 km NE of Rododáfni, Greece",earthquake,3.88,3.596,0.057,93,reviewed,us,us
2023-04-26T20:00:34.782Z,36.4294,26.3159,116.496,5.1,mww,117,35,1.474,0.77,us,us7000jw42,2024-01-18T19:52:20.744Z,"13 km SSW of Astyp?laia, Greece",earthquake,5.97,5.166,0.05,38,reviewed,us,us
2023-04-22T08:38:50.321Z,38.1178,24.3199,10,4.2,mb,18,73,1.798,0.98,us,us7000jwm4,2023-07-03T02:46:41.040Z,"7 km N of Marmárion, Greece",earthquake,5.03,1.968,0.199,7,reviewed,us,us
2023-04-22T08:38:04.909Z,38.2675,24.3226,10,4.6,mwr,67,56,1.728,0.73,us,us6000k6an,2023-07-03T02:46:41.040Z,"Aegean Sea",earthquake,4.51,1.656,0.056,31,reviewed,us,us
2023-04-19T03:52:37.668Z,37.2475,21.2348,46.772,4.2,mb,42,94,0.555,0.56,us,us6000k5fm,2023-07-03T02:47:12.040Z,"32 km WNW of Filiatrá, Greece",earthquake,6.84,7.235,0.141,14,reviewed,us,us
2023-04-17T21:06:37.735Z,39.6837,22.3126,16.182,4.3,mb,42,41,0.662,0.86,us,us6000k561,2023-07-03T02:47:24.040Z,"6 km SSE of Týrnavos, Greece",earthquake,5.08,4.864,0.142,14,reviewed,us,us
2023-04-13T23:01:51.867Z,35.5321,22.1789,10,4.1,mb,29,193,1.656,0.32,us,us6000k5ja,2023-06-17T21:37:02.040Z,"100 km SW of Kýthira, Greece",earthquake,7.59,1.866,0.214,6,reviewed,us,us
2023-04-13T18:25:22.005Z,35.1255,23.1674,43.297,4.2,mb,46,129,1.42,0.82,us,us6000k5j6,2023-06-17T21:37:02.040Z,"Crete, Greece",earthquake,8.03,6.334,0.128,17,reviewed,us,us
2023-04-10T22:35:43.423Z,34.7857,26.3309,43.713,4.1,mb,60,94,1.284,0.6,us,us6000k3d9,2023-06-17T21:36:44.040Z,"46 km S of Palekastro, Greece",earthquake,6.37,8.076,0.075,49,reviewed,us,us
2023-04-04T04:54:50.399Z,35.4865,21.9389,42.939,4.1,mb,30,133,1.689,0.38,us,us6000k3is,2023-06-13T03:13:07.040Z,"120 km SW of Kýthira, Greece",earthquake,5.19,9.826,0.214,6,reviewed,us,us
2023-04-02T00:45:59.712Z,37.8062,21.0953,34.009,4,mb,52,118,0.91,0.85,us,us6000k1f3,2023-06-13T03:13:31.040Z,"4 km SSW of Arkoúdi, Greece",earthquake,6.8,7.243,0.196,7,reviewed,us,us
2023-03-31T16:05:17.316Z,37.268,24.1069,129.141,4.8,mb,75,56,1.744,0.73,us,us6000k168,2023-06-03T22:06:14.040Z,"37 km WNW of Sérifos, Greece",earthquake,5.96,5.571,0.049,126,reviewed,us,us
2023-03-25T20:56:06.470Z,34.692,25.3067,39.189,4.1,mb,68,172,2.754,0.76,us,us7000jmqw,2023-05-26T21:54:21.040Z,"37 km SSE of Pýrgos, Greece",earthquake,9.36,8.271,0.074,59,reviewed,us,us
2023-03-24T03:51:48.068Z,38.3265,21.9579,9.64,4.3,mb,46,69,1.146,0.62,us,us7000jmbv,2023-05-26T21:54:15.040Z,"4 km NW of Kamárai, Greece",earthquake,3.76,4.589,0.153,12,reviewed,us,us
2023-03-23T03:30:41.839Z,40.4096,20.6264,10,4.5,mb,60,60,0.714,0.67,us,us7000jm3h,2023-05-26T21:54:13.040Z,"9 km NNW of Ersekë, Albania",earthquake,3.32,1.839,0.204,7,reviewed,us,us
2023-03-23T02:09:34.565Z,40.4158,20.6663,10,4,mb,40,61,0.739,0.62,us,us7000jm39,2023-05-26T21:54:13.040Z,"8 km N of Ersekë, Albania",earthquake,3.56,1.94,0.183,8,reviewed,us,us
2023-03-23T01:43:20.529Z,40.468,20.713,14.367,4.9,mb,101,36,0.802,0.76,us,us7000jm2z,2023-05-26T21:54:13.040Z,"14 km NNE of Ersekë, Albania",earthquake,3.08,3.084,0.06,88,reviewed,us,us
2023-03-22T07:44:01.648Z,37.798,20.9915,10,4.5,mb,48,121,0.966,0.97,us,us7000jlwa,2023-05-26T21:54:11.040Z,"8 km ENE of Zakynthos, Greece",earthquake,6.16,1.893,0.243,5,reviewed,us,us
2023-03-21T00:20:13.895Z,38.9742,21.1394,10,4.5,mwr,128,42,0.934,0.9,us,us7000jljx,2023-05-26T21:54:09.040Z,"Greece",earthquake,5.44,1.786,0.065,23,reviewed,us,us
2023-03-17T13:45:43.707Z,37.7831,21.2746,28.411,4.4,mb,68,76,0.795,0.75,us,us7000jku7,2023-05-20T23:20:33.040Z,"4 km SSW of Savália, Greece",earthquake,4.26,5.324,0.093,33,reviewed,us,us
2023-03-14T16:35:59.096Z,35.5167,22.179,10,5.4,mww,140,36,1.671,0.95,us,us7000jjve,2024-10-09T16:59:52.355Z,"101 km SW of K?thira, Greece",earthquake,3.6,1.785,0.04,61,reviewed,us,us
2023-03-08T23:41:49.099Z,36.4788,19.8034,38.4,4.2,mb,38,178,1.84,0.5,us,us7000jibi,2023-05-15T02:49:58.040Z,"165 km SSW of Lithakiá, Greece",earthquake,3.51,9.234,0.12,19,reviewed,us,us
2023-02-28T17:43:45.088Z,41.0174,19.7343,10,4.2,mb,70,56,0.344,1.06,us,us7000jgaw,2023-05-08T01:59:57.040Z,"3 km SSW of Peqin, Albania",earthquake,3.55,1.868,0.095,36,reviewed,us,us
2023-02-28T15:56:39.444Z,35.9146,22.2039,43.906,4.4,mb,62,124,1.281,1.01,us,us7000jg9e,2023-05-08T01:59:56.040Z,"central Mediterranean Sea",earthquake,4.18,6.715,0.095,32,reviewed,us,us
2023-02-22T12:35:25.655Z,38.6361,22.0933,12.634,4.2,mb,24,112,0.429,0.41,us,us6000jqt0,2023-04-29T21:57:26.040Z,"15 km NW of Lidoríki, Greece",earthquake,4.77,5.135,0.186,8,reviewed,us,us
2023-02-20T17:09:53.278Z,36.0101,22.1487,28.68,4.6,mb,23,204,1.18,0.72,us,us7000jgai,2023-04-29T21:57:17.040Z,"77 km WSW of Kýthira, Greece",earthquake,8.01,4.835,0.182,9,reviewed,us,us
2023-02-18T20:14:30.760Z,37.2818,20.8574,10,4.6,mb,36,130,0.858,1.14,us,us6000jpyy,2023-04-22T21:33:20.040Z,"48 km S of Lithakiá, Greece",earthquake,7.26,1.717,0.087,39,reviewed,us,us
2023-02-18T17:32:57.375Z,35.8281,25.509,10,4.7,mwr,109,41,2.152,0.56,us,us6000jpy6,2023-04-22T21:33:19.040Z,"57 km N of Limín Khersonísou, Greece",earthquake,6.98,1.846,0.078,16,reviewed,us,us
2023-02-13T20:39:39.704Z,38.3583,23.3846,10,4.1,mb,44,96,1.054,0.96,us,us6000jnmp,2023-04-22T21:33:06.040Z,"6 km ENE of Thívai, Greece",earthquake,3.76,1.895,0.262,4,reviewed,us,us
2023-02-09T10:57:36.082Z,41.0349,20.2787,10,4.2,mb,47,45,0.442,1.01,us,us6000jmq1,2023-04-15T21:39:51.040Z,"18 km SSW of Librazhd-Qendër, Albania",earthquake,5.11,1.883,0.264,6,reviewed,us,us
2023-02-07T10:53:22.247Z,40.1816,23.6427,10,4.9,mb,80,79,1.732,0.43,us,us6000jm7j,2023-04-15T21:39:43.040Z,"4 km SSW of Níkiti, Greece",earthquake,5.91,1.865,0.067,69,reviewed,us,us
2023-02-03T12:44:14.853Z,36.7689,21.6393,29.528,4.2,mb,43,185,0.469,0.58,us,us6000jl5y,2023-04-13T21:53:21.040Z,"8 km SW of Methóni, Greece",earthquake,8.15,4.144,0.137,15,reviewed,us,us
2023-02-01T10:53:21.381Z,40.1361,22.8003,15.031,4.6,mb,41,61,1.17,0.77,us,us6000jkpt,2023-04-13T21:53:15.040Z,"22 km ENE of Leptokaryá, Greece",earthquake,3.97,4.566,0.223,6,reviewed,us,us
2023-01-29T05:09:11.827Z,37.5621,20.9654,33.543,4.3,mb,83,59,0.855,0.53,us,us6000jk3z,2023-04-13T21:53:08.040Z,"Ionian Sea",earthquake,6.49,4.387,0.088,39,reviewed,us,us
2023-01-22T04:46:46.879Z,38.8689,22.9378,10,4.6,mb,72,47,0.493,0.76,us,us7000j667,2023-04-11T18:51:51.040Z,"9 km W of Aidipsós, Greece",earthquake,3.26,1.818,0.098,31,reviewed,us,us
2023-01-19T02:22:27.227Z,39.488,25.8234,10,4.3,mwr,91,47,0.937,0.69,us,us7000j5e7,2023-03-31T19:45:20.040Z,"33 km WNW of Míthymna, Greece",earthquake,4.34,1.809,0.078,16,reviewed,us,us
2023-01-18T18:22:50.421Z,38.2915,21.8411,10,4.2,mb,45,102,0.825,0.89,us,us7000j5al,2023-03-31T19:45:14.040Z,"2 km NNE of Áno Kastrítsi, Greece",earthquake,3.51,1.644,0.146,13,reviewed,us,us
2023-01-16T18:23:23.807Z,41.468,20.0656,9.383,4.3,mb,47,39,0.194,0.84,us,us7000j4rc,2023-03-31T19:44:41.040Z,"4 km SSW of Klos, Albania",earthquake,3.98,4.083,0.154,13,reviewed,us,us
2023-01-15T21:45:41.552Z,41.5072,19.9862,10,4.1,mb,32,40,0.185,0.66,us,us7000j4kl,2023-03-31T19:44:29.040Z,"8 km W of Klos, Albania",earthquake,4.68,1.972,0.301,3,reviewed,us,us
2023-01-15T21:37:21.763Z,41.4466,19.996,17.416,4.7,mwr,105,37,0.141,0.79,us,us7000j4kh,2023-03-31T19:44:29.040Z,"10 km SW of Klos, Albania",earthquake,3.5,2.248,0.047,43,reviewed,us,us
2023-01-12T08:35:17.576Z,38.3867,23.5246,6.609,4.1,mb,24,116,1.125,0.48,us,us7000j5tq,2023-03-20T06:04:00.040Z,"5 km NE of Árma, Greece",earthquake,3.89,5.353,0.198,7,reviewed,us,us
2023-01-12T02:02:01.621Z,37.1995,20.9112,35.684,4.3,mb,22,193,0.81,0.85,us,us7000j5t9,2023-03-20T06:03:59.040Z,"58 km S of Lithakiá, Greece",earthquake,3.88,10.373,0.308,3,reviewed,us,us
2023-01-10T18:11:09.788Z,35.5995,25.8618,10.052,4.4,mwr,84,56,1.934,0.68,us,us7000j3gn,2024-01-18T19:11:11.126Z,"39 km NNE of Elo?nda, Greece",earthquake,7.5,3.996,0.098,10,reviewed,us,us
2023-01-10T07:38:31.557Z,39.4874,26.2503,10,4.9,mwr,79,33,0.909,0.8,us,us7000j3cr,2023-03-20T06:03:12.040Z,"7 km W of Behram, Turkey",earthquake,4.77,1.866,0.066,22,reviewed,us,us
2023-01-09T22:59:58.151Z,35.5311,25.8453,10,4.3,mb,61,60,1.97,0.73,us,us7000j3b4,2023-03-20T06:03:10.040Z,"Crete, Greece",earthquake,5.34,1.848,0.077,48,reviewed,us,us
2023-01-09T07:11:57.126Z,35.6632,25.7797,10,4.3,mb,68,147,1.978,0.4,us,us7000j32w,2023-03-20T06:03:03.040Z,"44 km N of Eloúnda, Greece",earthquake,7.31,1.876,0.081,43,reviewed,us,us
2023-01-09T02:50:39.199Z,40.3766,19.4481,15.967,4.1,mb,39,100,0.652,1.34,us,us7000j31z,2023-03-20T06:03:02.040Z,"6 km NNW of Orikum, Albania",earthquake,1.6,5.893,0.174,9,reviewed,us,us
2023-01-07T06:39:29.727Z,39.4132,26.1996,12.538,4.6,mwr,94,74,1.475,0.78,us,us7000j2re,2023-03-11T22:51:44.040Z,"Near the coast of western Turkey",earthquake,5.85,4.988,0.08,15,reviewed,us,us
2023-01-07T01:52:58.152Z,39.389,26.1735,10,4.8,mwr,82,47,1.497,0.83,us,us7000j2pq,2023-03-11T22:51:44.040Z,"2 km N of Míthymna, Greece",earthquake,2.29,1.829,0.054,33,reviewed,us,us
2023-01-04T20:03:55.500Z,38.7749,23.6272,7.867,4.4,mb,55,89,1.037,0.76,us,us7000j252,2023-03-11T22:51:39.040Z,"Greece",earthquake,4.77,4.603,0.154,12,reviewed,us,us
2023-01-03T21:42:33.890Z,36.3591,21.9463,20.461,4.2,mb,32,218,0.818,0.64,us,us7000j1xi,2023-03-11T22:51:37.040Z,"48 km S of Koróni, Greece",earthquake,6.8,7.169,0.152,12,reviewed,us,us
2023-01-03T20:49:06.835Z,36.4342,22.0756,28.999,4.1,mb,64,170,0.753,0.71,us,us7000j1wx,2023-03-11T22:51:36.040Z,"southern Greece",earthquake,8.18,6.411,0.086,40,reviewed,us,us
2023-01-02T19:06:23.573Z,35.531,25.8574,10,4,mb,44,204,1.961,0.98,us,us7000j1nd,2023-03-11T22:51:33.040Z,"Crete, Greece",earthquake,7.93,1.935,0.102,26,reviewed,us,us
2023-01-02T11:54:15.277Z,36.1405,21.6628,31.528,4.1,mb,31,191,1.057,0.76,us,us7000j1lp,2023-03-11T22:51:32.040Z,"75 km S of Methóni, Greece",earthquake,8.29,4.07,0.174,9,reviewed,us,us
2023-01-02T08:12:28.553Z,35.729,25.8377,10,4.4,mb,90,69,1.914,0.5,us,us7000j1k7,2024-01-18T19:08:18.536Z,"52 km NNE of Elo?nda, Greece",earthquake,6.62,1.877,0.068,62,reviewed,us,us
2023-01-02T05:28:07.821Z,36.2865,21.8713,35,4.6,mb,94,110,0.891,0.68,us,us7000j1in,2023-03-11T22:51:31.040Z,"56 km S of Koróni, Greece",earthquake,7.99,1.92,0.055,97,reviewed,us,us
2022-12-29T21:11:57.286Z,36.3238,22.1285,10,4.1,mwr,119,40,0.869,0.61,us,us7000j0x4,2023-03-07T18:59:58.040Z,"54 km SSE of Koróni, Greece",earthquake,5.56,1.815,0.054,33,reviewed,us,us
2022-12-28T12:24:20.725Z,38.5814,23.7093,10.314,5,mww,156,44,1.159,0.52,us,us7000j0m2,2023-03-07T18:59:55.040Z,"5 km E of Psachná, Greece",earthquake,5.49,3.85,0.062,25,reviewed,us,us
2022-12-26T04:33:43.840Z,38.2735,24.253,9.853,4.2,mb,32,57,1.676,0.66,us,us6000jbql,2024-01-18T17:40:08.678Z,"11 km NNE of N?a St?ra, Greece",earthquake,2.38,5.27,0.237,5,reviewed,us,us
2022-12-18T12:11:01.654Z,38.2398,24.233,10,4,mwr,31,90,1.678,0.76,us,us6000ja4w,2023-02-28T23:06:26.040Z,"7 km NNE of Néa Stíra, Greece",earthquake,5.03,1.726,0.065,23,reviewed,us,us
2022-12-18T05:01:13.446Z,39.8169,24.2135,16.105,4.5,mb,34,68,1.356,0.51,us,us6000ja3f,2023-02-28T23:06:25.040Z,"Aegean Sea",earthquake,5.65,4.538,0.241,7,reviewed,us,us
2022-12-17T00:39:19.416Z,35.4487,22.6647,46.374,4.2,mb,39,194,1.826,0.8,us,us6000j9wb,2024-01-18T17:35:44.306Z,"83 km SSW of K?thira, Greece",earthquake,9,10.472,0.216,6,reviewed,us,us
2022-12-14T15:28:48.137Z,38.2824,24.2543,5.289,4.3,mwr,47,57,1.673,0.61,us,us6000j97a,2023-02-18T22:04:10.040Z,"Thessaly and Central Greece, Greece",earthquake,5.75,4.61,0.08,15,reviewed,us,us
2022-12-13T17:33:09.306Z,38.2628,22.0759,75.83,4.2,mb,37,140,0.784,0.49,us,us6000j917,2023-02-18T22:04:08.040Z,"1 km NNW of Aígio, Greece",earthquake,5.55,5.446,0.128,18,reviewed,us,us
2022-12-11T01:59:11.020Z,34.6985,23.9544,52.931,4.4,mb,67,77,0.967,0.98,us,us6000j8ie,2023-02-18T22:04:02.040Z,"19 km SW of Kastrí, Greece",earthquake,7.56,5.605,0.084,42,reviewed,us,us
2022-12-03T20:59:09.074Z,36.8869,20.9326,30.82,4.3,mb,113,151,0.846,0.78,us,us6000j6qw,2023-02-11T23:03:04.040Z,"central Mediterranean Sea",earthquake,6.42,6.219,0.075,51,reviewed,us,us
2022-11-29T23:46:05.443Z,38.095,20.1219,10,4.4,mb,57,98,1.699,0.56,us,us6000j5ml,2023-02-05T23:25:21.040Z,"Greece",earthquake,6.09,1.923,0.105,26,reviewed,us,us
2022-11-29T20:06:39.367Z,38.2977,24.2549,4.91,4.8,mwr,119,44,1.667,0.74,us,us6000j5lc,2023-02-05T23:25:17.040Z,"13 km NNE of Néa Stíra, Greece",earthquake,4.37,2.848,0.065,23,reviewed,us,us
2022-11-29T05:23:36.261Z,38.2921,24.3256,10,4.1,mb,40,69,1.719,0.62,us,us7000it6x,2023-02-05T23:24:59.040Z,"16 km NE of Néa Stíra, Greece",earthquake,4.12,1.776,0.166,10,reviewed,us,us
2022-11-29T04:32:37.694Z,38.3262,24.2734,10,4.6,mb,124,51,1.668,0.9,us,us7000it6j,2023-02-05T23:24:58.040Z,"Aegean Sea",earthquake,5.09,1.826,0.08,46,reviewed,us,us
2022-11-25T16:02:41.634Z,34.855,26.4373,57.978,4.2,mb,45,120,1.341,0.61,us,us6000j5tp,2023-01-30T06:01:49.040Z,"41 km SSE of Palekastro, Greece",earthquake,6.89,8.213,0.115,22,reviewed,us,us
2022-11-23T19:59:01.945Z,34.8362,23.5141,49.078,4,mb,48,175,1.215,0.96,us,us7000irw2,2023-01-30T06:01:19.040Z,"Crete, Greece",earthquake,4.71,6.473,0.134,15,reviewed,us,us
2022-11-21T16:07:25.796Z,35.7189,21.8196,45.45,4,mb,21,198,1.459,0.3,us,us7000isbq,2023-01-30T06:00:37.040Z,"115 km WSW of Kýthira, Greece",earthquake,5.66,10.535,0.195,7,reviewed,us,us
2022-11-20T23:24:58.462Z,35.8357,26.4319,63,5.5,mww,235,43,1.371,0.76,us,us7000ir86,2025-05-14T05:39:06.083Z,"Crete, Greece",earthquake,5.08,1.857,0.05,39,reviewed,us,us
2022-11-20T13:31:14.254Z,37.6821,21.0058,10,4.4,mb,54,153,0.888,0.6,us,us7000ir5i,2023-01-30T06:00:24.040Z,"14 km SE of Ambelókipoi, Greece",earthquake,6.27,1.857,0.123,22,reviewed,us,us
2022-11-20T09:43:27.477Z,37.6655,21.037,10,4.3,mb,40,112,0.858,0.3,us,us7000ir4q,2023-01-30T06:00:23.040Z,"southern Greece",earthquake,4.04,1.913,0.142,14,reviewed,us,us
2022-11-20T05:34:46.652Z,37.6943,20.8786,49.377,4.1,mb,33,154,0.979,0.9,us,us7000is4h,2023-01-30T06:00:20.040Z,"5 km ESE of Lithakiá, Greece",earthquake,6.63,10.383,0.175,10,reviewed,us,us
2022-10-30T08:49:09.152Z,37.5646,20.1778,10,4.3,mb,53,108,1.444,0.5,us,us7000ilb0,2023-01-12T23:10:36.040Z,"59 km WSW of Katastárion, Greece",earthquake,5.44,1.925,0.117,23,reviewed,us,us
2022-10-30T03:46:37.723Z,38.0592,20.1446,37.201,4.6,mb,26,143,1.665,0.71,us,us7000ila5,2023-01-12T23:10:35.040Z,"30 km WSW of Lixoúri, Greece",earthquake,7.05,10.217,0.272,4,reviewed,us,us
2022-10-08T22:02:28.782Z,38.3392,22.5785,19.78,5.3,mww,233,14,0.707,0.51,us,us6000is5j,2022-12-17T22:53:43.040Z,"6 km SW of Antikyra, Greece",earthquake,5.08,3.003,0.045,48,reviewed,us,us
2022-10-05T04:43:18.306Z,38.0377,22.8961,10,4.4,mb,32,73,1.076,0.55,us,us6000iqz2,2022-12-10T22:53:14.040Z,"4 km W of Perachóra, Greece",earthquake,2.83,1.915,0.268,4,reviewed,us,us
2022-09-29T13:03:33.288Z,35.5408,23.2495,60.115,4.6,mb,20,215,1.363,0.81,us,us6000ipbz,2022-12-03T22:02:39.040Z,"37 km W of Kíssamos, Greece",earthquake,6.53,11.208,0.243,5,reviewed,us,us
2022-09-29T04:01:21.072Z,37.8335,19.9785,10,4.4,mb,53,138,1.68,0.75,us,us6000ip64,2022-12-03T22:02:37.040Z,"57 km SW of Lixoúri, Greece",earthquake,5.55,1.873,0.155,12,reviewed,us,us
2022-09-29T01:06:09.334Z,35.6404,23.2467,46.061,4.3,mb,46,202,1.386,0.56,us,us6000ip4f,2022-12-03T22:02:37.040Z,"40 km WNW of Kíssamos, Greece",earthquake,8.12,9.407,0.147,13,reviewed,us,us
2022-09-28T01:50:11.738Z,35.9049,22.125,47.268,4.3,mb,63,95,1.281,0.66,us,us6000invc,2022-12-03T22:02:32.040Z,"82 km WSW of Kýthira, Greece",earthquake,7.09,9.259,0.132,16,reviewed,us,us
2022-09-18T13:54:38.197Z,40.2026,19.8373,3.324,4.5,mb,40,80,0.346,1.1,us,us7000i93a,2022-11-26T20:57:39.040Z,"Albania",earthquake,2.83,5.238,0.156,13,reviewed,us,us
2022-09-17T18:41:39.962Z,35.3495,25.8189,10,4.1,mb,45,94,0.762,0.83,us,us7000i8wb,2022-11-26T20:57:35.040Z,"12 km NE of Eloúnda, Greece",earthquake,4.4,1.831,0.109,27,reviewed,us,us
2022-09-16T14:10:48.195Z,38.1715,21.6602,8.957,4.2,mb,31,87,1,0.43,us,us7000i8jl,2022-11-19T23:03:24.040Z,"1 km NNW of Vrachnaíika, Greece",earthquake,3.77,6.175,0.146,13,reviewed,us,us
2022-09-16T12:58:08.563Z,37.4382,21.2622,47.682,4.4,mb,43,99,0.589,0.58,us,us7000i8ig,2022-11-19T23:03:24.040Z,"southern Greece",earthquake,2.45,7.537,0.11,24,reviewed,us,us
2022-09-16T00:50:02.533Z,37.3359,21.2583,46.393,4.2,mb,34,109,0.555,0.55,us,us7000ia7j,2022-11-19T23:03:53.040Z,"35 km NW of Filiatrá, Greece",earthquake,6.92,11.628,0.186,8,reviewed,us,us
2022-09-15T14:48:30.350Z,39.5114,23.6109,10,4.5,mb,32,44,1.047,1.16,us,us7000i89v,2022-11-19T23:03:17.040Z,"40 km NNE of Skiáthos, Greece",earthquake,6.17,1.921,0.156,12,reviewed,us,us
2022-09-10T14:10:06.652Z,35.4055,22.7324,53.948,4.1,mb,36,170,1.768,0.37,us,us6000iiq6,2022-11-19T23:02:14.040Z,"84 km W of Kíssamos, Greece",earthquake,4.94,10.623,0.111,22,reviewed,us,us
2022-09-09T10:17:59.484Z,38.3634,23.4301,10,4.4,mb,19,67,1.079,0.51,us,us6000iidw,2022-11-15T19:05:52.040Z,"5 km WNW of Árma, Greece",earthquake,5.61,1.921,0.24,5,reviewed,us,us
2022-09-09T09:53:30.021Z,38.8864,21.1507,10,4.1,mb,40,82,0.934,0.22,us,us6000iidn,2022-11-15T19:05:51.040Z,"3 km NNW of Amfilochía, Greece",earthquake,3.96,1.492,0.151,12,reviewed,us,us
2022-09-08T07:36:23.175Z,37.8942,20.0987,10.482,5.5,mww,163,37,1.618,0.54,us,us6000ii2v,2025-04-18T13:42:12.485Z,"45 km SW of Lixoúri, Greece",earthquake,5.91,3.751,0.037,72,reviewed,us,us
2022-09-06T04:12:30.115Z,38.3507,23.4163,10,4.4,mb,36,67,1.078,0.76,us,us7000i5j8,2022-11-15T19:06:10.040Z,"6 km W of Árma, Greece",earthquake,4.4,1.902,0.154,12,reviewed,us,us
2022-09-06T02:44:35.220Z,37.4005,22.4853,14.457,4.5,mb,29,106,0.499,0.7,us,us7000i5iy,2022-11-15T19:06:10.040Z,"12 km N of Karyés, Greece",earthquake,4.85,5.337,0.205,7,reviewed,us,us
2022-09-03T17:16:15.158Z,35.7916,21.971,10,4.2,mwr,76,50,1.385,1.09,us,us7000i4y5,2022-11-15T19:06:03.040Z,"100 km WSW of Kýthira, Greece",earthquake,5.36,1.8,0.089,12,reviewed,us,us
2022-09-03T16:57:35.594Z,37.362,21.1889,10,4.2,mb,32,156,0.615,1.01,us,us7000i4y1,2022-11-15T19:06:02.040Z,"39 km SW of Epitálio, Greece",earthquake,4.29,1.901,0.152,12,reviewed,us,us
2022-09-03T08:27:45.487Z,38.3575,23.2883,11.421,4.1,mwr,42,66,0.997,0.82,us,us7000i4wc,2022-11-15T19:06:02.040Z,"Greece",earthquake,4.71,5.328,0.073,18,reviewed,us,us
2022-09-03T04:13:10.932Z,35.0971,26.3465,8.819,5.3,mww,122,25,0.803,0.67,us,us7000i4v6,2022-11-15T19:06:01.040Z,"13 km SE of Palekastro, Greece",earthquake,5.27,3.325,0.045,48,reviewed,us,us
2022-08-31T14:02:17.685Z,37.5368,26.8049,10,4.6,mwr,87,30,1.68,0.35,us,us7000i40j,2022-11-06T04:36:57.040Z,"17 km WNW of Megálo Chorió, Greece",earthquake,5.14,1.863,0.086,13,reviewed,us,us
2022-08-31T10:10:11.426Z,37.5527,26.8515,10.926,5.4,mww,126,34,1.641,0.53,us,us7000i3yp,2022-11-06T04:36:59.040Z,"14 km NW of Megálo Chorió, Greece",earthquake,4.26,4.068,0.041,57,reviewed,us,us
2022-08-31T09:56:40.134Z,37.5649,26.8151,10,4.7,mwr,102,50,1.658,0.69,us,us7000i3ym,2022-11-06T04:37:00.040Z,"17 km SSW of Chóra, Greece",earthquake,4.79,1.806,0.059,28,reviewed,us,us
2022-08-30T12:42:23.434Z,34.9152,25.0102,10,4.2,mb,101,59,0.385,0.41,us,us7000i3ni,2022-11-06T04:37:33.040Z,"16 km SSW of Asímion, Greece",earthquake,3.7,1.831,0.076,48,reviewed,us,us
2022-08-30T03:49:34.548Z,38.6584,20.4475,10,4.6,mb,79,99,1.268,1.14,us,us7000i3l9,2022-11-06T04:37:45.040Z,"Greece",earthquake,5.8,1.819,0.075,53,reviewed,us,us
2022-08-24T03:44:00.931Z,35.3183,26.1631,10,4.5,mb,42,56,0.846,0.55,us,us7000i1xl,2022-11-01T15:13:59.040Z,"13 km NNE of Sitia, Greece",earthquake,6.03,1.882,0.191,8,reviewed,us,us
2022-08-23T13:38:31.643Z,40.0617,19.8593,10,4.4,mb,51,90,0.211,0.91,us,us6000id0l,2022-11-01T15:13:02.040Z,"10 km ESE of Himarë, Albania",earthquake,4.24,1.888,0.109,26,reviewed,us,us
2022-08-23T06:36:23.339Z,39.7328,22.2746,13.587,4.6,mb,72,37,0.405,0.51,us,us6000icyp,2022-11-01T15:12:58.040Z,"1 km WSW of Týrnavos, Greece",earthquake,4.41,2.089,0.07,61,reviewed,us,us
2022-08-23T04:57:31.351Z,37.6326,21.0842,10,3.2,ml,15,127,0.809,0.27,us,us7000i1yf,2022-11-01T15:13:59.040Z,"23 km SE of Ambelókipoi, Greece",earthquake,3.57,2.008,0.074,24,reviewed,us,us
2022-08-19T21:16:06.606Z,35.051,25.2338,12.618,3.7,mb,32,183,0.368,0.44,us,us6000ic8t,2022-10-28T02:27:13.040Z,"8 km ENE of Pýrgos, Greece",earthquake,6.41,6.453,0.253,4,reviewed,us,us
2022-08-19T07:51:18.415Z,39.6892,22.288,9.275,4.4,mb,42,58,0.442,0.35,us,us6000ic2b,2022-10-28T02:27:06.040Z,"5 km S of Týrnavos, Greece",earthquake,5.54,4.76,0.169,10,reviewed,us,us
2022-08-16T16:34:40.037Z,39.2513,20.6123,14.477,4.5,mb,90,98,0.786,0.74,us,us6000ibdc,2022-10-28T02:26:29.040Z,"2 km NNE of Kanaláki, Greece",earthquake,4.97,4.31,0.116,22,reviewed,us,us
2022-08-16T03:00:15.780Z,37.6512,21.8455,10,4.1,mb,41,106,0.476,0.51,us,us6000ib7m,2022-10-28T02:26:16.040Z,"12 km ESE of Lálas, Greece",earthquake,3.98,1.93,0.174,9,reviewed,us,us
2022-08-14T10:47:57.331Z,38.6825,20.4936,10,4.4,mb,54,98,1.256,0.69,us,us6000iarq,2022-10-28T02:25:52.040Z,"24 km SW of Lefkáda, Greece",earthquake,3.85,1.887,0.1,29,reviewed,us,us
2022-08-08T14:45:22.789Z,38.1518,22.0419,66.356,4.4,mb,43,41,0.898,0.46,us,us6000i932,2022-10-21T23:19:14.040Z,"11 km SSW of Aígio, Greece",earthquake,4.99,6.962,0.144,15,reviewed,us,us
2022-08-02T04:17:29.669Z,36.0148,21.3578,37.918,4.1,mb,30,195,1.248,0.64,us,us6000ia75,2022-10-12T14:51:22.040Z,"94 km SSW of Methóni, Greece",earthquake,5.72,11.574,0.213,6,reviewed,us,us
2022-07-31T17:32:40.365Z,38.8644,20.963,10,4.3,mb,53,86,1.082,0.87,us,us6000i707,2022-10-12T14:49:17.040Z,"Greece",earthquake,2.98,1.816,0.102,27,reviewed,us,us
2022-07-31T03:07:13.275Z,38.8844,20.9798,10,4.3,mb,56,66,1.066,0.97,us,us6000i6vz,2022-10-12T14:49:03.040Z,"4 km NE of Monastiráki, Greece",earthquake,5.19,1.868,0.137,16,reviewed,us,us
2022-07-30T21:57:16.655Z,38.8461,20.9391,3.837,4.2,mb,33,86,1.103,0.9,us,us6000i6uh,2022-10-12T14:48:57.040Z,"0 km SW of Monastiráki, Greece",earthquake,4.49,6.897,0.264,4,reviewed,us,us
2022-07-29T13:44:48.309Z,38.439,22.0455,7.359,4.4,mwr,100,40,0.624,0.66,us,us6000i6gf,2022-10-01T22:09:29.040Z,"16 km NNE of Kamárai, Greece",earthquake,5.56,4.144,0.075,17,reviewed,us,us
2022-07-22T09:23:53.062Z,35.2009,25.302,10,4,mb,56,100,0.348,0.64,us,us7000hsm6,2022-09-27T16:57:14.040Z,"2 km NE of Thrapsanón, Greece",earthquake,4.26,1.753,0.126,17,reviewed,us,us
2022-07-20T09:01:02.174Z,35.3253,25.3656,2.588,4.6,mwr,132,60,0.391,0.61,us,us7000hs2d,2022-09-27T16:57:09.040Z,"2 km W of Limín Khersonísou, Greece",earthquake,6.1,4.608,0.089,12,reviewed,us,us
2022-07-17T06:21:55.836Z,39.2141,20.9036,10,4.2,mb,55,138,0.964,0.58,us,us6000i36d,2022-09-27T16:56:55.040Z,"2 km ENE of Filippiáda, Greece",earthquake,6.15,1.952,0.136,17,reviewed,us,us
2022-07-17T00:43:33.529Z,35.1644,25.3086,10,4.1,mb,68,60,0.364,0.71,us,us6000i352,2022-09-27T16:56:55.040Z,"3 km SE of Thrapsanón, Greece",earthquake,5.48,1.89,0.114,21,reviewed,us,us
2022-07-14T15:36:39.662Z,35.2841,25.2982,14.535,4.1,mb,50,147,0.334,0.89,us,us6000i2ek,2022-09-24T21:25:39.040Z,"5 km SSE of Goúrnes, Greece",earthquake,6.7,5.8,0.109,27,reviewed,us,us
2022-07-13T19:18:53.841Z,41.1528,20.2091,10,4.1,mb,34,43,0.325,0.91,us,us6000i26d,2022-09-24T21:25:43.040Z,"11 km ENE of Elbasan, Albania",earthquake,5.39,1.977,0.371,2,reviewed,us,us
2022-07-13T08:19:54.216Z,35.1813,25.3041,10,4.2,mb,61,61,0.355,1,us,us6000i21w,2022-09-24T21:25:46.040Z,"2 km ESE of Thrapsanón, Greece",earthquake,7.21,1.86,0.124,18,reviewed,us,us
2022-07-12T02:23:30.836Z,37.9897,22.8887,107.837,4.1,mb,48,75,1.114,0.64,us,us6000i1q6,2022-09-24T21:25:53.040Z,"6 km SW of Perachóra, Greece",earthquake,5.7,8.228,0.157,11,reviewed,us,us
2022-07-11T06:00:15.689Z,39.6256,23.3806,10,4,mb,39,41,0.836,0.34,us,us6000i1ii,2022-09-24T21:25:58.040Z,"31 km NE of Zagorá, Greece",earthquake,4.06,1.648,0.259,4,reviewed,us,us
2022-06-20T00:57:32.468Z,37.4401,22.2261,10,4,mb,57,77,0.354,0.76,us,us7000him6,2022-08-28T03:19:02.040Z,"8 km ENE of Megalópoli, Greece",earthquake,4.9,1.9,0.116,20,reviewed,us,us
2022-06-05T23:54:54.194Z,34.7093,21.643,10,4.1,mb,32,192,2.475,0.53,us,us7000hf8k,2022-08-13T21:53:18.040Z,"194 km WSW of Palaióchora, Greece",earthquake,6.46,1.971,0.135,15,reviewed,us,us
2022-06-05T13:21:06.438Z,41.2752,19.4821,10,4.3,mb,36,38,0.295,0.4,us,us7000hf5i,2022-08-13T21:51:34.040Z,"5 km SSE of Durrës, Albania",earthquake,2.5,1.9,0.2,11,reviewed,us,us
2022-06-04T09:02:27.283Z,35.1512,25.2978,10,4.2,mb,65,59,0.36,0.47,us,us7000hewf,2023-02-18T20:36:13.922Z,"3 km E of Arkalochóri, Greece",earthquake,5.3,1.8,0.102,28,reviewed,us,us
2022-05-26T04:48:02.204Z,34.9532,23.7481,10,4.2,mb,21,151,0.993,0.78,us,us7000hdul,2022-08-02T19:51:04.040Z,"31 km S of Palaióchora, Greece",earthquake,7.8,2,0.2,7,reviewed,us,us
2022-05-25T21:54:49.906Z,35.631,21.6517,25.39,4.6,mb,124,55,1.56,0.45,us,us7000hcit,2022-08-02T19:50:51.040Z,"131 km S of Methóni, Greece",earthquake,5.4,4.6,0.056,96,reviewed,us,us
2022-05-24T20:50:48.290Z,38.8334,21.3184,34.98,4.6,mb,92,56,0.815,0.49,us,us7000hcab,2022-08-02T19:50:49.040Z,"11 km ESE of Sardínia, Greece",earthquake,3.4,1.4,0.064,76,reviewed,us,us
2022-05-21T11:14:36.252Z,38.9885,22.0378,10,4.1,mb,59,55,0.234,0.59,us,us6000hmwc,2022-08-02T19:50:37.040Z,"8 km NW of Makrakómi, Greece",earthquake,5.6,1.5,0.165,14,reviewed,us,us
2022-05-18T17:21:38.917Z,36.4323,26.8293,134.49,4.2,mb,52,69,0.923,0.73,us,us6000hm36,2022-07-24T02:39:57.040Z,"33 km SW of Mandráki, Greece",earthquake,6.9,7.8,0.105,25,reviewed,us,us
2022-05-15T05:34:30.215Z,36.1811,25.3417,10,4.2,mb,88,63,0.964,0.59,us,us6000hl95,2022-07-24T02:38:45.040Z,"21 km SSW of Emporeío, Greece",earthquake,4.1,1.9,0.092,37,reviewed,us,us
2022-05-13T22:08:49.830Z,38.1744,26.1468,4.78,4.3,mwr,44,37,1.922,0.87,us,us6000hl0b,2022-07-22T18:30:56.040Z,"15 km S of Thymianá, Greece",earthquake,4.6,4.6,0.046,46,reviewed,us,us
2022-05-11T10:06:55.231Z,39.1295,23.2666,10,4.3,mb,32,48,1.143,0.73,us,us7000h8k4,2022-07-22T18:31:13.040Z,"11 km SSE of Argalastí, Greece",earthquake,4.7,2,0.308,4,reviewed,us,us
2022-05-08T14:30:31.146Z,38.3474,23.3996,10,4.5,mb,52,67,1.651,0.74,us,us7000h7y3,2022-07-22T18:31:07.040Z,"7 km ENE of Thívai, Greece",earthquake,5.3,1.9,0.116,23,reviewed,us,us
2022-05-08T13:22:31.254Z,35.0709,25.2599,8.51,4.7,mb,86,68,0.372,0.58,us,us7000h7xj,2022-07-22T18:31:06.040Z,"8 km S of Arkalochóri, Greece",earthquake,5.7,3.8,0.054,108,reviewed,us,us
2022-05-08T08:13:10.867Z,38.3129,23.3926,10,4.2,mb,40,68,1.623,0.59,us,us7000h7wi,2022-07-22T18:31:06.040Z,"6 km ESE of Thívai, Greece",earthquake,4.6,1.9,0.215,7,reviewed,us,us
2022-05-04T10:40:47.258Z,35.4608,23.4457,10,4.3,mb,49,69,1.192,1.03,us,us7000h6z3,2022-08-09T06:36:16.212Z,"19 km WSW of Kíssamos, Greece",earthquake,7.7,1.9,0.148,13,reviewed,us,us
2022-05-01T01:33:35.201Z,39.6039,24.1134,10,4.2,mb,60,44,1.346,1.06,us,us7000h65b,2022-07-09T21:39:45.040Z,"50 km SSE of Sykiá, Greece",earthquake,5.7,1.9,0.125,20,reviewed,us,us
2022-04-29T14:01:12.059Z,35.0732,25.0057,10,4.9,mb,91,59,0.234,0.5,us,us7000h5uf,2022-07-05T03:42:02.040Z,"7 km S of Agía Varvára, Greece",earthquake,4.4,1.8,0.041,192,reviewed,us,us
2022-04-28T14:38:53.621Z,35.3257,23.5568,10,4.1,mb,30,119,1.091,0.91,us,us7000h5mt,2022-07-05T03:41:44.040Z,"15 km NW of Palaióchora, Greece",earthquake,7,2,0.145,13,reviewed,us,us
2022-04-28T05:22:50.026Z,36.7045,23.0422,10,4.1,mb,42,48,1.012,0.46,us,us7000h7aj,2022-07-05T03:41:38.040Z,"2 km NNE of Géfyra, Greece",earthquake,5.9,1.9,0.124,20,reviewed,us,us
2022-04-27T06:52:42.348Z,36.9179,21.9305,10,3.2,ml,14,164,0.26,0.8,us,us6000hgnn,2022-07-05T03:41:16.040Z,"13 km N of Koróni, Greece",earthquake,4.8,2,0.081,20,reviewed,us,us
2022-04-27T01:51:53.801Z,35.9623,22.6525,58.44,4.9,mww,149,39,1.347,0.67,us,us6000hgkt,2022-07-05T03:41:12.040Z,"36 km SW of Kýthira, Greece",earthquake,5.7,5.8,0.071,19,reviewed,us,us
2022-04-24T04:14:04.933Z,35.1556,26.9705,10,4.7,mb,95,53,0.42,1.28,us,us6000hfzb,2022-07-05T03:39:56.040Z,"29 km S of Fry, Greece",earthquake,5.3,1.8,0.064,77,reviewed,us,us
2022-04-24T02:16:46.175Z,36.9935,21.0616,10,4,mb,42,104,0.714,1.01,us,us6000hfyw,2022-07-05T03:39:53.040Z,"49 km WSW of Filiatrá, Greece",earthquake,3.2,1.9,0.164,12,reviewed,us,us
2022-04-23T16:44:56.089Z,36.3502,19.5771,10,4.7,mb,71,71,2.058,0.79,us,us6000hfvc,2022-07-05T03:39:44.040Z,"188 km SW of Lithakiá, Greece",earthquake,6.4,1.8,0.092,36,reviewed,us,us
2022-04-20T00:29:03.177Z,39.9764,24.3223,10,4.1,mb,,43,1.413,1.2,us,us7000h3ge,2022-06-26T01:19:54.040Z,"31 km SSE of Karyes, Greece",earthquake,5.2,1.9,0.262,4,reviewed,us,us
2022-04-18T09:57:11.333Z,35.0539,25.2676,10,4.3,mb,,168,0.387,0.96,us,us7000h31m,2025-02-10T12:43:02.864Z,"10 km S of Arkaloch?ri, Greece",earthquake,7.7,1.9,0.116,21,reviewed,us,us
2022-04-18T00:37:04.435Z,38.4998,21.5593,10,4.1,mb,,90,1.35,0.98,us,us7000h2zh,2022-06-26T01:19:03.040Z,"4 km SE of Gavaloú, Greece",earthquake,4.2,1.9,0.185,8,reviewed,us,us
2022-04-16T17:00:39.961Z,36.0608,22.5925,63.4,4.7,mb,,43,1.238,0.62,us,us7000h2q0,2022-06-26T01:18:30.040Z,"37 km WSW of Kýthira, Greece",earthquake,6.1,6,0.045,161,reviewed,us,us
2022-04-13T19:35:51.027Z,34.831,24.6798,49.82,4.8,mb,,77,0.487,0.74,us,us7000h1xv,2022-06-20T22:08:08.040Z,"28 km SSW of Tympáki, Greece",earthquake,5.5,5.7,0.042,179,reviewed,us,us
2022-04-11T18:53:52.643Z,38.6282,20.4871,10,4.4,mb,,77,1.305,0.74,us,us7000h1bg,2022-06-20T22:07:51.040Z,"29 km SW of Lefkáda, Greece",earthquake,5.3,1.3,0.114,22,reviewed,us,us
2022-04-11T18:01:36.762Z,35.9646,26.6515,90.61,4.1,mb,,96,0.587,0.98,us,us7000h289,2022-06-20T22:08:18.040Z,"65 km NNW of Fry, Greece",earthquake,5.9,6.2,0.235,5,reviewed,us,us
2022-04-10T02:12:30.752Z,38.3426,23.4031,10,4.3,mb,,64,1.649,0.83,us,us7000h108,2022-06-20T22:07:39.040Z,"7 km W of Árma, Greece",earthquake,5.3,1.8,0.133,18,reviewed,us,us
2022-04-09T15:13:19.785Z,37.611,21.0569,20.6,4.6,mb,,98,0.815,0.78,us,us7000h1vf,2022-06-20T22:08:05.040Z,"23 km SE of Ambelókipoi, Greece",earthquake,5.6,5.1,0.098,31,reviewed,us,us
2022-04-09T15:10:42.600Z,37.5773,20.8945,10,4.6,mb,,138,0.912,0.98,us,us7000h0ws,2022-06-20T22:07:34.040Z,"16 km SSE of Lithakiá, Greece",earthquake,5.7,1.9,0.085,41,reviewed,us,us
2022-04-08T01:32:01.907Z,36.9459,23.178,10,4.4,mb,,50,1.028,1.06,us,us7000h0kc,2022-06-11T20:21:14.040Z,"29 km NE of Sykiá, Greece",earthquake,5.8,1.9,0.148,15,reviewed,us,us
2022-04-07T21:53:49.031Z,34.9394,26.7671,10,4.2,mb,,178,1.577,0.59,us,us7000h1tm,2022-06-11T20:21:20.040Z,"54 km SSW of Fry, Greece",earthquake,7.8,1.9,0.187,8,reviewed,us,us
2022-04-07T07:38:56.486Z,38.3493,23.5762,4.8,4,mwr,,68,1.754,0.58,us,us7000h0bg,2022-06-11T20:21:09.040Z,"0 km W of Schimatári, Greece",earthquake,6,5.6,0.071,19,reviewed,us,us
2022-04-05T20:29:03.172Z,37.9987,21.9608,79.56,4.1,mb,,70,0.819,1.28,us,us7000gzye,2022-06-11T20:21:06.040Z,"13 km WSW of Kalávryta, Greece",earthquake,5.3,9.6,0.105,28,reviewed,us,us
2022-04-05T16:18:42.825Z,34.9577,26.7052,10,4.4,mb,,153,1.524,0.87,us,us7000gzup,2022-06-11T20:21:05.040Z,"49 km ESE of Palekastro, Greece",earthquake,5.3,1.9,0.088,40,reviewed,us,us
2022-04-04T04:41:57.799Z,36.1009,22.0545,35,4.2,mb,,231,1.08,0.53,us,us7000h0pf,2022-06-11T20:21:15.040Z,"77 km S of Koróni, Greece",earthquake,10.5,2,0.176,9,reviewed,us,us
2022-04-04T04:39:42.345Z,36.3614,22.0722,37.02,4.6,mb,,66,0.824,0.82,us,us7000gzhn,2022-06-11T20:21:02.040Z,"49 km SSE of Koróni, Greece",earthquake,6.8,6.3,0.059,84,reviewed,us,us
2022-03-30T00:39:07.819Z,38.3629,22.0743,10,4.1,mb,,85,1.188,0.87,us,us7000gy9a,2022-06-04T20:42:22.040Z,"9 km NE of Kamárai, Greece",earthquake,4.9,1.9,0.174,9,reviewed,us,us
2022-03-29T12:13:51.319Z,38.8337,21.2267,10,4.2,mb,,62,1.412,0.48,us,us7000gy2t,2022-06-04T20:42:18.040Z,"5 km NE of Stános, Greece",earthquake,3.3,1.9,0.083,41,reviewed,us,us
2022-03-27T17:32:32.627Z,38.3883,23.4815,10,4.2,mb,,67,1.725,0.96,us,us7000gxpv,2022-06-04T20:42:10.040Z,"4 km N of Árma, Greece",earthquake,5.7,1.8,0.186,8,reviewed,us,us
2022-03-22T14:02:28.708Z,34.6942,23.1571,10,4.3,mb,,178,1.541,0.9,us,us6000h6ml,2022-05-28T18:35:24.040Z,"76 km SW of Palaióchora, Greece",earthquake,8.4,1.5,0.091,36,reviewed,us,us
2022-03-22T11:18:20.979Z,36.0395,23.4478,10,4.1,mb,,115,1.393,1.03,us,us7000gxbk,2022-05-28T18:35:38.040Z,"43 km ESE of Kýthira, Greece",earthquake,6.8,1.9,0.131,17,reviewed,us,us
2022-03-21T13:29:09.661Z,37.5002,21.6357,16.45,4.4,mb,,56,0.395,0.64,us,us7000gx9w,2022-05-28T18:35:37.040Z,"2 km NW of Zacháro, Greece",earthquake,5.6,1.4,0.13,17,reviewed,us,us
2022-03-21T07:39:44.184Z,36.6193,21.7542,10,4.5,mb,,43,0.575,0.48,us,us6000h6cg,2022-05-28T18:35:22.040Z,"22 km S of Methóni, Greece",earthquake,5.2,1.8,0.054,100,reviewed,us,us
2022-03-20T11:47:16.512Z,35.5595,23.6227,35.91,4.2,mb,,69,1.069,0.71,us,us6000h66a,2022-05-28T18:35:20.040Z,"7 km NNW of Kíssamos, Greece",earthquake,3.3,7.8,0.096,30,reviewed,us,us
2022-03-19T18:19:33.812Z,39.7265,20.6544,25.59,4.3,mb,,46,0.526,0.83,us,us7000gwui,2022-05-28T18:35:31.040Z,"6 km WNW of Rodotópi, Greece",earthquake,4.2,7,0.161,11,reviewed,us,us
2022-03-19T10:40:40.719Z,35.1293,25.328,10,4.2,mb,,75,0.392,0.68,us,us7000gwu5,2022-05-28T18:35:30.040Z,"6 km ESE of Arkalochóri, Greece",earthquake,7.4,1.9,0.1,30,reviewed,us,us
2022-03-16T02:20:16.732Z,34.9588,25.2917,11.57,4.6,mb,,45,0.465,0.59,us,us6000h4x9,2022-05-27T14:55:28.040Z,"13 km ESE of Pýrgos, Greece",earthquake,5.5,3.9,0.051,114,reviewed,us,us
2022-03-11T07:47:40.238Z,34.7316,24.4529,30.68,4.5,mb,,114,0.661,0.62,us,us6000h3qw,2022-05-14T21:52:31.040Z,"35 km ESE of Kastrí, Greece",earthquake,6.4,6.7,0.071,58,reviewed,us,us
2022-03-07T01:41:34.669Z,40.7761,20.4612,10,4.4,mb,,44,0.728,1.09,us,us6000h2ms,2022-05-14T21:52:19.040Z,"21 km SW of Pogradec, Albania",earthquake,4.9,2,0.203,7,reviewed,us,us
2022-03-02T16:57:48.910Z,35.1012,25.2262,13.08,4.2,mb,,68,0.332,1.09,us,us6000h2ts,2022-05-07T21:32:55.040Z,"6 km SW of Arkalochóri, Greece",earthquake,5.9,4.7,0.11,23,reviewed,us,us
2022-02-27T05:04:25.914Z,35.5067,26.3136,10,4.3,mb,,65,1.183,0.56,us,us6000h0gf,2022-05-07T21:32:34.040Z,"34 km N of Palekastro, Greece",earthquake,6.2,1.9,0.084,40,reviewed,us,us
2022-02-24T22:59:12.294Z,39.6898,22.1352,10,4,mb,,98,0.494,0.59,us,us6000gzxa,2022-05-04T13:40:28.040Z,"9 km N of Zárkos, Greece",earthquake,4.6,1.9,0.173,9,reviewed,us,us
2022-02-18T13:58:35.320Z,38.9505,21.1077,10,4.4,mb,,59,1.263,0.98,us,us7000glxt,2022-04-30T14:18:26.040Z,"6 km W of Kríkellos, Greece",earthquake,4.4,1.9,0.109,24,reviewed,us,us
2022-02-17T01:48:48.154Z,38.9622,20.5678,10,4.4,mb,,38,1.016,0.74,us,us7000gliz,2022-04-30T14:18:21.040Z,"15 km W of Préveza, Greece",earthquake,4.7,1.9,0.104,27,reviewed,us,us
2022-02-16T21:21:11.849Z,38.9421,20.577,10,4.3,mb,,70,1.037,1.01,us,us7000glg3,2022-04-30T14:18:20.040Z,"15 km W of Préveza, Greece",earthquake,2.7,1.9,0.142,14,reviewed,us,us
2022-02-16T17:38:27.219Z,38.9798,20.5947,10,4.3,mb,,90,1.009,1.28,us,us7000gld4,2022-04-30T14:18:20.040Z,"13 km W of Préveza, Greece",earthquake,5.3,1.9,0.148,13,reviewed,us,us
2022-02-15T16:24:57.450Z,38.327,22.1427,10,4.6,mb,,103,1.159,0.73,us,us7000gl20,2022-04-30T14:18:16.040Z,"10 km N of Témeni, Greece",earthquake,5.7,1.9,0.151,15,reviewed,us,us
2022-02-10T12:38:10.266Z,36.3685,22.094,10,4.1,mb,,153,0.819,0.95,us,us7000gjmw,2022-04-19T17:39:29.040Z,"48 km SSE of Koróni, Greece",earthquake,6.6,1.8,0.262,4,reviewed,us,us
2022-02-06T16:37:10.661Z,37.2641,20.4997,10,4.2,mb,,223,2.641,0.49,us,us7000gihp,2022-04-19T17:38:48.040Z,"58 km SSW of Lithakiá, Greece",earthquake,10.9,2,0.2,9,reviewed,us,us
2022-02-05T19:36:08.879Z,37.4182,20.3719,38.6,4.3,mb,,101,2.475,0.51,us,us7000gia1,2024-01-17T22:26:34.237Z,"52 km SW of Lithaki?, Greece",earthquake,7.3,11.2,0.168,10,reviewed,us,us
2022-02-02T06:05:19.135Z,39.3763,20.0991,8.11,2.9,ml,,100,0.508,0.2,us,us7000gh92,2022-08-06T12:07:38.766Z,"5 km SSE of Lefkímmi, Greece",earthquake,4.3,2.8,0.081,20,reviewed,us,us
2022-01-22T12:57:20.109Z,38.6898,20.411,10,4.2,mb,,116,1.23,0.58,us,us7000ge7g,2022-04-09T20:18:49.040Z,"29 km WSW of Lefkáda, Greece",earthquake,5.5,1.9,0.176,9,reviewed,us,us
2022-01-22T02:32:56.485Z,39.5734,24.2602,10,4.5,mb,,66,1.462,1.36,us,us7000ge3b,2022-04-09T20:18:47.040Z,"58 km NE of Patitírion, Greece",earthquake,5.2,2,0.271,5,reviewed,us,us
2022-01-17T12:47:16.578Z,35.3274,25.1832,30.89,4.3,mb,,96,0.243,0.56,us,us7000gclz,2022-04-01T17:40:14.040Z,"2 km ESE of Néa Alikarnassós, Greece",earthquake,8.2,3.3,0.117,22,reviewed,us,us
2022-01-16T22:32:01.622Z,40.1249,24.4732,10,4.4,mb,,52,1.3,0.78,us,us7000gcj0,2022-04-01T17:40:13.040Z,"24 km SE of Karyes, Greece",earthquake,5.3,1.7,0.149,13,reviewed,us,us
2022-01-16T18:29:27.928Z,40.0425,24.34,10,4.2,mb,,48,1.421,0.89,us,us7000gci5,2022-04-01T17:40:13.040Z,"Aegean Sea",earthquake,3,2,0.136,15,reviewed,us,us
2022-01-16T13:36:57.687Z,40.1069,24.3926,10,4,mb,,58,1.353,0.81,us,us7000gcgt,2022-04-01T17:40:13.040Z,"20 km SE of Karyes, Greece",earthquake,3.9,2,0.365,2,reviewed,us,us
2022-01-16T12:26:18.153Z,40.0849,24.3424,10,4.6,mb,,35,1.395,0.7,us,us7000gcfr,2022-04-01T17:40:13.040Z,"20 km SSE of Karyes, Greece",earthquake,5.5,1.8,0.103,28,reviewed,us,us
2022-01-16T11:48:05.261Z,40.0413,24.361,7,5.5,mww,,19,1.419,0.52,us,us7000gcfq,2025-02-16T10:49:10.812Z,"25 km SSE of Karyes, Greece",earthquake,5,1.8,0.045,48,reviewed,us,us
2022-01-13T12:03:34.869Z,37.4645,21.8802,10,4.1,mb,,49,0.287,1.09,us,us7000gdw2,2022-03-19T22:07:57.040Z,"20 km NNE of Kopanáki, Greece",earthquake,6.9,1.9,0.198,7,reviewed,us,us
2022-01-12T22:54:24.522Z,37.6769,25.983,10,4.4,mb,,46,1.569,0.69,us,us7000gbh2,2022-03-19T22:07:55.040Z,"28 km WNW of Agios Kirykos, Greece",earthquake,5.1,1.9,0.088,37,reviewed,us,us
2022-01-11T17:44:09.173Z,40.8703,21.4565,10,4.5,mb,,41,1.098,0.72,us,us7000gb0u,2022-03-19T22:07:46.040Z,"10 km NNW of Ammochóri, Greece",earthquake,4.2,1.8,0.085,45,reviewed,us,us
2022-01-11T15:14:30.550Z,40.8528,21.4046,10,4.7,mb,,41,1.115,0.62,us,us7000gayq,2022-03-19T22:07:45.040Z,"7 km N of Flórina, Greece",earthquake,5.3,1.8,0.078,53,reviewed,us,us
2022-01-11T00:52:52.114Z,40.9196,21.4384,10,4.4,mb,,53,1.143,1.2,us,us7000gaqr,2022-03-19T22:07:38.040Z,"8 km SE of Bistrica, North Macedonia",earthquake,3.6,2,0.19,8,reviewed,us,us
2022-01-10T15:59:03.243Z,37.4051,20.3878,10,4.5,mb,,60,1.246,0.97,us,us7000gd7b,2022-03-19T22:07:36.040Z,"52 km SW of Lithakiá, Greece",earthquake,3.7,1.9,0.171,10,reviewed,us,us
2022-01-09T23:38:26.701Z,40.8466,21.4066,10,4.3,mb,,55,1.11,0.83,us,us7000gafx,2022-03-19T22:07:33.040Z,"7 km N of Flórina, Greece",earthquake,4.2,1.9,0.266,4,reviewed,us,us
2022-01-09T22:21:04.075Z,40.9283,21.382,10,4,mb,,44,1.179,0.66,us,us7000gaf6,2022-03-19T22:07:33.040Z,"Greece",earthquake,6.2,2,0.211,6,reviewed,us,us
2022-01-09T21:53:20.907Z,40.9153,21.4015,10,4.6,mb,,33,1.16,0.72,us,us7000gaf0,2022-03-19T22:07:33.040Z,"7 km SSE of Bistrica, North Macedonia",earthquake,4.3,1.5,0.095,33,reviewed,us,us
2022-01-09T21:43:47.201Z,40.8272,21.3919,13.45,5.5,mww,,19,1.106,0.76,us,us7000gaex,2022-03-19T22:07:33.040Z,"5 km NNW of Flórina, Greece",earthquake,5.5,3,0.033,88,reviewed,us,us
2022-01-02T10:57:56.598Z,37.1136,20.9688,16.33,4.3,mb,,139,0.767,0.66,us,us7000g8gs,2022-03-12T22:19:01.040Z,"54 km W of Filiatrá, Greece",earthquake,4.8,6.2,0.142,14,reviewed,us,us
2021-12-31T22:32:17.304Z,36.5922,21.4233,10,4.3,mb,,193,0.71,0.54,us,us7000g88u,2022-03-05T23:11:00.040Z,"35 km SW of Methóni, Greece",earthquake,4.9,2,0.216,6,reviewed,us,us
2021-12-30T21:55:02.277Z,35.1863,23.6359,10,4.1,mb,,201,1.031,1.32,us,us7000g82q,2022-03-05T23:10:58.040Z,"6 km SW of Palaióchora, Greece",earthquake,6.5,1.8,0.09,35,reviewed,us,us
2021-12-29T23:06:38.928Z,35.0433,25.1384,10.32,4.3,mb,,111,0.317,0.68,us,us7000g7ua,2022-03-05T23:10:54.040Z,"4 km E of Asímion, Greece",earthquake,5.8,5.5,0.094,32,reviewed,us,us
2021-12-29T16:47:08.107Z,34.713,25.1184,64.93,5,mww,,43,0.603,0.93,us,us6000gg5p,2025-12-22T22:23:54.160Z,"Crete, Greece",earthquake,6.5,4.5,0.075,17,reviewed,us,us
2021-12-29T05:08:09.950Z,34.8334,25.1386,64.53,5.7,mww,,36,0.497,0.79,us,us6000gg0y,2025-12-22T22:23:50.683Z,"19 km S of Pýrgos, Greece",earthquake,5.7,3.2,0.036,73,reviewed,us,us
2021-12-28T21:57:46.804Z,40.6005,23.1077,10,3.2,ml,,41,0.685,0.83,us,us6000gfy6,2024-01-17T22:25:31.154Z,"1 km SSE of Chorti?tis, Greece",earthquake,4.1,2,0.071,26,reviewed,us,us
2021-12-27T14:57:52.551Z,35.0774,25.1491,10,4.2,mb,,167,0.298,0.77,us,us6000gfmj,2022-03-05T23:10:45.040Z,"6 km NE of Asímion, Greece",earthquake,4.8,1.9,0.118,20,reviewed,us,us
2021-12-26T19:01:24.161Z,35.056,26.9226,10,4.7,mb,,56,0.527,0.83,us,us7000g9ms,2022-03-05T23:11:04.040Z,"39 km S of Fry, Greece",earthquake,3.2,1.9,0.142,15,reviewed,us,us
2021-12-26T18:59:02.711Z,35.1923,26.9659,10,5.6,mww,,46,0.388,1.09,us,us6000gfhq,2025-12-22T22:23:43.425Z,"25 km S of Fry, Greece",earthquake,5.7,1.8,0.056,31,reviewed,us,us
2021-12-26T16:13:53.313Z,38.1488,23.2005,10,4.5,mb,,46,1.4,0.67,us,us6000gfgn,2022-03-05T23:10:42.040Z,"9 km S of Kaparéllion, Greece",earthquake,6,1.8,0.086,44,reviewed,us,us
2021-12-26T15:15:11.703Z,35.1452,26.8939,10,5.1,mww,,48,0.456,0.72,us,us6000gffm,2025-12-22T22:23:42.385Z,"30 km S of Fry, Greece",earthquake,4.1,1.7,0.062,25,reviewed,us,us
2021-12-24T11:41:48.239Z,39.8302,22.1856,14.48,4.2,mb,,39,0.359,0.52,us,us6000gf1m,2022-03-05T23:10:36.040Z,"6 km SSW of Tsarítsani, Greece",earthquake,5.5,5.5,0.118,20,reviewed,us,us
2021-12-24T01:55:39.671Z,38.7153,20.7278,35,4.4,mb,,121,1.292,1.29,us,us6000geyt,2022-03-05T23:10:35.040Z,"12 km S of Lefkáda, Greece",earthquake,5.2,2,0.219,7,reviewed,us,us
2021-12-24T01:17:13.379Z,39.7507,20.5982,10,4.3,mb,,65,0.478,1.02,us,us6000geyk,2022-03-05T23:10:35.040Z,"11 km WNW of Rodotópi, Greece",earthquake,4.9,1.9,0.154,12,reviewed,us,us
2021-12-19T22:52:52.492Z,38.3132,21.689,10,4,mb,,114,1.147,0.48,us,us6000gelw,2022-03-01T16:38:03.040Z,"6 km WSW of Antirrio, Greece",earthquake,4.5,2,0.368,2,reviewed,us,us
2021-12-18T05:16:39.702Z,36.0912,23.2437,63.5,5,mww,,57,1.517,0.56,us,us6000gdc8,2025-12-22T22:23:04.522Z,"23 km ESE of Kýthira, Greece",earthquake,6.5,5.4,0.086,13,reviewed,us,us
2021-12-17T23:28:02.195Z,37.8054,20.9944,10,4.4,mb,,68,0.969,1.09,us,us6000gd9p,2022-03-01T16:37:15.040Z,"9 km ENE of Zakynthos, Greece",earthquake,4.6,1.9,0.09,36,reviewed,us,us
2021-12-15T00:48:17.238Z,38.3014,22.1192,10,4.5,mb,,37,0.738,1.09,us,us6000gcb4,2022-08-06T17:25:07.731Z,"6 km NNE of Aígio, Greece",earthquake,4,1.8,0.077,49,reviewed,us,us
2021-12-09T17:31:19.353Z,34.9148,23.2632,10,4.3,mb,,63,2.505,1.02,us,us6000gc80,2022-02-12T23:07:47.040Z,"51 km SW of Palaióchora, Greece",earthquake,8.1,1.9,0.116,21,reviewed,us,us
2021-12-08T07:49:49.946Z,39.0623,20.6514,10,4.5,mb,,67,0.959,1.29,us,us6000gaeg,2022-02-12T23:06:40.040Z,"12 km SW of Néos Oropós, Greece",earthquake,5.3,1.9,0.156,12,reviewed,us,us
2021-12-04T13:01:09.463Z,38.5296,25.995,10,4.3,mb,,65,0.893,0.67,us,us6000g90g,2022-02-12T23:05:52.040Z,"17 km NW of Vrontádos, Greece",earthquake,4.7,1.9,0.16,11,reviewed,us,us
2021-12-03T19:33:33.299Z,37.0376,21.4792,30.34,4.4,mb,,139,0.383,1.08,us,us6000g8u9,2022-02-12T23:05:45.040Z,"14 km WSW of Gargaliánoi, Greece",earthquake,6.3,3.1,0.118,24,reviewed,us,us
2021-12-02T12:08:59.861Z,37.8976,26.0127,10,4.1,mb,,125,1.365,0.28,us,us6000ga7g,2022-02-05T23:04:07.040Z,"40 km NW of Agios Kirykos, Greece",earthquake,2.8,2,0.368,2,reviewed,us,us
2021-11-30T14:20:22.083Z,38.3703,22.2448,10,4.4,mwr,,81,0.653,0.89,us,us6000g7wf,2022-02-05T23:03:31.040Z,"11 km W of Galaxídhion, Greece",earthquake,4.9,1.9,0.086,13,reviewed,us,us
2021-11-30T10:32:24.022Z,37.5993,25.8694,10,4.2,mb,,75,1.68,0.5,us,us6000g7uy,2022-02-05T23:03:30.040Z,"37 km W of Agios Kirykos, Greece",earthquake,4.9,1.9,0.105,25,reviewed,us,us
2021-11-30T04:09:14.388Z,37.6558,26.1139,10,4,mb,,70,1.544,0.8,us,us6000g8rw,2022-02-05T23:03:57.040Z,"16 km WNW of Agios Kirykos, Greece",earthquake,5.5,1.9,0.212,6,reviewed,us,us
2021-11-30T04:00:40.529Z,37.7371,26.0792,10,5.1,mww,,43,1.481,0.61,us,us6000g7ta,2025-12-22T22:21:05.287Z,"23 km NW of Agios Kirykos, Greece",earthquake,2.6,1.8,0.063,24,reviewed,us,us
2021-11-25T21:05:07.431Z,38.7297,21.2347,43.39,4.3,mb,,96,1.495,0.47,us,us7000fx3f,2022-01-29T22:56:00.040Z,"5 km WNW of Lepenoú, Greece",earthquake,4.8,14.3,0.376,2,reviewed,us,us
2021-11-23T14:06:21.603Z,35.0739,26.96,7.35,4.1,mb,,57,0.5,0.33,us,us7000fxa9,2022-01-29T22:56:06.040Z,"38 km S of Fry, Greece",earthquake,5.4,5.4,0.145,13,reviewed,us,us
2021-11-19T13:27:05.164Z,38.212,20.3652,13.14,4.8,mb,,93,1.611,0.67,us,us7000fvfu,2022-01-29T22:54:59.040Z,"6 km W of Lixoúri, Greece",earthquake,5.4,4.6,0.058,93,reviewed,us,us
2021-11-19T11:10:03.083Z,36.6345,21.3628,31.33,4.2,mb,,102,0.705,0.47,us,us7000fvf5,2022-01-29T22:54:58.040Z,"36 km SW of Methóni, Greece",earthquake,7.8,7,0.152,12,reviewed,us,us
2021-11-18T21:04:58.340Z,39.5583,20.5049,10,4.3,mb,,63,0.504,0.64,us,us7000fv9n,2022-01-22T20:52:07.040Z,"9 km N of Paramythiá, Greece",earthquake,4.6,1.9,0.105,26,reviewed,us,us
2021-11-12T15:08:26.857Z,41.4333,20.1996,10,4.6,mb,,30,0.267,1.11,us,us7000ftj6,2022-01-22T20:51:47.040Z,"6 km SSW of Bulqizë, Albania",earthquake,5.3,1.9,0.111,24,reviewed,us,us
2021-11-12T03:45:58.744Z,35.299,23.1885,42.61,4.3,mb,,62,1.391,0.67,us,us7000ftg5,2022-01-22T20:51:45.040Z,"Crete, Greece",earthquake,6.3,7.9,0.102,27,reviewed,us,us
2021-11-09T09:12:27.412Z,36.3895,22.9849,38.36,4.2,mb,,155,1.159,0.51,us,us7000fsn9,2022-01-15T20:51:42.040Z,"26 km N of Kýthira, Greece",earthquake,6.6,6.9,0.132,16,reviewed,us,us
2021-11-03T15:09:45.758Z,35.4949,23.053,45.92,4.2,mb,,207,1.515,0.95,us,us7000fr53,2022-01-14T17:58:57.040Z,"54 km W of Kíssamos, Greece",earthquake,8.9,9,0.132,18,reviewed,us,us
2021-11-02T09:14:49.384Z,34.9928,26.2579,10,4.1,mb,,57,0.923,0.49,us,us7000fqsw,2022-01-14T17:58:52.040Z,"22 km S of Palekastro, Greece",earthquake,5.1,1.9,0.12,21,reviewed,us,us
2021-10-31T20:40:04.161Z,34.9629,25.1876,10,4.3,mb,,89,0.405,1.04,us,us7000fqbm,2022-01-14T17:58:48.040Z,"5 km SE of Pýrgos, Greece",earthquake,5.9,1.9,0.093,33,reviewed,us,us
2021-10-30T01:38:09.787Z,35.1133,25.194,10,4.1,mb,,157,0.303,0.92,us,us7000fpz3,2022-01-14T17:58:44.040Z,"7 km WSW of Arkalochóri, Greece",earthquake,2.9,1.9,0.131,16,reviewed,us,us
2021-10-29T10:23:28.515Z,41.5557,20.271,10,4.2,mb,,36,0.37,0.51,us,us7000fpq7,2022-01-14T17:58:42.040Z,"8 km NNE of Bulqizë, Albania",earthquake,4.2,1.9,0.167,11,reviewed,us,us
2021-10-29T06:10:34.525Z,41.5207,20.3353,10,4.7,mb,,41,0.395,0.47,us,us7000fpni,2022-01-14T17:58:41.040Z,"9 km ENE of Bulqizë, Albania",earthquake,3.5,1.9,0.086,41,reviewed,us,us
2021-10-26T19:45:24.998Z,34.9854,23.2668,10,4.1,mb,,175,1.364,0.67,us,us7000fpu3,2022-01-08T17:43:49.040Z,"46 km SW of Palaióchora, Greece",earthquake,6.4,1.9,0.15,12,reviewed,us,us
2021-10-25T12:52:31.723Z,38.1366,23.8576,10,2.6,ml,,216,1.484,0.58,us,us6000fxgz,2022-01-08T17:42:31.040Z,"0 km NNW of Anoixi, Greece",earthquake,5,2,0.115,10,reviewed,us,us
2021-10-23T01:17:20.518Z,38.8151,20.5569,10,4.1,mb,,94,1.147,0.98,us,us6000fwwi,2022-01-08T17:42:01.040Z,"12 km W of Lefkáda, Greece",earthquake,4.4,2,0.198,8,reviewed,us,us
2021-10-22T17:12:50.517Z,35.1159,25.2907,10,4.3,mb,,119,0.37,0.61,us,us6000fwt2,2022-01-08T17:41:58.040Z,"Crete, Greece",earthquake,5.6,1.9,0.116,22,reviewed,us,us
2021-10-22T10:11:30.851Z,35.0712,25.1952,10,4.5,mb,,59,0.33,0.55,us,us6000fwpx,2022-01-08T17:41:56.040Z,"8 km NNE of Pýrgos, Greece",earthquake,3.1,1.9,0.074,53,reviewed,us,us
2021-10-21T11:18:09.586Z,35.0866,25.1286,10,4,mb,,233,0.28,0.98,us,us6000fwe9,2021-12-25T22:58:56.040Z,"5 km NE of Asímion, Greece",earthquake,3.8,1.9,0.258,4,reviewed,us,us
2021-10-21T09:38:38.445Z,35.0318,25.1608,10,4.7,mb,,60,0.338,1.29,us,us6000fwdx,2021-12-25T22:58:56.040Z,"2 km NNE of Pýrgos, Greece",earthquake,7.3,1.9,0.11,25,reviewed,us,us
2021-10-21T08:44:48.799Z,35.1275,25.1433,10,4.5,mb,,107,0.262,0.42,us,us7000fp8n,2021-12-25T22:59:04.040Z,"9 km SSE of Profítis Ilías, Greece",earthquake,5.9,1.8,0.205,8,reviewed,us,us
2021-10-21T08:12:57.487Z,35.2352,25.2419,10,4.8,mb,,62,0.292,0.51,us,us6000fwd6,2021-12-25T22:58:56.040Z,"6 km NW of Thrapsanón, Greece",earthquake,4.3,1.8,0.076,53,reviewed,us,us
2021-10-21T08:04:33.077Z,35.0956,25.2019,10,4.4,mb,,151,0.319,0.46,us,us7000fp88,2021-12-25T22:59:03.040Z,"8 km SW of Arkalochóri, Greece",earthquake,5.2,1.8,0.149,13,reviewed,us,us
2021-10-20T02:44:05.021Z,35.0575,25.2573,11.01,4.4,mb,,59,0.378,0.61,us,us6000fw0x,2021-12-25T22:58:50.040Z,"9 km S of Arkalochóri, Greece",earthquake,5.4,3.4,0.078,47,reviewed,us,us
2021-10-15T23:25:42.526Z,34.8736,26.3494,10,4.2,mb,,57,0.945,0.81,us,us6000fv2i,2021-12-25T22:58:36.040Z,"37 km SSE of Palekastro, Greece",earthquake,4.5,1.8,0.105,25,reviewed,us,us
2021-10-15T09:15:40.241Z,35.3078,25.3394,10,4.2,mb,,117,0.368,0.57,us,us6000fw5j,2021-12-25T22:58:52.040Z,"3 km SE of Káto Goúves, Greece",earthquake,5.5,1.9,0.101,27,reviewed,us,us
2021-10-13T18:22:51.183Z,36.063,21.7265,10,4.4,mb,,62,1.124,0.8,us,us6000fub1,2021-12-18T19:59:02.040Z,"southern Greece",earthquake,6.3,1.9,0.091,35,reviewed,us,us
2021-10-12T09:36:26.949Z,34.8373,26.3556,10,4.4,mb,,175,0.967,0.8,us,us6000fuy1,2021-12-18T19:58:57.040Z,"41 km SSE of Palekastro, Greece",earthquake,3.2,1.9,0.311,3,reviewed,us,us
2021-10-12T09:24:05.099Z,35.1691,26.2152,20,6.4,mww,,19,0.86,0.46,us,us6000ftxu,2025-12-22T22:17:40.432Z,"4 km SW of Palekastro, Greece",earthquake,6.1,1.8,0.048,42,reviewed,us,us
2021-10-07T02:22:39.422Z,39.3829,20.7016,10,4.2,mb,,111,0.734,1.14,us,us6000fsi8,2021-12-10T21:14:16.040Z,"10 km NW of Pappadátes, Greece",earthquake,3.9,1.9,0.187,8,reviewed,us,us
2021-10-05T02:05:52.468Z,39.2797,20.6114,10,4.3,mb,,107,0.763,0.7,us,us6000frrp,2021-12-10T21:14:10.040Z,"5 km N of Kanaláki, Greece",earthquake,3.6,2,0.216,6,reviewed,us,us
2021-10-03T14:31:27.622Z,35.1442,25.2375,10,4.6,mb,,119,0.318,0.64,us,us6000fsp1,2021-12-10T21:14:19.040Z,"2 km W of Arkalochóri, Greece",earthquake,5,1.9,0.165,13,reviewed,us,us
2021-10-02T18:31:07.797Z,34.9377,25.065,10,4.2,mb,,159,0.377,0.66,us,us6000fr4t,2021-12-10T21:14:03.040Z,"10 km SW of Pýrgos, Greece",earthquake,4.3,1.7,0.159,15,reviewed,us,us
2021-09-29T11:54:48.885Z,35.0268,25.1561,10,4.6,mb,,69,0.339,0.83,us,us6000fq3y,2021-12-04T14:27:58.040Z,"2 km N of Pýrgos, Greece",earthquake,5.1,1.3,0.068,64,reviewed,us,us
2021-09-28T15:13:16.867Z,35.2054,25.2791,10,4.7,mb,,58,0.329,0.7,us,us7000ff84,2021-12-04T14:30:09.040Z,"1 km N of Thrapsanón, Greece",earthquake,6.9,1.8,0.067,73,reviewed,us,us
2021-09-28T04:48:08.650Z,35.0817,25.2018,10,5.3,mww,,43,0.328,0.94,us,us7000ff36,2025-12-22T22:24:09.757Z,"9 km SW of Arkalochóri, Greece",earthquake,4.5,1.7,0.046,45,reviewed,us,us
2021-09-27T21:37:11.444Z,35.2314,25.3177,10,4.3,mwr,,58,0.354,0.79,us,us7000fez9,2021-12-04T14:29:59.040Z,"3 km NW of Kastélli, Greece",earthquake,4.5,1.8,0.086,13,reviewed,us,us
2021-09-27T20:10:01.502Z,35.1951,25.2253,10,4.7,mb,,51,0.289,0.7,us,us7000feyd,2021-12-04T14:29:59.040Z,"5 km W of Thrapsanón, Greece",earthquake,5.5,1.8,0.056,95,reviewed,us,us
2021-09-27T16:15:31.034Z,35.1391,25.1837,11.18,4.4,mb,,149,0.282,0.39,us,us6000fqrc,2021-12-04T14:28:45.040Z,"7 km W of Arkalochóri, Greece",earthquake,5.5,3.1,0.161,14,reviewed,us,us
2021-09-27T14:49:27.244Z,34.9873,25.1391,10,4.2,mb,,96,0.362,0.85,us,us6000fqr6,2021-12-04T14:28:43.040Z,"2 km SSW of Pýrgos, Greece",earthquake,4.7,1.9,0.159,13,reviewed,us,us
2021-09-27T14:22:48.678Z,35.1677,25.188,10,4.4,mb,,220,0.271,0.74,us,us6000fqr5,2021-12-04T14:28:43.040Z,"7 km WNW of Arkalochóri, Greece",earthquake,6.5,2,0.202,7,reviewed,us,us
2021-09-27T11:02:25.962Z,35.0447,25.2053,10,4.8,mb,,71,0.354,0.65,us,us7000fetq,2021-12-04T14:29:55.040Z,"6 km NE of Pýrgos, Greece",earthquake,6.1,1.9,0.044,156,reviewed,us,us
2021-09-27T10:34:22.510Z,35.1992,25.3342,10,4.4,mb,,110,0.374,0.82,us,us7000fetl,2021-12-04T14:29:55.040Z,"1 km SSW of Kastélli, Greece",earthquake,7.2,1.9,0.123,19,reviewed,us,us
2021-09-27T10:23:13.594Z,35.2904,25.2835,10,4.3,mb,,113,0.321,1.13,us,us7000fetj,2021-12-04T14:29:54.040Z,"4 km S of Goúrnes, Greece",earthquake,7.3,1.6,0.138,15,reviewed,us,us
2021-09-27T08:21:58.537Z,35.1968,25.3649,10,4.4,mwr,,60,0.399,0.81,us,us7000fet2,2021-12-04T14:29:54.040Z,"2 km ESE of Kastélli, Greece",earthquake,7.1,1.8,0.086,13,reviewed,us,us
2021-09-27T07:46:31.892Z,35.1906,25.1782,10,4.2,mb,,59,0.255,0.72,us,us7000fesx,2021-12-04T14:29:53.040Z,"4 km SSE of Ano Arhanes, Greece",earthquake,4.3,1.8,0.101,27,reviewed,us,us
2021-09-27T07:30:46.215Z,35.3273,25.265,10,4.5,mwr,,41,0.309,0.8,us,us7000fesr,2021-12-04T14:29:53.040Z,"0 km E of Kokkíni Cháni, Greece",earthquake,4,1.8,0.073,18,reviewed,us,us
2021-09-27T06:37:44.467Z,35.092,25.2617,7.74,4.7,mb,,51,0.361,0.69,us,us7000fesd,2021-12-04T14:29:53.040Z,"6 km S of Arkalochóri, Greece",earthquake,5.8,4.6,0.064,73,reviewed,us,us
2021-09-27T06:27:46.478Z,35.2272,25.105,10,4.1,mb,,152,0.186,0.59,us,us6000fqqr,2021-12-04T14:28:41.040Z,"2 km N of Profítis Ilías, Greece",earthquake,6.1,1.9,0.166,10,reviewed,us,us
2021-09-27T06:17:21.478Z,35.244,25.2697,6,6,mww,,19,0.313,0.47,us,us7000fes8,2025-12-22T22:17:07.328Z,"6 km N of Thrapsanón, Greece",earthquake,5,1.8,0.043,51,reviewed,us,us
2021-09-21T14:04:37.846Z,41.4836,19.9323,10,4,mb,,46,0.145,0.91,us,us7000fd4t,2021-12-03T15:01:42.040Z,"11 km ESE of Krujë, Albania",earthquake,5.6,2,0.517,2,reviewed,us,us
2021-09-14T10:40:39.744Z,37.7181,20.3777,10,4.5,mb,,52,1.344,0.53,us,us7000fb0d,2021-11-23T15:11:54.040Z,"35 km WSW of Katastárion, Greece",earthquake,6.5,1.9,0.113,23,reviewed,us,us
2021-09-13T08:01:09.073Z,35.0109,26.6577,10,4.1,mb,,156,0.675,0.59,us,us7000faq3,2021-11-23T15:11:12.040Z,"42 km ESE of Palekastro, Greece",earthquake,4.9,1.9,0.165,10,reviewed,us,us
2021-09-12T10:08:11.839Z,38.1072,23.7801,10,3.1,ml,,76,1.454,0.47,us,us7000fahz,2021-11-23T15:10:30.040Z,"2 km SSW of Varybóbi, Greece",earthquake,5.1,2,0.081,20,reviewed,us,us
2021-09-11T20:49:36.606Z,40.3471,19.5,10,4.2,mb,,71,0.604,1.16,us,us7000fadq,2021-11-23T15:10:05.040Z,"3 km NE of Orikum, Albania",earthquake,5.3,1.9,0.237,5,reviewed,us,us
2021-09-02T05:48:38.288Z,38.3543,23.2051,10,4.3,mb,,38,0.951,0.63,us,us7000f6yx,2021-11-06T20:28:29.040Z,"4 km NNE of Vágia, Greece",earthquake,5.3,1.6,0.137,18,reviewed,us,us
2021-08-30T21:06:33.959Z,37.8546,23.077,10,4.4,mb,,34,1.137,0.81,us,us7000f5we,2024-01-17T22:20:01.449Z,"7 km NNE of Sofik?n, Greece",earthquake,5.1,1.8,0.078,48,reviewed,us,us
2021-08-29T21:07:45.879Z,37.0266,25.0912,172.6,4.2,mb,,83,1.742,0.82,us,us7000f5ib,2022-08-08T15:38:11.107Z,"8 km SW of Páros, Greece",earthquake,4.2,8.4,0.159,11,reviewed,us,us
2021-08-28T02:10:03.941Z,38.7946,20.4899,14.03,3,ml,,109,1.148,1.05,us,us7000f53n,2021-11-06T20:28:57.040Z,"19 km WSW of Lefkáda, Greece",earthquake,4.6,5.4,0.074,24,reviewed,us,us
2021-08-21T18:42:35.744Z,39.0637,22.121,37.73,4.4,mb,,41,1.832,0.97,us,us6000f9dl,2021-11-02T14:54:04.040Z,"13 km N of Makrakómi, Greece",earthquake,4.7,6.9,0.083,48,reviewed,us,us
2021-08-16T13:54:41.919Z,35.0232,25.1049,10,4.4,mb,,177,0.317,0.32,us,us7000f4nv,2021-10-29T14:46:59.040Z,"2 km SSE of Asímion, Greece",earthquake,5.4,1.9,0.218,9,reviewed,us,us
2021-08-16T05:31:37.679Z,37.5026,22.0497,10,4.3,mb,,73,0.338,0.34,us,us6000f6tt,2021-10-29T14:46:20.040Z,"10 km S of Dimitsána, Greece",earthquake,5.4,1.9,0.177,9,reviewed,us,us
2021-08-11T05:59:32.981Z,38.8147,23.0425,10,4.3,mb,,31,0.588,0.94,us,us6000f42v,2021-10-23T15:46:03.040Z,"4 km S of Loutrá Aidhipsoú, Greece",earthquake,5.8,1.1,0.125,18,reviewed,us,us
2021-08-09T04:17:47.046Z,35.0557,25.2015,6.54,4.4,mb,,95,0.344,1.03,us,us6000f3i9,2021-10-23T15:45:56.040Z,"7 km NE of Pýrgos, Greece",earthquake,6.4,5.1,0.117,21,reviewed,us,us
2021-08-08T19:15:47.504Z,35.0547,25.1486,10,4.2,mb,,167,0.314,0.99,us,us6000f3fa,2022-08-08T21:55:58.348Z,"5 km ENE of Asímion, Greece",earthquake,4.7,2,0.187,8,reviewed,us,us
2021-08-08T13:31:56.162Z,39.7638,22.2157,2.74,4.3,mb,,64,0.399,0.58,us,us6000f3dd,2021-10-23T15:45:52.040Z,"6 km WNW of Týrnavos, Greece",earthquake,4.8,5.4,0.177,11,reviewed,us,us
2021-08-05T08:49:31.269Z,37.5869,21.4514,24.18,4.4,mb,,90,0.555,0.77,us,us6000f2e0,2021-10-14T01:07:40.040Z,"5 km SW of Epitálio, Greece",earthquake,3.5,7.1,0.115,22,reviewed,us,us
2021-08-02T23:56:17.831Z,36.3204,26.9805,10,4.2,mb,,49,0.785,0.79,us,us6000f1pz,2021-10-14T01:05:57.040Z,"35 km SSW of Mandráki, Greece",earthquake,4.8,1.9,0.132,16,reviewed,us,us
2021-07-27T10:02:54.752Z,39.1724,26.1042,10,4.3,mb,,34,0.631,0.34,us,us6000ezfv,2021-10-03T05:22:26.040Z,"11 km SW of Kalloní, Greece",earthquake,3.9,1.9,0.154,12,reviewed,us,us
2021-07-26T21:09:59.724Z,38.7203,20.5218,10,4.1,mb,,97,1.226,1.07,us,us6000ezb5,2022-07-31T03:36:09.270Z,"20 km SW of Lefkáda, Greece",earthquake,6,2,0.233,5,reviewed,us,us
2021-07-24T21:56:55.134Z,35.0941,25.1673,9.13,4,mb,,119,0.298,0.55,us,us6000eys0,2021-10-03T05:21:47.040Z,"8 km NE of Asímion, Greece",earthquake,2.5,6,0.144,13,reviewed,us,us
2021-07-24T02:32:50.765Z,34.9494,25.0787,10,4.1,mb,,188,0.371,0.44,us,us6000f0cs,2021-10-03T05:23:37.040Z,"9 km SW of Pýrgos, Greece",earthquake,3.6,1.9,0.261,4,reviewed,us,us
2021-07-24T02:07:38.229Z,35.1902,25.2292,10,4.7,mwr,,42,0.294,1.24,us,us6000eyju,2025-12-22T19:05:09.272Z,"4 km W of Thrapsanón, Greece",earthquake,3,1.8,0.052,35,reviewed,us,us
2021-07-22T16:49:37.769Z,39.8139,20.6756,22.49,4.6,mb,,38,0.524,1.1,us,us6000ey1q,2021-09-25T21:08:35.040Z,"4 km WSW of Asprángeloi, Greece",earthquake,3.8,4.2,0.064,81,reviewed,us,us
2021-07-22T01:20:22.828Z,38.9471,26.1083,10,4.1,mb,,48,0.633,0.67,us,us6000extr,2021-09-25T21:08:30.040Z,"15 km SSW of Polichnítos, Greece",earthquake,4.6,2,0.213,6,reviewed,us,us
2021-07-22T00:48:02.952Z,38.9612,26.0722,14.8,4.3,mb,,39,0.658,0.8,us,us6000exth,2021-09-25T21:08:30.040Z,"16 km SW of Polichnítos, Greece",earthquake,3.1,6.2,0.142,14,reviewed,us,us
2021-07-21T23:03:46.760Z,38.9222,26.0911,14.73,3.9,mb,,48,0.651,0.6,us,us6000exsw,2021-09-25T21:08:30.040Z,"19 km SSW of Polichnítos, Greece",earthquake,3.7,7,0.194,7,reviewed,us,us
2021-07-20T17:44:15.108Z,35.1028,25.2108,12.46,4.2,mb,,51,0.321,0.79,us,us7000enrp,2021-09-25T21:08:21.040Z,"6 km SW of Arkalochóri, Greece",earthquake,5.7,4.8,0.085,45,reviewed,us,us
2021-07-20T05:05:27.472Z,38.385,23.3086,10,4.3,mb,,66,0.991,0.9,us,us7000enma,2021-09-25T21:08:17.040Z,"6 km N of Thívai, Greece",earthquake,4.1,1.9,0.122,19,reviewed,us,us
2021-07-18T04:56:54.056Z,35.0648,25.1426,10,4.4,mb,,119,0.304,1.18,us,us7000en35,2021-09-25T21:08:03.040Z,"5 km ENE of Asímion, Greece",earthquake,3.7,1.9,0.126,20,reviewed,us,us
2021-07-11T00:00:17.828Z,38.4049,23.3239,10,4.3,mwr,,36,0.965,0.7,us,us6000eu8w,2021-09-17T22:49:28.040Z,"8 km N of Thívai, Greece",earthquake,2.7,1.8,0.048,41,reviewed,us,us
2021-07-10T19:19:17.254Z,38.9155,26.0142,10,4.1,mb,,32,0.32,0.66,us,us6000eu6s,2021-09-17T22:49:27.040Z,"23 km SW of Polichnítos, Greece",earthquake,3.7,1.9,0.174,9,reviewed,us,us
2021-07-10T14:43:22.702Z,38.9159,26.0225,10,4.3,mb,,36,0.705,0.67,us,us6000eu4l,2021-09-17T22:49:22.040Z,"22 km SW of Polichnítos, Greece",earthquake,2.4,1.9,0.189,8,reviewed,us,us
2021-07-09T20:08:42.493Z,36.2585,23.2445,36.71,4.2,mb,,129,1.402,0.9,us,us6000etv3,2021-09-17T22:49:04.040Z,"25 km ENE of Kýthira, Greece",earthquake,5.3,9.7,0.136,16,reviewed,us,us
2021-07-08T01:16:56.257Z,37.923,20.9532,10,4.4,mb,,69,0.895,0.81,us,us6000et16,2021-09-10T20:07:31.040Z,"16 km NNE of Gaïtánion, Greece",earthquake,4.8,1.9,0.154,12,reviewed,us,us
2021-07-05T20:40:29.696Z,35.1803,25.2372,5.69,4.3,mb,,59,0.303,0.85,us,us7000eixt,2021-09-10T20:07:10.040Z,"Crete, Greece",earthquake,4.5,4.8,0.079,46,reviewed,us,us
2021-07-02T19:46:07.623Z,35.1438,25.2508,10.49,4.2,mb,,62,0.328,0.92,us,us7000eic7,2021-09-10T20:07:10.040Z,"1 km WSW of Arkalochóri, Greece",earthquake,5,2.5,0.076,53,reviewed,us,us
2021-06-30T15:44:58.109Z,38.992,20.5075,10,4,mb,,125,0.234,1.38,us,us6000er5e,2021-09-09T22:06:11.040Z,"21 km W of Préveza, Greece",earthquake,5.5,1.8,0.233,5,reviewed,us,us
2021-06-25T11:13:39.249Z,37.9003,20.8834,10,4.2,mb,,119,1.097,0.39,us,us6000epni,2021-09-09T22:04:53.040Z,"12 km NNE of Vanáton, Greece",earthquake,2.7,1.9,0.121,19,reviewed,us,us
2021-06-25T11:02:32.186Z,37.9163,20.7906,15,4.2,mwr,,94,1.164,0.79,us,us6000epng,2021-09-09T22:04:52.040Z,"9 km NNE of Katastárion, Greece",earthquake,5.2,1.7,0.086,13,reviewed,us,us
2021-06-22T00:54:08.765Z,39.8369,22.1643,10,4.3,mb,,51,0.364,0.61,us,us7000ef2s,2021-08-27T18:58:15.040Z,"6 km SSW of Elassóna, Greece",earthquake,5.2,1.9,0.169,10,reviewed,us,us
2021-06-21T06:23:00.608Z,36.3441,21.7726,10,4.3,mb,,107,0.841,0.63,us,us7000eeve,2021-08-27T18:58:02.040Z,"52 km SSW of Koróni, Greece",earthquake,5.2,1.9,0.103,27,reviewed,us,us
2021-06-17T00:35:13.946Z,35.5415,24.8527,69.39,4.4,mb,,55,0.254,0.59,us,us7000edph,2021-08-26T21:59:28.040Z,"20 km NE of Pánormos, Greece",earthquake,6.2,4.9,0.088,37,reviewed,us,us
2021-06-14T12:46:31.202Z,39.7736,20.4106,10,4.4,mb,,37,0.333,0.88,us,us7000ecy2,2021-08-26T21:59:18.040Z,"Greece-Albania border region",earthquake,3.3,1.7,0.123,19,reviewed,us,us
2021-06-13T13:19:31.923Z,39.8559,22.1922,10,4.4,mb,,84,0.336,0.54,us,us7000ecq1,2021-08-26T21:59:15.040Z,"4 km SW of Tsarítsani, Greece",earthquake,5.1,1.9,0.143,19,reviewed,us,us
2021-06-09T02:36:28.205Z,35.0613,25.208,8.82,4.2,mb,,110,0.345,0.77,us,us7000ebbm,2021-08-24T21:34:07.040Z,"7 km NE of Pýrgos, Greece",earthquake,5.5,4.6,0.083,41,reviewed,us,us
2021-06-08T16:38:16.750Z,34.9922,25.2545,10,4.1,mb,,234,0.419,0.97,us,us7000ec4x,2021-08-24T21:33:12.040Z,"9 km E of Pýrgos, Greece",earthquake,6.8,1.9,0.262,5,reviewed,us,us
2021-06-04T02:03:40.644Z,37.2006,20.5585,35,4.2,mb,,81,1.091,1.04,us,us7000e9ku,2021-08-24T21:35:53.040Z,"62 km SSW of Lithakiá, Greece",earthquake,2.7,2,0.167,10,reviewed,us,us
2021-06-04T01:05:26.569Z,35.2249,25.2518,10,4.6,mb,,58,0.302,1.15,us,us7000e9kp,2021-08-24T21:35:54.040Z,"4 km NNW of Thrapsanón, Greece",earthquake,5.9,1.9,0.065,73,reviewed,us,us
2021-06-03T15:06:13.092Z,38.205,21.9475,61.79,4.8,mb,,40,0.869,0.75,us,us7000e9ej,2022-08-09T05:20:03.561Z,"11 km SSW of Kamárai, Greece",earthquake,3.2,4.9,0.037,240,reviewed,us,us
2021-06-01T15:56:14.851Z,39.8112,22.1323,5.2,4.7,mb,,35,0.4,0.77,us,us6000egnk,2021-08-07T22:06:59.040Z,"10 km SSW of Elassóna, Greece",earthquake,4.6,4.1,0.085,44,reviewed,us,us
2021-05-27T18:39:04.605Z,38.3968,21.759,10.32,4.2,mb,,47,0.769,1.03,us,us6000ef8y,2022-01-05T07:10:28.407Z,"6 km W of Náfpaktos, Greece",earthquake,4.8,5.4,0.118,20,reviewed,us,us
2021-05-26T19:52:30.714Z,35.644,25.6622,37.75,4.1,mb,,116,0.723,1.12,us,us6000egl3,2021-07-31T22:10:01.040Z,"39 km NNE of Sísion, Greece",earthquake,3.8,9.6,0.185,8,reviewed,us,us
2021-05-25T12:32:55.496Z,39.3716,21.4248,10,4.3,mb,,49,1.211,0.46,us,us7000e62t,2021-07-31T22:09:37.040Z,"3 km NW of Anthiró, Greece",earthquake,2.5,1.9,0.177,9,reviewed,us,us
2021-05-11T21:31:01.845Z,40.5284,20.9853,10,4.8,mww,,23,0.994,0.97,us,us7000e277,2021-12-07T15:33:16.952Z,"11 km S of Bilisht, Albania",earthquake,4.6,1.8,0.045,48,reviewed,us,us
2021-05-08T10:18:23.393Z,37.8619,21.968,10,4.3,mb,,83,0.682,0.68,us,us7000e1ay,2021-07-23T18:08:20.040Z,"20 km NNW of Langádhia, Greece",earthquake,4,1.9,0.129,17,reviewed,us,us
2021-05-08T09:55:08.321Z,39.6368,23.0871,8.77,4.4,mb,,40,0.654,0.6,us,us7000e1ar,2021-07-23T18:08:20.040Z,"20 km N of Zagorá, Greece",earthquake,1.5,4.5,0.13,18,reviewed,us,us
2021-05-07T03:08:07.432Z,37.6674,19.7637,10,4.3,mb,,130,1.788,0.99,us,us7000e0w6,2021-07-23T18:08:15.040Z,"83 km SW of Lixoúri, Greece",earthquake,5.2,1.9,0.218,7,reviewed,us,us
2021-05-02T09:16:19.799Z,36.496,22.8793,10,4.1,mb,,99,1.024,0.51,us,us7000dzgk,2021-07-10T20:14:59.040Z,"25 km SSW of Géfyra, Greece",earthquake,7,2,0.151,13,reviewed,us,us
2021-05-02T05:59:08.495Z,34.7828,23.8604,10,4.2,mb,,200,0.983,0.67,us,us7000dzf5,2021-07-10T20:14:57.040Z,"21 km WSW of Kastrí, Greece",earthquake,7.9,2,0.112,22,reviewed,us,us
2021-05-01T09:43:20.049Z,34.7208,23.1381,33.95,4.2,mb,,140,1.545,0.39,us,us7000dz89,2021-07-10T20:14:49.040Z,"75 km SW of Palaióchora, Greece",earthquake,8.7,7.3,0.098,34,reviewed,us,us
2021-04-24T16:17:38.794Z,36.9693,20.9832,10,4.3,mb,,104,0.781,1.19,us,us6000e4ee,2021-07-07T18:34:35.040Z,"57 km WSW of Filiatrá, Greece",earthquake,5.2,1.8,0.161,11,reviewed,us,us
2021-04-23T01:24:30.388Z,38.6654,24.7907,10,4.2,mb,,59,1.699,0.89,us,us6000e3u6,2021-07-07T18:33:42.040Z,"33 km SE of Skýros, Greece",earthquake,4.7,2,0.304,3,reviewed,us,us
2021-04-20T08:21:56.188Z,36.4397,25.5067,10,4.1,mb,,81,1.253,0.95,us,us6000e35h,2021-07-03T16:48:40.040Z,"6 km NE of Mesariá, Greece",earthquake,3.9,1.6,0.185,9,reviewed,us,us
2021-04-17T22:31:04.800Z,35.2448,22.4818,30.94,4.1,mb,,201,1.971,1.08,us,us6000e3q5,2021-07-03T16:49:16.040Z,"109 km W of Palaióchora, Greece",earthquake,10.2,7.9,0.185,8,reviewed,us,us
2021-04-15T04:10:20.963Z,39.239,26.0924,11.2,4.5,mb,,46,0.653,0.51,us,us6000e1pd,2021-12-14T00:49:32.239Z,"9 km W of Kalloní, Greece",earthquake,4.9,7.6,0.163,11,reviewed,us,us
2021-04-13T21:23:22.050Z,39.9063,20.0674,6.03,2.9,ml,,97,0.057,0.12,us,us6000e1c7,2022-01-05T07:09:06.387Z,"5 km SSW of Delvinë, Albania",earthquake,5.5,5.8,0.074,24,reviewed,us,us
2021-04-11T00:17:13.556Z,38.2472,20.6236,10,4.2,mb,,125,1.484,1.01,us,us6000e0pz,2021-06-19T21:24:59.040Z,"2 km W of Sámi, Greece",earthquake,3.5,1.9,0.136,15,reviewed,us,us
2021-04-10T22:53:58.571Z,38.3053,20.7079,7.33,4.5,mb,,43,1.461,1.05,us,us6000e0pl,2021-06-19T21:24:58.040Z,"6 km S of Itháki, Greece",earthquake,4.1,4.6,0.081,44,reviewed,us,us
2021-04-07T02:06:07.228Z,41.5234,19.5141,10,4.1,mb,,53,0.925,0.94,us,us6000dzjv,2021-06-12T21:37:57.040Z,"16 km WSW of Mamurras, Albania",earthquake,4.7,1.9,0.213,6,reviewed,us,us
2021-04-05T05:02:33.968Z,40.1867,19.8297,10,4.3,mb,,80,0.333,0.56,us,us6000dz2z,2021-06-12T21:37:15.040Z,"11 km NE of Himarë, Albania",earthquake,4.7,1.9,0.142,15,reviewed,us,us
2021-04-05T02:14:22.606Z,36.8989,22.2557,10,4.3,mb,,149,0.384,0.91,us,us6000dz22,2021-06-12T21:37:14.040Z,"2 km ENE of Kardamýli, Greece",earthquake,5.1,1.9,0.116,21,reviewed,us,us
2021-04-03T20:05:57.691Z,39.6794,22.222,13.64,4.4,mb,,35,0.47,0.87,us,us6000dyt9,2021-06-12T21:36:55.040Z,"8 km SW of Týrnavos, Greece",earthquake,5.6,3.3,0.104,27,reviewed,us,us
2021-04-03T06:10:14.176Z,35.2141,22.7255,31.68,4.8,mb,,44,1.773,0.78,us,us6000dypl,2021-06-12T21:36:46.040Z,"87 km W of Palaióchora, Greece",earthquake,4.9,4.2,0.061,83,reviewed,us,us
2021-04-01T12:33:40.141Z,36.2412,26.5129,108.9,4.7,mb,,46,0.87,0.99,us,us6000dy7s,2021-06-08T17:59:35.040Z,"37 km SSE of Astypálaia, Greece",earthquake,6.2,7,0.062,78,reviewed,us,us
2021-03-23T00:08:03.773Z,40.09,20.9964,10,4.4,mb,,52,1.145,0.92,us,us6000dvl1,2021-06-02T15:22:15.040Z,"20 km ENE of Kónitsa, Greece",earthquake,5.4,1.4,0.131,17,reviewed,us,us
2021-03-21T17:15:54.669Z,39.7694,22.0889,10,4.3,mb,,45,0.453,1.1,us,us7000dlh1,2021-06-02T15:24:22.040Z,"9 km E of Verdikoússa, Greece",earthquake,4.8,1.9,0.137,15,reviewed,us,us
2021-03-15T15:43:38.385Z,39.7982,22.1514,10,4.9,mb,,36,0.4,0.6,us,us7000djjb,2022-08-09T04:17:42.077Z,"11 km SSW of Elassóna, Greece",earthquake,5.5,1.9,0.073,62,reviewed,us,us
2021-03-13T21:11:10.883Z,39.8545,22.0309,7.79,4.1,mb,,63,0.431,0.77,us,us7000dj5h,2021-05-26T22:06:51.040Z,"9 km NNE of Verdikoússa, Greece",earthquake,2.3,7.4,0.261,4,reviewed,us,us
2021-03-13T20:09:23.680Z,36.0392,21.9177,10,4.1,mb,,177,1.137,1.1,us,us6000dvqu,2021-05-26T22:06:50.040Z,"83 km S of Koróni, Greece",earthquake,4.6,2,0.235,5,reviewed,us,us
2021-03-13T15:09:13.845Z,39.864,22.1084,10,4.1,mb,,37,0.377,0.98,us,us7000dj40,2021-05-26T22:06:44.040Z,"7 km WSW of Elassóna, Greece",earthquake,5.1,2,0.185,8,reviewed,us,us
2021-03-13T03:25:49.062Z,39.7916,22.0534,10,4.1,mb,,56,0.457,1.1,us,us7000dj0d,2021-05-26T22:06:31.040Z,"6 km E of Verdikoússa, Greece",earthquake,2.7,1.9,0.262,4,reviewed,us,us
2021-03-12T21:17:09.532Z,41.6223,20.7274,10,4.6,mb,,32,1.358,0.74,us,us7000diy4,2021-05-26T22:06:24.040Z,"10 km E of Rostusa, North Macedonia",earthquake,5.1,1.8,0.061,81,reviewed,us,us
2021-03-12T15:00:20.595Z,39.7992,22.2098,10,4.2,mb,,50,0.372,1.12,us,us7000din5,2021-05-26T22:06:19.040Z,"8 km WSW of Argyropoúli, Greece",earthquake,5.7,1.9,0.159,11,reviewed,us,us
2021-03-12T13:07:50.216Z,39.7312,22.0044,10,4.3,mb,,100,0.526,0.75,us,us7000dl0j,2021-05-26T22:06:16.040Z,"6 km SSE of Verdikoússa, Greece",earthquake,4.8,2,0.308,3,reviewed,us,us
2021-03-12T12:57:50.879Z,39.8931,22.0875,7,5.6,mww,,31,0.373,0.49,us,us7000dimf,2025-12-22T18:00:21.085Z,"8 km W of Elassóna, Greece",earthquake,4,1.8,0.043,53,reviewed,us,us
2021-03-11T14:19:40.293Z,39.6844,22.2651,10,4.5,mb,,93,0.452,1.03,us,us7000di5l,2021-05-21T19:49:32.040Z,"6 km SSW of Týrnavos, Greece",earthquake,4.9,1.9,0.15,13,reviewed,us,us
2021-03-11T08:52:32.038Z,38.8146,20.4858,10,4.5,mb,,54,1.99,0.57,us,us7000di2y,2021-05-21T19:49:25.040Z,"19 km W of Lefkáda, Greece",earthquake,3.1,1.9,0.084,41,reviewed,us,us
2021-03-08T18:34:22.111Z,39.7218,22.0665,10,4.4,mb,,37,1.599,0.64,us,us7000dh52,2021-05-21T19:48:33.040Z,"10 km N of Grizáno, Greece",earthquake,3.5,1.9,0.178,9,reviewed,us,us
2021-03-08T18:00:47.160Z,39.6448,22.2201,10,4.3,mb,,71,0.502,0.8,us,us7000dh4w,2021-05-21T19:48:32.040Z,"9 km ENE of Zárkos, Greece",earthquake,5.1,1.9,0.153,12,reviewed,us,us
2021-03-08T01:56:10.591Z,38.3763,22.0021,10,4.3,mb,,41,1.197,1.07,us,us7000dh03,2021-05-21T19:48:21.040Z,"8 km N of Kamárai, Greece",earthquake,6.7,1.9,0.113,22,reviewed,us,us
2021-03-06T19:47:41.774Z,39.8399,22.0772,11.58,4.4,mb,,37,0.411,0.59,us,us7000dgl8,2021-05-21T19:47:40.040Z,"10 km NE of Verdikoússa, Greece",earthquake,5.6,5.1,0.091,35,reviewed,us,us
2021-03-06T16:36:19.338Z,39.6816,22.2378,10,4.5,mb,,34,0.463,0.95,us,us7000dgjq,2021-05-21T19:47:32.040Z,"Greece",earthquake,5.5,1.9,0.135,16,reviewed,us,us
2021-03-05T10:01:13.794Z,39.8056,21.9612,10,4.5,mb,,60,0.503,0.57,us,us7000difk,2021-05-21T19:49:59.040Z,"2 km NNW of Verdikoússa, Greece",earthquake,2,1.9,0.092,35,reviewed,us,us
2021-03-05T09:59:59.049Z,39.7964,22.0456,10,4.6,mb,,67,0.458,0.57,us,us7000dfxf,2021-05-21T19:46:44.040Z,"6 km ENE of Verdikoússa, Greece",earthquake,4.4,1.9,0.107,26,reviewed,us,us
2021-03-04T20:03:09.701Z,39.7751,22.1766,10,4.6,mb,,35,0.406,1.09,us,us7000dfm4,2021-05-13T22:45:36.040Z,"10 km WNW of Týrnavos, Greece",earthquake,5.5,1.9,0.243,5,reviewed,us,us
2021-03-04T19:31:32.531Z,39.802,22.0039,10,4.6,mb,,42,0.479,1.14,us,us7000dhtm,2021-05-13T22:45:32.040Z,"3 km NE of Verdikoússa, Greece",earthquake,4.7,1.9,0.157,12,reviewed,us,us
2021-03-04T19:23:51.987Z,39.8812,21.9795,10,5.5,mb,,20,0.45,0.99,us,us7000dfld,2025-12-22T18:00:14.537Z,"7 km S of Kraniá Elassónas, Greece",earthquake,4.8,1.8,0.028,440,reviewed,us,us
2021-03-04T18:45:27.370Z,39.7931,21.9916,10,4.5,mb,,88,0.492,0.64,us,us7000dhup,2021-05-13T22:45:29.040Z,"1 km NE of Verdikoússa, Greece",earthquake,2.9,1.9,0.271,4,reviewed,us,us
2021-03-04T18:38:19.386Z,39.7865,22.1157,10,5.8,mb,,19,0.427,0.91,us,us7000dfku,2025-12-22T18:52:11.489Z,"11 km E of Verdikoússa, Greece",earthquake,5.5,1.8,0.036,277,reviewed,us,us
2021-03-04T09:36:16.660Z,39.7457,22.1311,10,4.6,mwr,,36,0.451,0.62,us,us7000dfe8,2021-05-13T22:43:22.040Z,"13 km W of Týrnavos, Greece",earthquake,5.6,1.9,0.098,10,reviewed,us,us
2021-03-04T02:43:38.481Z,39.7362,22.1919,10,4.3,mb,,36,0.432,0.58,us,us7000dfbq,2021-05-13T22:42:57.040Z,"8 km W of Týrnavos, Greece",earthquake,5.7,1.9,0.113,23,reviewed,us,us
2021-03-03T21:00:56.106Z,39.7958,22.1868,13.05,4.3,mb,,35,0.385,0.56,us,us7000df98,2021-05-13T22:42:39.040Z,"10 km SSW of Tsarítsani, Greece",earthquake,5.2,5.2,0.093,33,reviewed,us,us
2021-03-03T18:49:49.837Z,39.7259,22.0503,10,4.4,mb,,38,0.506,1.05,us,us7000df8a,2021-05-13T22:42:33.040Z,"8 km SE of Verdikoússa, Greece",earthquake,4.8,1.9,0.12,20,reviewed,us,us
2021-03-03T18:24:09.041Z,39.7227,22.1153,14.74,5.1,mww,,17,0.476,0.95,us,us7000df7z,2025-12-22T18:52:10.357Z,"11 km NNE of Grizáno, Greece",earthquake,4.3,3.2,0.053,34,reviewed,us,us
2021-03-03T12:02:38.067Z,39.7306,22.1797,10,4.3,mb,,68,0.441,0.84,us,us7000df4r,2021-05-13T22:42:15.040Z,"9 km W of Týrnavos, Greece",earthquake,5.9,1.9,0.202,7,reviewed,us,us
2021-03-03T11:49:03.840Z,39.7742,22.3586,10,4.9,mb,,33,0.343,0.59,us,us7000dh6e,2021-05-13T22:42:14.040Z,"Greece",earthquake,5.2,1.9,0.085,43,reviewed,us,us
2021-03-03T11:45:46.390Z,39.7259,22.2212,10,5.3,mww,,28,0.429,0.4,us,us7000df4l,2025-12-22T18:52:09.032Z,"5 km WSW of Týrnavos, Greece",earthquake,5.5,1.8,0.071,19,reviewed,us,us
2021-03-03T11:35:57.327Z,39.6609,22.2357,10,4.9,mwr,,30,0.483,0.5,us,us7000df4h,2025-12-22T18:53:59.654Z,"9 km SSW of Týrnavos, Greece",earthquake,4.9,1.8,0.056,31,reviewed,us,us
2021-03-03T11:35:09.683Z,39.6438,22.2258,10,4.3,mb,,44,0.501,0.74,us,us7000dh5w,2021-05-13T22:42:08.040Z,"9 km ENE of Zárkos, Greece",earthquake,4.4,1.8,0.202,8,reviewed,us,us
2021-03-03T11:19:03.048Z,39.7277,22.2743,10,4.5,mb,,42,0.409,0.85,us,us7000df4a,2021-05-13T22:42:06.040Z,"1 km SW of Týrnavos, Greece",earthquake,4.4,1.8,0.15,13,reviewed,us,us
2021-03-03T11:12:22.718Z,39.7084,22.0725,10,4.4,mb,,38,0.508,0.68,us,us7000df47,2021-05-13T22:42:04.040Z,"8 km NNE of Grizáno, Greece",earthquake,3.5,2,0.143,14,reviewed,us,us
2021-03-03T10:34:08.332Z,39.7231,22.211,10,5,mb,,35,0.435,0.53,us,us7000df42,2025-12-22T19:04:24.564Z,"6 km WSW of Týrnavos, Greece",earthquake,5.7,1.8,0.053,114,reviewed,us,us
2021-03-03T10:26:20.417Z,39.6446,22.2284,10,4.5,mb,,54,0.5,0.6,us,us7000dh5t,2021-05-13T22:42:00.040Z,"9 km ENE of Zárkos, Greece",earthquake,3.5,1.7,0.102,28,reviewed,us,us
2021-03-03T10:21:35.074Z,39.5708,22.0342,10,4.9,mb,,84,0.596,0.51,us,us7000dh62,2025-12-22T19:04:23.882Z,"6 km SE of Oichalía, Greece",earthquake,4.1,1.8,0.102,33,reviewed,us,us
2021-03-03T10:20:45.759Z,39.7681,22.0881,10,4.8,mb,,47,0.455,0.5,us,us7000dh69,2021-05-13T22:41:58.040Z,"9 km E of Verdikoússa, Greece",earthquake,6.5,1.9,0.16,16,reviewed,us,us
2021-03-03T10:16:09.755Z,39.7546,22.1757,8,6.3,mww,,17,0.423,0.55,us,us7000df40,2025-12-22T19:06:42.980Z,"9 km W of Týrnavos, Greece",earthquake,2.7,1.8,0.034,81,reviewed,us,us
2021-02-28T16:21:16.285Z,37.8161,20.7279,10,4,mb,,142,1.145,0.9,us,us7000dfjn,2021-05-13T22:37:56.040Z,"3 km WSW of Katastárion, Greece",earthquake,6.2,2,0.212,6,reviewed,us,us
2021-02-28T12:26:02.380Z,37.8234,20.7651,10,4.5,mb,,138,1.124,0.57,us,us7000dec9,2021-05-13T22:37:38.040Z,"0 km SE of Katastárion, Greece",earthquake,5.9,1.9,0.11,24,reviewed,us,us
2021-02-26T03:21:27.788Z,38.3348,21.9563,10,4.2,mb,,83,0.746,1.26,us,us7000ddsh,2021-05-13T22:34:39.040Z,"5 km NW of Kamárai, Greece",earthquake,4.7,1.9,0.141,14,reviewed,us,us
2021-02-24T10:51:52.831Z,35.5562,26.6217,13.35,4.1,mb,,83,0.439,0.43,us,us6000dkn0,2021-05-04T14:16:54.040Z,"31 km WNW of Fry, Greece",earthquake,4.1,5.9,0.174,9,reviewed,us,us
2021-02-18T03:04:32.991Z,38.1816,23.4641,10,4.4,mb,,66,1.218,0.64,us,us6000dijk,2021-04-23T21:04:53.040Z,"11 km E of Vília, Greece",earthquake,4.4,1.9,0.138,15,reviewed,us,us
2021-02-17T04:38:51.617Z,38.3179,22.0162,10,4.8,mb,,38,0.745,0.75,us,us6000diap,2021-04-23T21:04:49.040Z,"2 km NE of Kamárai, Greece",earthquake,4.3,1.9,0.079,50,reviewed,us,us
2021-02-17T04:10:26.996Z,38.2741,22.1717,10,4.3,mb,,114,0.756,0.37,us,us6000diai,2021-04-23T21:04:49.040Z,"5 km NE of Témeni, Greece",earthquake,5.2,1.2,0.238,5,reviewed,us,us
2021-02-17T03:36:07.058Z,38.4057,22.019,5.29,5.5,mww,,38,0.662,0.36,us,us6000diae,2025-12-22T18:50:26.442Z,"11 km N of Kamárai, Greece",earthquake,5.5,3.1,0.047,44,reviewed,us,us
2021-02-17T02:33:41.298Z,38.38,22.0388,10,4.3,mb,,43,0.681,0.63,us,us6000di9z,2021-04-23T21:04:49.040Z,"9 km NNE of Kamárai, Greece",earthquake,3.8,1.9,0.119,20,reviewed,us,us
2021-02-16T06:24:11.516Z,38.9762,26.0262,13.22,4.4,mb,,77,0.691,0.61,us,us6000dhzt,2021-04-23T21:04:45.040Z,"17 km SW of Polichnítos, Greece",earthquake,4.7,3.2,0.139,15,reviewed,us,us
2021-02-15T19:46:51.101Z,36.1068,25.4739,112.07,4.1,mb,,94,0.945,1.18,us,us6000djgw,2021-04-23T21:04:41.040Z,"28 km S of Emporeío, Greece",earthquake,6.3,10.9,0.175,9,reviewed,us,us
2021-02-09T07:30:36.608Z,37.6529,26.4548,10,4.3,mb,,44,1.459,1.19,us,us6000dfux,2021-04-22T21:51:55.040Z,"14 km ENE of Agios Kirykos, Greece",earthquake,3.9,1.8,0.218,6,reviewed,us,us
2021-02-08T01:25:18.141Z,36.3394,24.6937,102.78,4.1,mb,,58,1.061,1.24,us,us6000dfh3,2021-04-22T21:51:18.040Z,"37 km SSW of Folégandros, Greece",earthquake,6.2,9.4,0.174,9,reviewed,us,us
2021-02-03T19:55:00.901Z,39.4132,20.1342,10,4.4,mb,,38,0.397,0.99,us,us6000de99,2021-04-16T19:03:18.040Z,"5 km ESE of Lefkímmi, Greece",earthquake,4.7,1.9,0.13,17,reviewed,us,us
2021-02-01T20:46:15.897Z,38.9772,26.0791,10,4.8,mb,,32,0.65,0.55,us,us6000ddra,2021-04-16T19:02:53.040Z,"14 km SW of Polichnítos, Greece",earthquake,5.1,1.1,0.071,61,reviewed,us,us
2021-02-01T13:10:15.874Z,38.9683,26.0399,9.41,4.9,mb,,32,0.682,0.48,us,us6000ddmm,2021-04-16T19:02:49.040Z,"17 km SW of Polichnítos, Greece",earthquake,4.6,4,0.068,68,reviewed,us,us
2021-02-01T08:35:18.153Z,39.0217,26.0784,10,5.2,mww,,42,0.645,0.54,us,us6000ddle,2025-12-22T18:49:13.379Z,"11 km SW of Polichnítos, Greece",earthquake,1.8,1.8,0.054,33,reviewed,us,us
2021-02-01T06:34:10.553Z,38.9022,26.0614,10,4.4,mb,,63,0.679,0.73,us,us6000ddku,2021-04-16T19:02:48.040Z,"22 km SSW of Polichnítos, Greece",earthquake,2.4,1.9,0.144,14,reviewed,us,us
2021-02-01T06:00:05.082Z,38.908,26.0285,10,4.8,mb,,32,0.702,0.56,us,us6000ddkp,2021-04-16T19:02:47.040Z,"23 km SW of Polichnítos, Greece",earthquake,3,1.8,0.071,61,reviewed,us,us
2021-02-01T05:47:52.716Z,38.8807,25.9761,10,4.8,mb,,95,0.748,0.57,us,us6000dfvn,2021-04-16T19:03:48.040Z,"28 km SW of Polichnítos, Greece",earthquake,5.1,1.5,0.076,54,reviewed,us,us
2021-02-01T05:46:52.958Z,38.9677,26.0599,10,4.8,mb,,32,0.666,0.76,us,us6000ddkk,2025-12-22T18:49:12.606Z,"16 km SW of Polichnítos, Greece",earthquake,3.7,1.8,0.121,21,reviewed,us,us
2021-02-01T05:03:24.066Z,38.9944,26.0436,10,4,mb,,37,0.675,0.75,us,us6000ddkb,2021-04-16T19:02:46.040Z,"15 km SW of Polichnítos, Greece",earthquake,4.5,1.9,0.149,12,reviewed,us,us
2021-01-27T16:12:59.717Z,35.1954,26.4419,87.52,4.2,mb,,164,0.684,0.9,us,us7000d3rg,2021-04-13T17:07:47.040Z,"17 km E of Palekastro, Greece",earthquake,6.7,6.5,0.08,43,reviewed,us,us
2021-01-26T14:32:42.093Z,41.4988,19.4656,2.94,4.4,mb,,34,0.942,0.96,us,us7000d3f3,2021-04-13T17:07:40.040Z,"19 km NNW of Shijak, Albania",earthquake,4,4.7,0.13,21,reviewed,us,us
2021-01-26T01:11:28.804Z,34.779,23.9989,10,4,mb,,122,0.89,0.78,us,us6000de7b,2021-04-13T17:04:08.040Z,"10 km SW of Kastrí, Greece",earthquake,5,1.9,0.195,7,reviewed,us,us
2021-01-25T23:54:43.670Z,35.9153,22.1162,10,4.4,mb,,116,1.27,1.05,us,us7000d3ab,2021-04-13T17:05:11.040Z,"82 km WSW of Kýthira, Greece",earthquake,7.5,1.8,0.1,29,reviewed,us,us
2021-01-25T13:35:27.847Z,37.7273,20.8862,29.51,4.6,mb,,54,0.991,0.93,us,us7000d34m,2021-04-13T17:07:33.040Z,"3 km SSE of Ambelókipoi, Greece",earthquake,5.5,2.6,0.129,20,reviewed,us,us
2021-01-22T06:57:27.237Z,35.6353,26.4443,22.04,4.3,mwr,,82,0.59,0.8,us,us7000d2be,2021-04-13T17:07:03.040Z,"49 km WNW of Fry, Greece",earthquake,3.7,4.9,0.093,11,reviewed,us,us
2021-01-20T23:37:55.968Z,37.8701,26.7652,2.8,4.8,mb,,22,1.204,0.56,us,us7000d1v3,2021-03-27T21:05:48.040Z,"10 km NNE of Néon Karlovásion, Greece",earthquake,4.3,4.1,0.063,78,reviewed,us,us
2021-01-20T23:28:22.823Z,37.8212,26.7794,10,4.1,mb,,39,1.252,0.97,us,us6000dcp1,2021-03-27T21:04:13.040Z,"7 km ENE of Néon Karlovásion, Greece",earthquake,4.6,1.3,0.262,4,reviewed,us,us
2021-01-20T02:39:08.603Z,40.8777,20.3252,10,4.4,mb,,38,1.232,1.08,us,us7000d1j4,2021-03-27T21:05:35.040Z,"11 km E of Gramsh, Albania",earthquake,2.7,1.9,0.143,14,reviewed,us,us
2021-01-18T04:23:12.565Z,35.6339,26.2557,10,4.5,mb,,105,0.743,1.1,us,us7000d112,2021-03-27T21:05:13.040Z,"48 km N of Palekastro, Greece",earthquake,5.1,1.9,0.07,61,reviewed,us,us
2021-01-17T11:22:43.890Z,34.9449,24.5384,42.44,4.2,mb,,113,0.447,0.93,us,us7000d0vz,2021-03-27T21:05:04.040Z,"21 km SW of Agía Galíni, Greece",earthquake,7.3,9.8,0.118,20,reviewed,us,us
2021-01-15T12:03:51.897Z,38.4214,22.087,10,4.1,mb,,65,0.629,0.81,us,us7000d2fm,2021-03-27T21:06:03.040Z,"15 km SW of Lidoríki, Greece",earthquake,3.8,1.8,0.198,7,reviewed,us,us
2021-01-14T10:49:20.879Z,38.4545,22.0128,10,4.2,mb,,44,0.619,1.28,us,us6000d88m,2022-08-09T02:26:43.132Z,"17 km N of Kamárai, Greece",earthquake,2.9,1.9,0.136,15,reviewed,us,us
2021-01-14T06:19:20.151Z,38.3709,22.1658,10,4.4,mb,,49,0.662,0.63,us,us7000d2e2,2021-03-20T21:25:33.040Z,"15 km NE of Rododáfni, Greece",earthquake,3.4,1.8,0.169,10,reviewed,us,us
2021-01-13T13:15:23.892Z,38.4173,22.1746,10,4.3,mb,,45,0.616,0.44,us,us6000d80k,2021-03-20T21:25:15.040Z,"12 km S of Lidoríki, Greece",earthquake,4.7,1.9,0.109,24,reviewed,us,us
2021-01-13T09:40:22.458Z,38.4058,22.0523,10,4.4,mwr,,40,0.653,0.56,us,us6000d7zn,2021-03-20T21:25:07.040Z,"12 km NNE of Kamárai, Greece",earthquake,6.3,1.9,0.059,28,reviewed,us,us
2021-01-13T09:06:08.803Z,38.3356,22.0502,10,4.2,mb,,43,0.72,0.6,us,us6000d7zk,2021-03-20T21:25:06.040Z,"6 km NE of Kamárai, Greece",earthquake,4.6,1.9,0.11,23,reviewed,us,us
2021-01-12T22:59:48.416Z,38.3134,22.1654,10,4.2,mb,,66,0.719,1,us,us7000d22g,2021-03-20T21:24:58.040Z,"9 km NNE of Témeni, Greece",earthquake,5,1.9,0.132,16,reviewed,us,us
2021-01-12T22:56:48.046Z,38.3646,22.118,10,4.7,mwr,,37,0.677,1.2,us,us6000d7w3,2021-03-20T21:24:57.040Z,"12 km NNE of Rododáfni, Greece",earthquake,4.9,1.8,0.048,41,reviewed,us,us
2021-01-12T22:32:57.672Z,38.3987,22.0833,10,4.5,mb,,43,0.652,0.8,us,us7000d229,2021-03-20T21:24:57.040Z,"13 km NNE of Kamárai, Greece",earthquake,3.3,1.9,0.086,39,reviewed,us,us
2021-01-12T22:29:39.031Z,38.4147,22.0612,10,4.6,mwr,,36,0.642,0.83,us,us6000d7vx,2021-03-20T21:24:57.040Z,"13 km NNE of Kamárai, Greece",earthquake,6.1,1.9,0.06,27,reviewed,us,us
2021-01-12T22:09:57.263Z,38.4129,22.0649,10,5.2,mww,,29,0.643,0.92,us,us6000d7vr,2025-12-22T18:48:15.832Z,"13 km NNE of Kamárai, Greece",earthquake,5.9,1.8,0.059,28,reviewed,us,us
2021-01-12T07:26:33.870Z,40.0828,19.7021,10,4.5,mb,,47,0.376,1.09,us,us6000d7nf,2021-03-20T21:24:37.040Z,"4 km WSW of Himarë, Albania",earthquake,5.2,1.9,0.15,13,reviewed,us,us
2021-01-11T20:39:00.909Z,35.5945,26.4741,10,4.2,mb,,54,0.562,1.04,us,us6000d7i5,2021-03-20T21:24:16.040Z,"45 km WNW of Fry, Greece",earthquake,5.1,1.9,0.132,16,reviewed,us,us
2021-01-11T01:34:31.522Z,35.51,26.3534,19.67,4.4,mb,,134,0.659,1.29,us,us7000d1q6,2021-03-20T21:23:54.040Z,"35 km NNE of Palekastro, Greece",earthquake,4.3,5.8,0.17,10,reviewed,us,us
2021-01-10T19:06:45.091Z,39.1686,21.676,42.43,4.3,mb,,80,1.553,1.04,us,us6000d7a1,2021-03-20T21:23:47.040Z,"18 km N of Kerasochóri, Greece",earthquake,6.9,10.3,0.109,27,reviewed,us,us
2021-01-09T04:33:54.254Z,35.6382,26.2555,10,4.3,mb,,122,0.743,1.1,us,us6000d6y3,2021-03-20T21:23:07.040Z,"48 km N of Palekastro, Greece",earthquake,4.2,1.8,0.137,15,reviewed,us,us
2021-01-08T06:55:02.812Z,37.7518,21.1145,10,4.3,mb,,121,0.862,0.67,us,us7000d132,2021-03-20T21:22:42.040Z,"10 km S of Arkoúdi, Greece",earthquake,3,2,0.201,7,reviewed,us,us
2021-01-07T00:58:15.332Z,40.1774,25.0193,10,4.2,mb,,39,1.94,0.87,us,us6000d6bm,2021-03-13T22:59:40.040Z,"33 km N of Mýrina, Greece",earthquake,5.8,1.4,0.199,7,reviewed,us,us
2021-01-06T21:29:55.285Z,36.5926,26.8999,139.7,4,mb,,64,1.055,0.93,us,us6000d6a5,2021-03-13T22:59:39.040Z,"17 km SSW of Kéfalos, Greece",earthquake,6.7,7.7,0.164,10,reviewed,us,us
2021-01-06T01:14:37.590Z,38.2334,21.9161,10,4.2,mb,,102,1.052,0.81,us,us6000d5yg,2021-03-13T22:59:28.040Z,"8 km ESE of Áno Kastrítsi, Greece",earthquake,3.9,2,0.264,4,reviewed,us,us
2021-01-02T02:25:25.540Z,37.9324,26.6869,23.19,4.1,mb,,38,1.575,0.53,us,us6000d4wz,2021-03-13T22:58:37.040Z,"15 km N of Néon Karlovásion, Greece",earthquake,5.5,7.6,0.213,6,reviewed,us,us
2021-01-01T03:55:22.647Z,38.3055,22.056,10,4.3,mb,,65,1.129,1.14,us,us6000d4qi,2021-03-13T22:58:27.040Z,"4 km N of Rododáfni, Greece",earthquake,3.7,1.9,0.265,4,reviewed,us,us
2020-12-30T13:40:12.861Z,37.7069,26.4086,10,4.4,mb,,43,1.867,0.53,us,us6000d4bx,2021-03-06T23:20:40.040Z,"14 km NE of Agios Kirykos, Greece",earthquake,4.8,1.7,0.089,38,reviewed,us,us
2020-12-30T00:39:21.709Z,38.3977,21.9991,10,4.5,mb,,42,1.218,0.99,us,us6000d45s,2021-03-06T23:20:30.040Z,"10 km N of Kamárai, Greece",earthquake,6.1,1.9,0.095,33,reviewed,us,us
2020-12-29T13:58:11.596Z,38.3122,22.1174,10,4.3,mb,,84,1.141,1.01,us,us6000d6q6,2021-03-06T23:20:18.040Z,"7 km NE of Rododáfni, Greece",earthquake,3.1,1.9,0.216,7,reviewed,us,us
2020-12-29T08:06:09.922Z,34.7091,24.0697,10,4.9,mb,,49,0.887,1.12,us,us6000d3y3,2021-03-06T23:20:12.040Z,"14 km S of Kastrí, Greece",earthquake,5,1.4,0.052,149,reviewed,us,us
2020-12-28T22:55:28.522Z,36.4564,26.8211,125.75,4.1,mb,,48,0.948,1.04,us,us6000d6h5,2021-03-06T23:20:03.040Z,"32 km WSW of Mandráki, Greece",earthquake,5.5,6.3,0.158,11,reviewed,us,us
2020-12-28T11:11:46.842Z,38.4251,21.9785,10,4.4,mb,,79,1.722,0.83,us,us6000d3n0,2021-03-06T23:19:52.040Z,"13 km ENE of Náfpaktos, Greece",earthquake,5.4,1.9,0.11,24,reviewed,us,us
2020-12-27T01:59:14.699Z,35.4318,23.1985,10,4.1,mb,,172,1.39,1.29,us,us6000d3b2,2021-03-06T23:19:21.040Z,"41 km W of Kíssamos, Greece",earthquake,4.5,1.9,0.146,13,reviewed,us,us
2020-12-23T20:02:26.518Z,38.3397,22.0111,16.72,4.3,mb,,41,1.161,1.01,us,us6000d2bf,2021-03-06T23:18:02.040Z,"4 km NNE of Kamárai, Greece",earthquake,4.6,3.5,0.113,22,reviewed,us,us
2020-12-23T14:58:24.659Z,38.419,22.0693,10,4.8,mww,,36,1.243,0.66,us,us6000d28k,2022-08-09T01:59:57.532Z,"14 km NNE of Kamárai, Greece",earthquake,5.8,1.8,0.059,28,reviewed,us,us
2020-12-23T00:22:31.803Z,38.3485,21.7384,10,4.4,mb,,44,1.177,0.75,us,us6000d21x,2021-03-06T23:17:47.040Z,"3 km NW of Antirrio, Greece",earthquake,4.6,1.4,0.088,39,reviewed,us,us
2020-12-19T00:53:12.938Z,40.0874,19.8769,11.55,4.1,mb,,39,0.379,0.83,us,us7000csar,2021-02-27T23:26:02.040Z,"11 km E of Himarë, Albania",earthquake,5.1,6.3,0.144,13,reviewed,us,us
2020-12-18T01:04:04.699Z,35.592,26.2796,10,4.2,mb,,129,0.72,0.85,us,us7000crzl,2021-02-27T23:25:20.040Z,"43 km N of Palekastro, Greece",earthquake,3.4,1.7,0.235,5,reviewed,us,us
2020-12-17T13:36:45.404Z,35.6626,26.2609,10,4.8,mb,,46,0.742,1.01,us,us7000crsr,2021-02-27T23:25:11.040Z,"51 km N of Palekastro, Greece",earthquake,4.7,1.8,0.077,52,reviewed,us,us
2020-12-17T07:19:13.248Z,34.8845,23.3244,10,4.3,mb,,113,1.345,0.47,us,us7000crrh,2021-02-27T23:25:07.040Z,"50 km SW of Palaióchora, Greece",earthquake,5,1.9,0.099,30,reviewed,us,us
2020-12-16T02:18:01.425Z,38.0842,20.3354,10,4.4,mb,,120,1.552,1.09,us,us7000crf7,2021-02-27T23:24:49.040Z,"15 km SW of Lixoúri, Greece",earthquake,2.4,1.9,0.218,6,reviewed,us,us
2020-12-14T10:49:28.826Z,39.3457,21.64,10,4.5,mb,,43,0.63,1.13,us,us7000cqy6,2021-02-20T16:11:51.040Z,"9 km W of Morfovoúni, Greece",earthquake,4.9,1.9,0.192,9,reviewed,us,us
2020-12-13T22:39:53.702Z,35.3867,26.3304,10,4.3,mb,,59,0.696,1.01,us,us7000crua,2021-02-20T16:12:33.040Z,"22 km NNE of Palekastro, Greece",earthquake,3.7,1.9,0.154,12,reviewed,us,us
2020-12-11T11:01:09.641Z,35.6488,26.2704,10,4.1,mb,,114,0.732,0.61,us,us7000crk8,2021-02-20T16:12:25.040Z,"50 km N of Palekastro, Greece",earthquake,4.8,1.5,0.145,13,reviewed,us,us
2020-12-07T10:00:04.369Z,35.479,26.3791,10,4,mb,,105,0.641,1.23,us,us7000cpux,2021-02-12T22:41:01.040Z,"33 km NNE of Palekastro, Greece",earthquake,5.1,1.9,0.183,9,reviewed,us,us
2020-12-06T07:19:42.645Z,41.497,19.5428,10,4.5,mb,,36,0.955,0.72,us,us7000cnkw,2022-08-09T01:41:28.758Z,"14 km W of Fushë-Krujë, Albania",earthquake,4.2,1.9,0.092,35,reviewed,us,us
2020-12-04T09:34:15.954Z,37.8168,26.8061,10,4.5,mb,,39,1.536,0.64,us,us7000cmy8,2021-02-12T22:38:51.040Z,"8 km WNW of Kokkári, Greece",earthquake,4.8,1.5,0.106,26,reviewed,us,us
2020-12-02T10:54:57.863Z,38.3488,23.458,10,4.5,mwr,,39,1.105,0.38,us,us7000cm2t,2021-02-12T22:38:17.040Z,"2 km W of Árma, Greece",earthquake,4.8,1.8,0.068,21,reviewed,us,us
2020-11-25T22:44:56.987Z,37.3692,24.232,167.69,4,mb,,96,1.849,1.03,us,us7000cjqu,2021-02-06T18:28:14.040Z,"34 km NW of Sérifos, Greece",earthquake,7.1,10.4,0.231,5,reviewed,us,us
2020-11-25T00:52:01.140Z,34.7177,19.3259,10,4.1,mb,,173,3.236,1.24,us,us7000ckeh,2021-02-06T18:28:35.040Z,"268 km NNW of T?krah, Libya",earthquake,5.7,1.9,0.198,7,reviewed,us,us
2020-11-22T00:34:17.272Z,37.3289,20.3421,42.48,4.4,mb,,136,1.272,0.71,us,us6000csit,2021-02-03T17:49:40.040Z,"61 km SW of Lithakiá, Greece",earthquake,5,15.5,0.31,3,reviewed,us,us
2020-11-18T23:10:59.339Z,37.1526,21.5683,22.37,4.3,mwr,,52,0.286,0.93,us,us6000cq4i,2021-02-03T17:50:15.040Z,"1 km WSW of Filiatrá, Greece",earthquake,3.6,4.7,0.06,27,reviewed,us,us
2020-11-17T01:49:31.291Z,38.3493,21.8569,10,4.5,mb,,44,1.169,0.6,us,us7000cfxs,2021-01-27T17:30:05.040Z,"5 km SSE of Náfpaktos, Greece",earthquake,5,1.9,0.131,17,reviewed,us,us
2020-11-13T21:38:16.570Z,39.2032,21.7272,10,4.2,mb,,44,1.579,1.13,us,us7000cep5,2021-01-27T17:29:07.040Z,"16 km S of Morfovoúni, Greece",earthquake,6.1,1.9,0.121,19,reviewed,us,us
2020-11-12T03:34:15.576Z,37.7393,26.7997,10,4.4,mb,,51,1.576,0.79,us,us7000cg5a,2021-01-27T17:30:12.040Z,"9 km WSW of Kokkári, Greece",earthquake,4,1.7,0.218,6,reviewed,us,us
2020-11-11T06:49:45.963Z,37.8478,26.9649,10,4.6,mb,,38,1.41,0.8,us,us7000cda2,2021-01-27T17:28:35.040Z,"9 km NE of Kokkári, Greece",earthquake,1.8,1.9,0.086,40,reviewed,us,us
2020-11-09T20:31:00.798Z,37.8793,26.9657,10,4.3,mb,,37,1.395,0.92,us,us7000ccln,2021-01-23T22:25:39.040Z,"12 km NNE of Kokkári, Greece",earthquake,5,1.9,0.129,17,reviewed,us,us
2020-11-05T22:16:27.221Z,39.9244,23.973,10,4.9,mb,,27,1.851,0.78,us,us7000cb2c,2021-01-23T22:25:30.040Z,"12 km SSE of Sykiá, Greece",earthquake,5.8,1.9,0.06,87,reviewed,us,us
2020-11-03T20:35:35.787Z,37.8619,26.4594,10,4,mb,,41,1.768,1.13,us,us7000c9zf,2021-01-18T23:02:10.040Z,"22 km WNW of Néon Karlovásion, Greece",earthquake,2.6,1.9,0.157,13,reviewed,us,us
2020-11-02T19:16:40.054Z,37.8283,26.4937,10,4.5,mb,,29,1.756,1.14,us,us7000c9df,2021-01-18T23:02:03.040Z,"19 km WNW of Néon Karlovásion, Greece",earthquake,4.4,1.5,0.171,10,reviewed,us,us
2020-11-02T12:30:39.907Z,38.0363,26.7321,10,4.4,mb,,28,1.507,0.8,us,us7000cbdc,2021-01-18T23:02:02.040Z,"20 km SSW of Seferihisar, Turkey",earthquake,3.5,1.8,0.109,25,reviewed,us,us
2020-11-02T11:58:03.083Z,37.821,26.9203,10,4.3,mb,,38,1.453,0.84,us,us7000c990,2021-01-18T23:02:01.040Z,"5 km NNE of Kokkári, Greece",earthquake,4.1,1.9,0.137,15,reviewed,us,us
2020-11-01T23:09:35.270Z,38.9424,21.5082,10,4.8,mb,,38,1.534,0.89,us,us7000c93g,2022-08-09T01:15:42.637Z,"13 km WSW of Kerasochóri, Greece",earthquake,6,1.8,0.053,110,reviewed,us,us
2020-11-01T12:57:03.791Z,37.7994,26.8783,10,4.4,mb,,39,1.493,0.55,us,us7000c8y9,2021-01-18T23:01:56.040Z,"2 km NNW of Kokkári, Greece",earthquake,5.1,1.7,0.143,14,reviewed,us,us
2020-11-01T07:33:08.976Z,37.7921,26.8967,10,4.2,mb,,39,1.483,0.65,us,us7000c8ws,2021-01-18T23:01:56.040Z,"1 km NNE of Kokkári, Greece",earthquake,4.6,1.9,0.125,19,reviewed,us,us
2020-10-31T22:05:43.515Z,37.8197,26.9124,15.95,4,mb,,64,1.459,0.82,us,us7000c8s0,2021-01-18T23:01:54.040Z,"4 km NNE of Kokkári, Greece",earthquake,4.9,6.6,0.299,3,reviewed,us,us
2020-10-31T14:42:43.329Z,37.8997,26.4381,10,4.3,mb,,46,1.771,1.17,us,us7000c8mn,2021-01-18T23:01:53.040Z,"26 km WNW of Néon Karlovásion, Greece",earthquake,3.8,1.8,0.147,13,reviewed,us,us
2020-10-31T12:36:20.035Z,37.7775,26.8244,10,4.2,mb,,40,1.541,0.73,us,us7000cavi,2021-01-18T23:01:53.040Z,"5 km W of Kokkári, Greece",earthquake,5.5,1.9,0.373,2,reviewed,us,us
2020-10-31T05:31:30.230Z,37.8579,26.8344,5.12,4.9,mww,,39,1.498,0.5,us,us7000c8jq,2025-12-22T18:44:43.586Z,"10 km NNW of Kokkári, Greece",earthquake,4.1,4.8,0.052,36,reviewed,us,us
2020-10-31T01:40:33.433Z,37.8757,26.5078,13.56,4.2,mb,,31,1.728,1.33,us,us7000c8gr,2021-01-18T23:01:50.040Z,"19 km WNW of Néon Karlovásion, Greece",earthquake,5.2,4.2,0.167,10,reviewed,us,us
2020-10-30T22:53:22.916Z,37.8755,26.7671,10,4.1,mb,,39,1.539,0.7,us,us7000c8fv,2021-01-18T23:01:50.040Z,"10 km NNE of Néon Karlovásion, Greece",earthquake,4.1,1.9,0.151,12,reviewed,us,us
2020-10-30T22:37:08.380Z,37.7574,26.8375,10,4.2,mb,,36,1.541,0.7,us,us7000c8fm,2021-01-18T23:01:50.040Z,"5 km WSW of Kokkári, Greece",earthquake,5.2,1.9,0.199,8,reviewed,us,us
2020-10-30T19:09:40.012Z,37.711,26.4454,10,4.2,mb,,43,1.839,1.13,us,us7000cat3,2021-01-18T23:01:49.040Z,"17 km NE of Agios Kirykos, Greece",earthquake,5.3,1.9,0.146,15,reviewed,us,us
2020-10-30T15:19:15.900Z,37.7426,26.9558,10,4.8,mb,,39,1.467,1.14,us,us7000cat9,2021-01-18T23:01:48.040Z,"2 km SW of Samos, Greece",earthquake,2.4,1.9,0.139,16,reviewed,us,us
2020-10-30T15:14:55.887Z,37.8319,26.8222,10,5.3,mww,,32,1.518,1.28,us,us7000c7zh,2021-01-18T23:01:48.040Z,"8 km NW of Kokkári, Greece",earthquake,5.2,1.9,0.098,10,reviewed,us,us
2020-10-30T13:00:43.929Z,37.8551,26.8766,10,4.9,mb,,57,1.469,1.08,us,us7000c7ye,2021-01-18T23:01:48.040Z,"8 km N of Kokkári, Greece",earthquake,5.3,1.9,0.109,26,reviewed,us,us
2020-10-30T12:41:31.954Z,37.7973,26.9776,10,4,mb,,80,1.425,0.63,us,us7000cask,2021-01-18T23:01:47.040Z,"4 km N of Samos, Greece",earthquake,5.8,1.9,0.195,7,reviewed,us,us
2020-10-30T12:19:09.834Z,37.7578,26.6426,10,4.4,mb,,49,1.678,0.84,us,us7000casi,2021-01-18T23:01:47.040Z,"5 km NW of Marathókampos, Greece",earthquake,5.3,1.8,0.219,6,reviewed,us,us
2020-10-30T11:51:27.348Z,37.8973,26.7838,21,7,mww,,18,1.518,0.59,us,us7000c7y0,2025-12-22T18:44:38.666Z,"13 km NNE of Néon Karlovásion, Greece",earthquake,1.4,1.8,0.036,75,reviewed,us,us
2020-10-24T07:50:41.584Z,36.0391,21.8861,10,4.5,mb,,177,1.137,0.75,us,us6000ccht,2021-01-09T20:05:23.040Z,"84 km S of Koróni, Greece",earthquake,5.3,1.9,0.163,11,reviewed,us,us
2020-10-21T23:00:54.450Z,37.3185,20.5134,9.85,5.2,mww,,25,1.135,0.6,us,us6000cb28,2025-12-22T18:44:50.382Z,"52 km SSW of Lithakiá, Greece",earthquake,6.2,3.5,0.053,34,reviewed,us,us
2020-10-21T23:00:14.335Z,37.2797,20.4414,10,4.4,mb,,81,1.188,0.92,us,us6000cb27,2021-01-09T20:05:17.040Z,"59 km SW of Lithakiá, Greece",earthquake,1.8,1.9,0.135,16,reviewed,us,us
2020-10-20T02:36:45.451Z,36.9864,20.9012,10,4.6,mb,,55,0.841,0.68,us,us6000c9sx,2020-12-29T23:07:53.040Z,"63 km WSW of Filiatrá, Greece",earthquake,5.2,1.5,0.129,18,reviewed,us,us
2020-10-18T08:07:16.877Z,39.1637,23.4322,10,4.3,mb,,38,1.187,0.85,us,us6000c95d,2020-12-29T23:07:35.040Z,"5 km W of Skiáthos, Greece",earthquake,5,1.8,0.114,22,reviewed,us,us
2020-10-17T20:31:59.067Z,39.1082,23.4155,10,4.2,mb,,49,1.224,0.7,us,us6000c91f,2020-12-29T23:07:32.040Z,"8 km SW of Skiáthos, Greece",earthquake,4.9,1.9,0.264,4,reviewed,us,us
2020-10-14T22:22:49.671Z,35.5435,26.2662,10,4.2,mb,,55,0.729,0.81,us,us6000c8d3,2020-12-29T23:07:21.040Z,"38 km N of Palekastro, Greece",earthquake,4.4,1.9,0.121,19,reviewed,us,us
2020-10-14T10:58:30.008Z,35.5083,26.2345,10,4.1,mb,,83,0.756,0.96,us,us6000c882,2020-12-29T23:07:20.040Z,"34 km N of Palekastro, Greece",earthquake,5.7,1.9,0.233,5,reviewed,us,us
2020-10-14T03:57:21.259Z,40.9647,22.9566,10,4.4,mb,,57,0.931,0.76,us,us6000c9y4,2020-12-29T23:07:19.040Z,"7 km ESE of Kilkís, Greece",earthquake,4.9,1.9,0.203,7,reviewed,us,us
2020-10-14T01:52:19.007Z,35.5217,26.2269,10.18,4.2,mb,,106,0.762,0.49,us,us6000c85f,2020-12-29T23:07:19.040Z,"36 km N of Palekastro, Greece",earthquake,5,4.3,0.175,9,reviewed,us,us
2020-10-12T08:53:17.055Z,35.7107,26.1751,10,4.4,mb,,69,0.819,0.64,us,us6000c8sg,2020-12-19T17:22:55.040Z,"56 km N of Sitia, Greece",earthquake,5.5,1.9,0.12,20,reviewed,us,us
2020-10-12T05:00:33.051Z,35.5527,26.2145,10,4.1,mb,,159,0.771,0.75,us,us6000c7ps,2020-12-19T17:22:47.040Z,"39 km N of Palekastro, Greece",earthquake,2.1,2,0.214,6,reviewed,us,us
2020-10-12T04:11:27.566Z,35.6445,26.2467,10,5.2,mww,,30,0.751,1.06,us,us6000c7nd,2025-12-22T18:43:38.746Z,"49 km N of Palekastro, Greece",earthquake,3.3,1.7,0.05,38,reviewed,us,us
2020-10-12T02:38:52.832Z,35.5691,26.238,10,4.2,mb,,130,0.753,1.27,us,us6000c7n0,2020-12-19T17:22:46.040Z,"41 km N of Palekastro, Greece",earthquake,3.2,1.9,0.159,11,reviewed,us,us
2020-10-12T01:11:57.729Z,35.5613,26.3301,10,4,mb,,131,0.677,1.07,us,us6000c7mq,2020-12-19T17:22:46.040Z,"40 km N of Palekastro, Greece",earthquake,3.6,1.9,0.183,8,reviewed,us,us
2020-10-12T00:44:25.265Z,35.5574,26.2336,10,4.3,mb,,130,0.756,0.96,us,us6000c7mh,2020-12-19T17:22:46.040Z,"39 km N of Palekastro, Greece",earthquake,4,1.8,0.11,23,reviewed,us,us
2020-10-12T00:30:39.934Z,35.5856,26.2443,10,5.1,mww,,44,0.748,0.83,us,us6000c7m8,2025-12-22T18:43:37.875Z,"43 km N of Palekastro, Greece",earthquake,4.8,1.8,0.05,38,reviewed,us,us
2020-10-11T14:55:25.692Z,34.8315,23.9811,32.37,4.1,mb,,192,0.873,0.7,us,us6000c8il,2020-12-19T17:22:54.040Z,"9 km W of Kastrí, Greece",earthquake,8.5,8.8,0.165,10,reviewed,us,us
2020-10-09T14:36:33.395Z,41.5072,19.4599,10,4.5,mb,,50,0.933,0.68,us,us6000c72t,2020-12-19T17:22:41.040Z,"20 km NNW of Shijak, Albania",earthquake,3.4,1.9,0.221,6,reviewed,us,us
2020-10-07T23:44:57.310Z,41.5363,19.5193,13.39,4.2,mb,,48,0.913,0.63,us,us6000c6kv,2020-12-19T17:22:39.040Z,"15 km WSW of Mamurras, Albania",earthquake,3.2,5.5,0.159,11,reviewed,us,us
2020-10-07T22:13:05.216Z,41.4658,19.5704,10,4.6,mb,,42,0.99,0.77,us,us6000c6kg,2020-12-19T17:22:39.040Z,"10 km NW of Vorë, Albania",earthquake,4.1,1.9,0.102,29,reviewed,us,us
2020-10-06T17:21:29.032Z,35.4582,22.3727,46.67,4.4,mb,,83,1.754,1.16,us,us6000c66h,2020-12-12T22:28:43.040Z,"94 km SW of Kýthira, Greece",earthquake,6,6.4,0.083,42,reviewed,us,us
2020-10-05T14:57:51.658Z,39.8812,23.3465,10,4.4,mb,,38,0.695,0.61,us,us6000c72a,2020-12-12T22:28:49.040Z,"Aegean Sea",earthquake,3.8,1.9,0.134,16,reviewed,us,us
2020-10-05T14:55:10.565Z,39.9709,24.3554,10,4.2,mb,,40,1.438,0.65,us,us6000c72b,2020-12-12T22:28:50.040Z,"Aegean Sea",earthquake,4.6,1.9,0.216,6,reviewed,us,us
2020-10-01T11:05:38.322Z,36.7385,26.7488,154.43,5,mb,,36,1.223,0.84,us,us6000c3tv,2020-12-12T22:28:29.040Z,"Dodecanese Islands, Greece",earthquake,6.2,5.2,0.039,209,reviewed,us,us
2020-09-28T04:12:42.226Z,39.9989,24.3791,11.37,4.8,mb,,34,1.549,0.84,us,us6000c21i,2020-12-05T21:03:03.040Z,"30 km SSE of Karyes, Greece",earthquake,5.8,4.4,0.068,68,reviewed,us,us
2020-09-27T16:05:09.351Z,40.0168,24.3949,12.26,4.5,mb,,47,1.529,0.4,us,us6000c1yd,2020-12-05T21:03:02.040Z,"29 km SSE of Karyes, Greece",earthquake,6.3,2.3,0.156,14,reviewed,us,us
2020-09-27T13:16:50.478Z,39.9448,24.4607,10,4.1,mb,,62,1.532,0.28,us,us6000c1xv,2020-12-05T21:03:01.040Z,"39 km SSE of Karyes, Greece",earthquake,5.8,2,0.521,1,reviewed,us,us
2020-09-27T12:58:02.284Z,40.005,24.3967,10,4.7,mb,,32,1.535,1.18,us,us6000c1xq,2020-12-05T21:03:01.040Z,"30 km SSE of Karyes, Greece",earthquake,6.2,1.9,0.153,13,reviewed,us,us
2020-09-27T12:22:20.778Z,39.9992,24.4007,10,4.7,mb,,50,1.536,0.56,us,us6000c1xc,2020-12-05T21:03:01.040Z,"31 km SSE of Karyes, Greece",earthquake,6.2,1.9,0.114,23,reviewed,us,us
2020-09-26T23:09:23.175Z,40.012,24.3727,10,4.3,mb,,53,1.546,0.59,us,us6000c1s6,2020-12-05T21:03:00.040Z,"29 km SSE of Karyes, Greece",earthquake,4.7,1.7,0.201,7,reviewed,us,us
2020-09-26T22:50:25.082Z,39.9847,24.3349,10.38,5.4,mww,,16,1.585,0.58,us,us6000c1rq,2025-12-22T18:42:53.186Z,"31 km SSE of Karyes, Greece",earthquake,5.8,3.8,0.046,45,reviewed,us,us
2020-09-26T18:39:18.478Z,39.9988,24.3522,10,4.5,mb,,36,1.566,0.93,us,us6000c1py,2020-12-05T21:03:00.040Z,"30 km SSE of Karyes, Greece",earthquake,4.5,1.9,0.1,32,reviewed,us,us
2020-09-24T21:22:54.770Z,35.2219,25.8482,10,4.1,mb,,52,0.787,0.75,us,us6000c0v5,2020-12-05T21:02:57.040Z,"11 km ESE of Schísma Eloúndas, Greece",earthquake,4.6,1.9,0.112,22,reviewed,us,us
2020-09-24T19:21:39.356Z,40.9809,19.7837,10,4.6,mb,,35,1.266,0.95,us,us6000c0rq,2020-12-05T21:02:57.040Z,"7 km SSE of Peqin, Albania",earthquake,5.6,1.7,0.193,8,reviewed,us,us
2020-09-24T18:52:13.980Z,35.3434,25.9036,9.41,4.4,mb,,54,0.83,0.9,us,us6000c0r2,2020-12-05T21:02:57.040Z,"18 km ENE of Schísma Eloúndas, Greece",earthquake,5.8,2.3,0.11,24,reviewed,us,us
2020-09-24T05:10:20.070Z,38.8823,20.5387,10,4.7,mb,,76,1.009,0.95,us,us6000c0er,2020-12-05T21:02:56.040Z,"15 km WNW of Lefkáda, Greece",earthquake,6.4,1.9,0.108,26,reviewed,us,us
2020-09-23T23:25:09.198Z,40.9687,19.7553,10,4.4,mb,,39,1.255,1.28,us,us6000c0c1,2020-12-05T21:02:55.040Z,"5 km NE of Lushnjë, Albania",earthquake,4.6,1.9,0.107,25,reviewed,us,us
2020-09-20T06:33:11.449Z,34.945,26.5699,10,4,mb,,139,0.771,1.31,us,us6000c0mq,2020-11-28T21:31:56.040Z,"40 km SE of Palekastro, Greece",earthquake,4.2,1.9,0.183,8,reviewed,us,us
2020-09-20T06:31:01.381Z,34.9649,26.4643,10,4.3,mb,,56,0.814,0.66,us,us7000bqeh,2020-11-28T21:31:56.040Z,"32 km SE of Palekastro, Greece",earthquake,2.8,1.8,0.079,45,reviewed,us,us
2020-09-20T06:01:23.028Z,35.247,23.1199,51.34,4.2,mb,,110,1.449,0.82,us,us7000bqea,2020-11-28T21:31:56.040Z,"51 km W of Palaióchora, Greece",earthquake,7.2,7.3,0.136,15,reviewed,us,us
2020-09-18T16:28:17.575Z,35.0368,25.3034,44,5.9,mww,,35,0.421,0.78,us,us7000bpvt,2025-12-22T18:42:19.732Z,"12 km SSE of Arkalochóri, Greece",earthquake,5.9,1.9,0.05,39,reviewed,us,us
2020-09-17T23:32:56.244Z,35.9298,22.1773,39.27,4.3,mb,,46,1.262,0.87,us,us7000bpmt,2020-11-28T21:31:49.040Z,"77 km WSW of Kýthira, Greece",earthquake,6.4,7.5,0.072,54,reviewed,us,us
2020-09-11T03:00:57.970Z,38.1331,23.1713,10,4.3,mb,,45,1.373,1.17,us,us7000blkg,2021-02-10T18:41:17.361Z,"12 km SSW of Kaparéllion, Greece",earthquake,6,1.9,0.111,23,reviewed,us,us
2020-09-05T23:24:31.394Z,38.8683,21.0037,10,4.3,mb,,85,1.26,1.33,us,us7000bip3,2020-11-17T19:44:42.040Z,"5 km ENE of Monastiráki, Greece",earthquake,2.8,1.9,0.177,9,reviewed,us,us
2020-09-03T15:07:36.651Z,38.1956,23.9839,10,4.3,mb,,59,1.923,0.49,us,us7000bh6y,2020-11-17T19:44:27.040Z,"1 km ESE of Grammatikó, Greece",earthquake,4.5,1.9,0.129,23,reviewed,us,us
2020-08-29T00:18:28.267Z,39.6763,20.3328,10,4.7,mb,,24,0.415,0.93,us,us7000ben2,2020-11-07T18:48:32.040Z,"8 km NNE of Filiátes, Greece",earthquake,5.3,1.8,0.049,127,reviewed,us,us
2020-08-22T10:25:41.367Z,41.5314,19.5833,15.76,4.2,mb,,49,0.929,0.68,us,us6000bizv,2020-10-31T19:06:16.040Z,"10 km WSW of Mamurras, Albania",earthquake,6.3,3.5,0.199,7,reviewed,us,us
2020-08-22T04:31:55.486Z,38.1227,22.0156,10,4.5,mb,,37,0.945,1.17,us,us6000biw2,2020-10-31T19:06:16.040Z,"13 km NW of Kalávryta, Greece",earthquake,3.4,1.8,0.108,25,reviewed,us,us
2020-08-17T07:27:02.373Z,36.8978,23.77,95.34,5,mww,,37,1.502,0.61,us,us6000bfuq,2025-12-22T18:40:36.272Z,"56 km SSE of Ýdra, Greece",earthquake,5.4,1.5,0.056,31,reviewed,us,us
2020-08-14T13:46:23.207Z,34.9463,26.3135,10,4.2,mb,,57,0.916,0.71,us,us6000beq7,2020-10-24T20:08:51.040Z,"28 km S of Palekastro, Greece",earthquake,5.4,1.8,0.087,38,reviewed,us,us
2020-08-10T06:08:00.604Z,40.5592,22.6055,41.21,4.4,mb,,34,2.298,0.59,us,us6000bbqk,2020-10-21T22:04:03.040Z,"1 km ESE of Kleidí, Greece",earthquake,6.5,10,0.219,7,reviewed,us,us
2020-08-10T02:07:53.947Z,40.6216,22.6116,10,4.5,mb,,34,2.277,0.83,us,us6000bbp0,2020-10-21T22:04:03.040Z,"5 km ENE of Tríkala, Greece",earthquake,5.6,1.9,0.121,20,reviewed,us,us
2020-08-09T06:11:17.630Z,37.7442,21.0316,10,4.1,mb,,124,0.907,0.7,us,us6000bbcc,2020-10-30T12:04:48.743Z,"12 km ESE of Zakynthos, Greece",earthquake,6.4,2,0.26,4,reviewed,us,us
2020-08-01T05:45:12.544Z,39.4306,21.4312,10,4.4,mb,,81,1.056,0.77,us,us6000b7un,2020-10-10T17:11:07.040Z,"9 km NNW of Anthiró, Greece",earthquake,4.9,1.8,0.155,12,reviewed,us,us
2020-07-26T14:16:01.740Z,40.9533,19.7445,10,4.5,mb,,51,1.239,0.99,us,us6000b4e8,2020-10-03T17:32:25.040Z,"3 km ENE of Lushnjë, Albania",earthquake,5.5,1.9,0.097,37,reviewed,us,us
2020-07-25T01:38:06.213Z,38.1306,20.3809,10,4.7,mb,,39,1.55,1.04,us,us6000b3tx,2020-10-03T17:32:21.040Z,"9 km SSW of Lixoúri, Greece",earthquake,5.6,1.8,0.056,98,reviewed,us,us
2020-07-24T20:41:24.337Z,40.1969,24.9392,10,4.2,mb,,39,1.05,1.28,us,us6000b3qc,2020-10-03T17:32:20.040Z,"37 km NNW of Mýrina, Greece",earthquake,4.5,1.9,0.121,20,reviewed,us,us
2020-07-23T17:23:47.146Z,41.4818,19.4308,9.77,4.1,mb,,51,0.955,1.02,us,us6000b2sv,2020-10-03T17:32:17.040Z,"17 km N of Durrës, Albania",earthquake,3,7.8,0.302,3,reviewed,us,us
2020-07-22T16:28:51.512Z,39.6694,19.7639,10,2.7,ml,,97,0.049,0.84,us,us6000b2a3,2020-10-03T17:32:15.040Z,"8 km WNW of Kontokáli, Greece",earthquake,6.6,2,0.097,14,reviewed,us,us
2020-07-21T13:32:29.616Z,38.1203,20.4653,10,4.4,mb,,145,1.492,1.17,us,us7000asa6,2022-08-08T23:40:06.432Z,"7 km SSW of Argostólion, Greece",earthquake,5.9,1.8,0.102,29,reviewed,us,us
2020-07-20T18:33:20.449Z,38.8315,21.6461,59.41,4.2,mb,,48,1.664,0.8,us,us7000arsj,2020-09-26T16:58:41.040Z,"15 km SW of Karpenísi, Greece",earthquake,5.3,7.7,0.128,17,reviewed,us,us
2020-07-16T18:09:26.005Z,38.4031,26.6668,10,4.5,mb,,25,1.487,0.81,us,us7000aptd,2020-09-26T16:58:32.040Z,"12 km NW of Urla, Turkey",earthquake,5.2,1.8,0.072,56,reviewed,us,us
2020-07-10T23:32:44.385Z,35.327,22.8717,36.35,4.1,mb,,111,1.651,1.2,us,us7000alqy,2020-09-19T20:58:06.040Z,"73 km WSW of Kíssamos, Greece",earthquake,6.9,8.7,0.105,25,reviewed,us,us
2020-07-07T15:19:51.452Z,38.8368,25.3317,8.92,4.3,mb,,87,2.118,0.74,us,us7000ajhc,2020-09-11T22:14:26.040Z,"38 km NNW of Psará, Greece",earthquake,4.5,5.9,0.126,18,reviewed,us,us
2020-07-03T06:16:33.822Z,35.3918,26.6949,10,4.5,mb,,148,0.41,0.88,us,us7000akqg,2020-09-11T22:13:58.040Z,"20 km W of Fry, Greece",earthquake,4.9,1.9,0.271,4,reviewed,us,us
2020-06-29T12:05:47.342Z,35.3818,26.7891,10,4.3,mb,,107,0.345,0.67,us,us7000ahgr,2020-09-05T17:35:43.040Z,"12 km WSW of Fry, Greece",earthquake,5.2,1.9,0.114,22,reviewed,us,us
2020-06-28T11:18:35.455Z,35.4256,26.6739,10,4.4,mb,,149,0.415,0.89,us,us7000adnk,2020-09-05T17:35:29.040Z,"22 km W of Fry, Greece",earthquake,7.4,2,0.12,20,reviewed,us,us
2020-06-26T19:36:36.560Z,35.504,26.6835,24.5,4.9,mww,,60,1.365,1.06,us,us7000ackw,2022-08-08T23:24:52.539Z,"23 km WNW of Fry, Greece",earthquake,5.6,4.6,0.098,10,reviewed,us,us
2020-06-26T12:56:02.012Z,35.4487,26.7287,10,4.1,mb,,125,0.366,0.72,us,us7000ac56,2020-09-05T17:35:23.040Z,"18 km WNW of Fry, Greece",earthquake,4,1.7,0.151,12,reviewed,us,us
2020-06-23T14:33:00.585Z,39.8497,19.7512,10,4.4,mb,,42,0.141,1.15,us,us6000ah8p,2020-08-30T00:01:08.040Z,"8 km NW of Acharávi, Greece",earthquake,4.8,1.9,0.134,18,reviewed,us,us
2020-06-23T13:02:22.163Z,38.1316,22.8832,10,4.6,mb,,69,1.217,0.68,us,us7000af1m,2020-08-30T00:01:25.040Z,"12 km NNW of Perachóra, Greece",earthquake,5.4,1.9,0.132,17,reviewed,us,us
2020-06-15T08:41:41.934Z,35.3425,22.7703,10,4.2,mb,,135,1.734,1.16,us,us6000aexf,2020-08-22T19:15:02.040Z,"81 km WSW of Kíssamos, Greece",earthquake,7.6,1.9,0.176,9,reviewed,us,us
2020-06-10T03:24:24.080Z,37.28,20.4774,10,4.5,mb,,102,1.16,0.67,us,us6000a92u,2020-08-22T19:14:40.040Z,"57 km SSW of Lithakiá, Greece",earthquake,5.7,1.9,0.086,40,reviewed,us,us
2020-06-10T01:48:04.573Z,35.0165,22.5888,10.52,4.3,mb,,63,1.905,0.95,us,us6000a91h,2020-08-22T19:14:40.040Z,"102 km WSW of Palaióchora, Greece",earthquake,7.4,4.6,0.076,49,reviewed,us,us
2020-06-09T16:42:58.783Z,37.3859,20.5485,10,4.4,mb,,135,1.117,0.94,us,us6000a8mr,2020-08-18T17:59:10.040Z,"44 km SW of Lithakiá, Greece",earthquake,5.3,1.9,0.127,18,reviewed,us,us
2020-06-09T06:39:06.414Z,37.2278,20.7094,10,4.5,mb,,102,0.972,0.65,us,us6000acxe,2020-08-18T17:59:09.040Z,"55 km S of Lithakiá, Greece",earthquake,4.8,1.7,0.204,7,reviewed,us,us
2020-06-08T19:29:01.815Z,37.2955,20.4769,10,4.2,mb,,137,1.161,0.73,us,us6000a80m,2020-08-18T17:59:07.040Z,"56 km SSW of Lithakiá, Greece",earthquake,5.4,2,0.167,10,reviewed,us,us
2020-06-08T15:21:51.813Z,41.5268,19.5919,3.74,4.7,mb,,36,0.935,0.75,us,us6000a7vx,2020-08-18T17:59:06.040Z,"10 km SW of Mamurras, Albania",earthquake,4.4,4.4,0.063,75,reviewed,us,us
2020-06-07T00:27:08.654Z,37.2958,20.5482,10,4.4,mb,,105,1.105,1.11,us,us6000a7b3,2020-08-18T17:59:00.040Z,"53 km SSW of Lithakiá, Greece",earthquake,6.1,1.9,0.17,10,reviewed,us,us
2020-06-05T02:25:51.200Z,37.3235,20.5874,10,4.4,mb,,101,1.077,0.94,us,us6000a6ay,2020-08-18T17:58:52.040Z,"48 km SSW of Lithakiá, Greece",earthquake,5.6,1.4,0.106,26,reviewed,us,us
2020-06-04T21:10:29.298Z,35.5689,26.688,10,4.4,mb,,77,0.386,0.97,us,us6000a65j,2020-08-18T17:58:51.040Z,"27 km NW of Fry, Greece",earthquake,2.3,1.9,0.09,35,reviewed,us,us
2020-06-04T04:51:18.397Z,35.089,26.0528,10,4.4,mb,,129,0.972,0.75,us,us6000a9vs,2020-08-18T17:58:48.040Z,"14 km SSW of Sitia, Greece",earthquake,6.1,1.9,0.178,9,reviewed,us,us
2020-06-01T23:15:01.842Z,40.4591,21.4831,10,3.2,ml,,67,0.847,0.26,us,us6000a40l,2022-08-08T23:00:08.595Z,"7 km WSW of Empório, Greece",earthquake,3.9,2,0.077,22,reviewed,us,us
2020-06-01T22:27:03.588Z,35.0707,20.2196,13.67,4.1,mb,,194,2.516,1.22,us,us6000a3zv,2020-08-15T20:20:02.040Z,"235 km SW of Methóni, Greece",earthquake,9.1,6.8,0.235,5,reviewed,us,us
2020-06-01T14:25:32.770Z,34.7487,26.9609,56.33,4.6,mb,,125,0.813,0.78,us,us6000a8e7,2020-08-15T20:20:01.040Z,"74 km S of Fry, Greece",earthquake,7.7,8.4,0.315,3,reviewed,us,us
2020-05-30T18:21:56.516Z,35.5441,26.7204,14.76,4.6,mwr,,51,0.359,0.86,us,us6000a2s4,2020-08-15T20:19:54.040Z,"23 km NW of Fry, Greece",earthquake,3.7,4.1,0.078,16,reviewed,us,us
2020-05-30T15:58:35.142Z,35.4741,26.6876,10,4.2,mb,,147,0.393,0.98,us,us6000a2q8,2020-08-15T20:19:53.040Z,"22 km WNW of Fry, Greece",earthquake,5.8,1.9,0.132,16,reviewed,us,us
2020-05-30T07:22:58.453Z,35.4856,26.6993,10,4.3,mb,,146,0.381,0.66,us,us6000a2hz,2020-08-15T20:19:51.040Z,"21 km WNW of Fry, Greece",earthquake,5,1.9,0.147,13,reviewed,us,us
2020-05-28T13:05:57.200Z,37.3229,20.52,10,4.7,mb,,136,1.13,1.14,us,us6000a10i,2020-08-15T20:19:43.040Z,"51 km SSW of Lithakiá, Greece",earthquake,6.1,1.9,0.166,11,reviewed,us,us
2020-05-20T23:43:16.920Z,35.1594,20.2775,13.45,5.7,mww,,22,2.416,0.52,us,us70009m4x,2025-12-22T18:34:34.303Z,"224 km SW of Methóni, Greece",earthquake,6.7,3.4,0.048,42,reviewed,us,us
2020-05-16T23:22:59.858Z,38.7794,20.5007,10,4.2,mb,,96,1.08,1.21,us,us70009ifq,2020-08-02T00:29:49.040Z,"18 km WSW of Lefkáda, Greece",earthquake,4.7,1.9,0.176,9,reviewed,us,us
2020-05-16T08:29:44.153Z,37.8558,20.9128,10,4.4,mb,,90,1.051,1.11,us,us70009hws,2020-08-02T00:30:23.040Z,"7 km NNE of Gaïtánion, Greece",earthquake,6.6,1.7,0.143,14,reviewed,us,us
2020-05-10T12:08:17.994Z,36.466,26.9077,141.14,4,mb,,63,0.939,0.61,us,us70009dpa,2020-07-29T22:14:28.040Z,"25 km SW of Mandráki, Greece",earthquake,7.1,10,0.157,11,reviewed,us,us
2020-05-09T10:52:51.812Z,37.3556,20.5372,12.97,4.7,mb,,100,1.121,0.6,us,us70009d8n,2020-07-29T22:14:23.040Z,"47 km SSW of Lithakiá, Greece",earthquake,6.9,5.2,0.075,54,reviewed,us,us
2020-05-08T14:18:19.933Z,35.8937,21.7216,10,4.2,mb,,169,1.292,1.03,us,us70009g4c,2020-07-29T22:14:20.040Z,"102 km SSW of Koróni, Greece",earthquake,7.1,2,0.303,3,reviewed,us,us
2020-05-03T02:08:55.910Z,35.8018,25.6172,76.51,4.2,mb,,44,0.783,1.16,us,us7000994t,2020-07-18T21:57:14.040Z,"55 km N of Sísion, Greece",earthquake,6.2,7,0.074,51,reviewed,us,us
2020-05-01T18:03:13.186Z,35.0244,24.6592,43.51,4.3,mb,,62,0.323,0.62,us,us700098be,2020-07-18T21:57:09.040Z,"8 km SSW of Agía Galíni, Greece",earthquake,5.8,6,0.071,64,reviewed,us,us
2020-04-29T10:28:18.616Z,37.6106,23.6324,10,4.2,mb,,73,1.426,0.57,us,us70009afw,2020-07-18T21:57:37.040Z,"20 km NE of Póros, Greece",earthquake,3.6,1.9,0.2,7,reviewed,us,us
2020-04-27T20:15:03.107Z,41.4254,19.5273,10,3.1,ml,,103,1.023,0.62,us,us60009dg4,2020-07-11T22:19:12.040Z,"9 km NNW of Shijak, Albania",earthquake,5.4,2,0.064,32,reviewed,us,us
2020-04-26T00:12:01.645Z,36.2468,25.5818,10,4.2,mb,,53,1.109,1.01,us,us60009chj,2020-07-11T22:19:06.040Z,"17 km SE of Emporeío, Greece",earthquake,5.6,1.9,0.09,34,reviewed,us,us
2020-04-24T14:21:52.183Z,36.1608,25.5639,10,4.2,mb,,92,1.029,0.53,us,us60009bh4,2020-07-11T22:18:57.040Z,"24 km SSE of Emporeío, Greece",earthquake,5.5,1.9,0.088,36,reviewed,us,us
2020-04-23T07:20:54.521Z,37.9587,20.2112,10,4.3,mb,,123,1.568,0.88,us,us60009aes,2020-07-11T22:18:54.040Z,"33 km SW of Lixoúri, Greece",earthquake,2.9,1.9,0.088,36,reviewed,us,us
2020-04-22T06:05:45.987Z,34.9829,26.1663,10,4.6,mb,,58,0.989,1.25,us,us700091j3,2020-07-11T22:19:21.040Z,"25 km SSW of Palekastro, Greece",earthquake,6,1.9,0.053,108,reviewed,us,us
2020-04-18T23:36:53.658Z,38.0737,20.3215,21.78,4.1,mb,,48,1.555,1.05,us,us70008zl8,2020-07-09T14:31:27.040Z,"17 km SW of Lixoúri, Greece",earthquake,5,6.2,0.1,27,reviewed,us,us
2020-04-16T22:41:19.576Z,37.461,20.5897,10,4.4,mb,,44,1.101,0.91,us,us70008xzz,2020-07-09T14:31:15.040Z,"35 km SW of Lithakiá, Greece",earthquake,4,1.9,0.099,29,reviewed,us,us
2020-04-15T12:20:37.150Z,40.5723,21.8426,10,4.1,mwr,,63,0.681,0.63,us,us70008wq2,2020-07-09T14:31:07.040Z,"5 km ESE of Komniná, Greece",earthquake,4.1,1.5,0.086,13,reviewed,us,us
2020-04-14T12:32:00.737Z,36.1749,22.4843,35,4.2,mb,,141,1.098,0.55,us,us70009133,2020-06-30T14:03:18.040Z,"45 km W of Kýthira, Greece",earthquake,7.3,2,0.175,9,reviewed,us,us
2020-04-14T04:38:23.136Z,38.0863,23.0785,10,4.4,mb,,71,1.288,0.76,us,us7000912n,2020-06-30T14:03:17.040Z,"12 km ENE of Perachóra, Greece",earthquake,5.6,1.9,0.19,8,reviewed,us,us
2020-04-13T16:43:55.476Z,41.5133,19.5601,5.33,4.1,mb,,48,0.942,0.62,us,us70008vjq,2020-06-30T14:03:06.040Z,"13 km WSW of Mamurras, Albania",earthquake,3.3,7.1,0.301,3,reviewed,us,us
2020-04-11T10:22:54.805Z,35.0348,26.1595,37.72,4.9,mww,,48,0.965,0.88,us,us70008try,2025-12-22T18:32:22.631Z,"19 km SSE of Sitia, Greece",earthquake,5.4,4.7,0.075,17,reviewed,us,us
2020-03-30T15:56:39.374Z,37.9056,21.4939,13.84,4.4,mb,,97,0.802,0.77,us,us70008inh,2020-06-13T18:44:41.040Z,"10 km ENE of Synoikismós Chavaríou, Greece",earthquake,5.8,4,0.19,13,reviewed,us,us
2020-03-30T13:30:20.942Z,35.6416,23.2349,32.4,4.4,mb,,122,1.396,0.55,us,us70008mnq,2020-06-13T18:44:53.040Z,"41 km WNW of Kíssamos, Greece",earthquake,13.8,3.7,0.202,7,reviewed,us,us
2020-03-29T04:34:25.573Z,37.2638,20.6019,10,4.2,mb,,102,1.059,1.17,us,us70008i45,2020-06-13T18:44:48.040Z,"54 km SSW of Lithakiá, Greece",earthquake,4.3,1.9,0.2,7,reviewed,us,us
2020-03-26T07:38:30.292Z,37.3629,20.4899,10,4.5,mb,,55,1.159,0.6,us,us70008g9q,2020-06-13T18:44:48.040Z,"49 km SW of Lithakiá, Greece",earthquake,5.1,1.8,0.066,67,reviewed,us,us
2020-03-25T11:24:32.180Z,35.1205,22.7459,10,4.1,mb,,202,1.763,0.51,us,us70008iy5,2020-06-13T18:44:54.040Z,"86 km W of Palaióchora, Greece",earthquake,8.2,2,0.144,13,reviewed,us,us
2020-03-25T09:49:45.674Z,39.3236,20.5552,10,4.3,mb,,96,0.704,1.15,us,us70008fq0,2020-06-13T18:44:51.040Z,"10 km NNW of Kanaláki, Greece",earthquake,4.5,1.9,0.116,21,reviewed,us,us
2020-03-25T01:57:25.522Z,34.7872,24.0522,8.66,4,mb,,193,0.849,0.24,us,us70008ixf,2020-06-13T18:44:53.040Z,"6 km SSW of Kastrí, Greece",earthquake,6,3.2,0.232,5,reviewed,us,us
2020-03-24T15:46:10.909Z,39.3023,20.4593,10,4,mb,,98,0.656,0.89,us,us70008hfv,2020-06-06T20:54:15.040Z,"5 km ENE of Párga, Greece",earthquake,5.2,1.9,0.196,8,reviewed,us,us
2020-03-22T02:43:03.034Z,36.5495,22.3432,46.36,4.3,mb,,158,0.711,0.9,us,us70008dvb,2020-06-06T20:54:04.040Z,"30 km SW of Gýtheio, Greece",earthquake,5.5,8.4,0.116,21,reviewed,us,us
2020-03-21T18:58:30.634Z,35.6355,25.8122,10,4.1,mb,,151,0.828,1.07,us,us70008dnc,2020-06-06T20:54:03.040Z,"41 km NNE of Eloúnda, Greece",earthquake,4.1,1.9,0.093,36,reviewed,us,us
2020-03-21T03:12:13.102Z,39.3213,20.4937,10,4.3,mb,,97,0.666,1.13,us,us70008ddp,2020-06-06T20:54:01.040Z,"8 km ENE of Párga, Greece",earthquake,4.3,2,0.308,3,reviewed,us,us
2020-03-21T00:49:51.370Z,39.3567,20.6383,10,5.7,mww,,14,0.742,0.71,us,us70008db1,2025-12-22T17:57:13.971Z,"14 km NNE of Kanaláki, Greece",earthquake,4.7,1.7,0.037,70,reviewed,us,us
2020-03-20T21:38:30.319Z,39.2465,20.4578,10,4.6,mb,,71,0.692,1.37,us,us70008d7h,2020-06-06T20:53:59.040Z,"6 km SE of Párga, Greece",earthquake,6.3,1.9,0.07,61,reviewed,us,us
2020-03-12T15:11:03.177Z,36.3306,23.1158,34.68,4.3,mb,,55,1.277,0.89,us,us70008gvb,2020-05-30T22:17:22.040Z,"23 km NNE of Kýthira, Greece",earthquake,5.3,5.3,0.122,24,reviewed,us,us
2020-03-09T22:19:30.298Z,37.7541,21.4577,10,4.4,mb,,74,0.684,0.74,us,us60008cvx,2020-05-23T22:03:22.040Z,"7 km WNW of Karátoula, Greece",earthquake,6.1,1.9,0.093,33,reviewed,us,us
2020-03-09T13:46:39.843Z,38.2553,21.9896,18.13,4.4,mb,,56,1.075,0.67,us,us60008cfp,2020-05-23T22:03:22.040Z,"4 km S of Kamárai, Greece",earthquake,5.6,5.4,0.161,12,reviewed,us,us
2020-03-09T08:45:47.065Z,35.3607,26.1086,10,4.2,mb,,106,0.879,0.67,us,us60008f4d,2020-05-23T22:03:08.040Z,"16 km N of Sitia, Greece",earthquake,4.2,1.9,0.186,8,reviewed,us,us
2020-03-07T08:20:11.855Z,38.2136,22.9167,10,4.3,mb,,67,1.298,0.8,us,us60008bkl,2020-06-16T18:07:14.776Z,"7 km SW of Domvraína, Greece",earthquake,4.8,1.9,0.138,15,reviewed,us,us
2020-02-23T04:38:34.735Z,34.7036,25.2585,10,4.2,mb,,112,0.656,1,us,us600085y6,2020-05-09T21:40:49.040Z,"34 km SSE of Pýrgos, Greece",earthquake,4,1.9,0.088,36,reviewed,us,us
2020-02-20T00:32:32.386Z,35.2722,23.9628,10,3.6,mb,,211,0.758,0.82,us,us70007tbw,2020-05-09T21:40:45.040Z,"17 km WNW of Chóra Sfakíon, Greece",earthquake,3.4,2,0.352,2,reviewed,us,us
2020-02-18T13:24:46.056Z,39.4095,20.5159,10,4.2,mb,,95,0.633,0.59,us,us70007vxa,2020-05-02T22:10:36.040Z,"6 km S of Paramythiá, Greece",earthquake,4.8,1.9,0.303,3,reviewed,us,us
2020-02-14T16:02:16.346Z,35.7767,26.951,14.48,4.9,mb,,46,0.285,1.1,us,us70007q3r,2020-05-02T22:09:50.040Z,"38 km NW of Karpathos, Greece",earthquake,4.8,4,0.056,99,reviewed,us,us
2020-02-07T04:45:32.488Z,37.967,22.342,10,4.4,mb,,62,0.853,1.24,us,us70007knx,2020-04-25T22:18:22.040Z,"20 km S of Aíyira, Greece",earthquake,5.7,1.9,0.169,10,reviewed,us,us
2020-02-07T03:11:46.579Z,35.0292,26.5522,10,4.7,mb,,57,0.717,1.27,us,us70007kmm,2020-04-25T22:18:20.040Z,"32 km SE of Palekastro, Greece",earthquake,4.6,1.8,0.046,145,reviewed,us,us
2020-02-07T02:23:58.427Z,34.9965,26.5812,10,4.4,mb,,57,0.725,1.3,us,us70007klv,2020-04-25T22:18:19.040Z,"37 km SE of Palekastro, Greece",earthquake,5,1.9,0.085,40,reviewed,us,us
2020-02-07T02:16:02.534Z,35.014,26.6082,10,4.1,mb,,107,0.698,1.09,us,us70007klt,2020-04-25T22:18:19.040Z,"38 km ESE of Palekastro, Greece",earthquake,4.5,1.9,0.112,22,reviewed,us,us
2020-02-06T18:06:55.214Z,38.0462,22.344,10,4.3,mb,,37,0.927,1.25,us,us70007k3a,2020-04-25T22:18:13.040Z,"11 km S of Aíyira, Greece",earthquake,3.3,1.8,0.109,24,reviewed,us,us
2020-02-06T09:24:16.857Z,39.2544,21.497,10,4.7,mwr,,24,1.393,0.9,us,us70007jsv,2020-04-25T22:18:05.040Z,"10 km SSE of Anthiró, Greece",earthquake,2.9,1.7,0.068,21,reviewed,us,us
2020-02-01T21:22:22.803Z,39.2259,20.6196,9.33,4.9,mb,,42,0.801,0.85,us,us60007mby,2020-04-18T22:10:11.040Z,"1 km ESE of Kanaláki, Greece",earthquake,5.6,3.9,0.059,89,reviewed,us,us
2020-01-31T21:05:32.436Z,41.4433,19.4321,10,4.4,mb,,51,0.993,0.83,us,us60007lq0,2020-04-18T22:10:06.040Z,"13 km N of Durrës, Albania",earthquake,4.1,1.9,0.19,8,reviewed,us,us
2020-01-28T20:15:08.171Z,41.4656,19.5362,10,5.1,mb,,19,0.985,1.13,us,us60007ifh,2025-12-22T18:27:21.131Z,"12 km NW of Vorë, Albania",earthquake,4.6,1.8,0.035,270,reviewed,us,us
2020-01-28T05:33:59.996Z,37.7582,20.86,10,4.2,mb,,125,1.026,1.12,us,us70007k3r,2020-04-11T18:21:16.040Z,"1 km W of Ambelókipoi, Greece",earthquake,5.6,1.9,0.199,7,reviewed,us,us
2020-01-27T01:40:21.680Z,41.3783,19.6894,10,4.4,mb,,83,1.098,0.9,us,us60007guj,2020-04-11T18:20:54.040Z,"3 km ESE of Vorë, Albania",earthquake,4.5,1.9,0.203,7,reviewed,us,us
2020-01-19T02:52:09.244Z,38.2582,20.7505,10,5.1,mww,,47,1.424,1,us,us60007aen,2025-12-22T18:26:40.003Z,"9 km E of Sámi, Greece",earthquake,4.9,1.8,0.048,41,reviewed,us,us
2020-01-17T17:47:37.749Z,37.6623,20.8452,18.14,4.3,mwr,,44,0.986,1.01,us,us600079c2,2020-04-08T19:39:33.040Z,"6 km SSE of Lithakiá, Greece",earthquake,5.3,3.7,0.083,14,reviewed,us,us
2020-01-11T23:47:56.160Z,37.7554,20.896,10,4.3,mb,,135,1.001,0.94,us,us70006yjx,2020-04-02T21:28:17.040Z,"2 km E of Ambelókipoi, Greece",earthquake,5.2,1.9,0.16,11,reviewed,us,us
2020-01-06T22:55:52.404Z,37.5511,20.6836,10,4.7,mb,,52,1.056,1.04,us,us70006vgg,2020-03-21T17:13:40.040Z,"22 km SW of Lithakiá, Greece",earthquake,3.7,1.8,0.085,42,reviewed,us,us
2020-01-04T22:11:28.997Z,37.836,26.3875,10,4.2,mb,,31,1.831,0.9,us,us70006usw,2020-03-21T17:13:35.040Z,"25 km NNE of Agios Kirykos, Greece",earthquake,3.9,1.9,0.141,14,reviewed,us,us
2020-01-01T02:53:41.778Z,41.569,19.3395,16.06,4.1,mb,,51,0.862,0.8,us,us70006t1w,2020-03-21T17:13:29.040Z,"28 km NNW of Durrës, Albania",earthquake,2.9,7.3,0.185,8,reviewed,us,us
2019-12-28T21:34:06.329Z,38.2632,23.4132,10,4.3,mb,,42,1.601,0.71,us,us70006rzm,2021-02-18T17:58:38.193Z,"8 km WSW of Asopía, Greece",earthquake,4.9,1.9,0.122,19,reviewed,us,us
2019-12-21T19:54:25.348Z,37.3769,21.658,10,4.4,mb,,92,0.29,1.37,us,us70006x1e,2020-03-07T17:48:03.040Z,"11 km S of Zacháro, Greece",earthquake,2.8,1.9,0.135,16,reviewed,us,us
2019-12-19T16:03:12.601Z,41.3893,19.6255,17.21,4.4,mb,,34,1.074,1.04,us,us70006nis,2020-03-07T17:47:35.040Z,"2 km W of Vorë, Albania",earthquake,4.2,3.5,0.093,38,reviewed,us,us
2019-12-17T18:53:45.715Z,40.9923,19.6415,15.88,4.4,mb,,55,1.283,0.73,us,us60006srv,2020-03-07T17:47:27.040Z,"7 km NW of Lushnjë, Albania",earthquake,4.8,5.8,0.143,17,reviewed,us,us
2019-12-17T04:14:32.314Z,41.5453,19.3439,10,4.4,mb,,47,0.885,0.74,us,us60006siz,2020-03-07T17:47:25.040Z,"26 km NNW of Durrës, Albania",earthquake,5,1.9,0.189,8,reviewed,us,us
2019-12-16T08:25:27.228Z,38.0529,20.3559,25.76,4.7,mb,,97,1.521,0.73,us,us60006s36,2020-03-04T21:27:08.040Z,"17 km SSW of Lixoúri, Greece",earthquake,5.8,6.5,0.142,15,reviewed,us,us
2019-12-15T01:18:36.204Z,41.3151,19.5394,10,4.3,mb,,71,1.133,1.24,us,us60006rmb,2020-03-04T21:27:03.040Z,"4 km SW of Shijak, Albania",earthquake,5.6,1.9,0.142,15,reviewed,us,us
2019-12-14T18:30:18.492Z,37.5807,20.556,10,4.4,mb,,88,1.162,0.75,us,us60006rit,2020-03-04T21:27:02.040Z,"28 km WSW of Lithakiá, Greece",earthquake,6.2,1.9,0.112,25,reviewed,us,us
2019-12-12T09:52:56.630Z,34.7425,26.2568,10,4.4,mb,,58,1.246,1.14,us,us60006qgy,2020-03-04T21:26:56.040Z,"50 km S of Palekastro, Greece",earthquake,6.3,1.8,0.1,29,reviewed,us,us
2019-12-12T03:05:41.668Z,34.928,26.2806,20.92,4.7,mww,,44,1.195,0.69,us,us60006qe2,2020-03-04T21:26:55.040Z,"30 km S of Palekastro, Greece",earthquake,5.3,2.2,0.093,11,reviewed,us,us
2019-12-11T02:29:25.825Z,37.5865,23.9651,156.66,4.4,mb,,64,1.675,0.8,us,us60006q1j,2020-03-04T21:26:52.040Z,"14 km S of Palaiá Fókaia, Greece",earthquake,6.1,5.6,0.067,64,reviewed,us,us
2019-12-10T21:58:28.855Z,35.4972,26.4467,57.87,5.4,mww,,22,0.584,0.82,us,us60006pxs,2025-12-22T18:23:12.465Z,"37 km NNE of Palekastro, Greece",earthquake,5.9,4.4,0.068,21,reviewed,us,us
2019-12-09T15:10:58.382Z,41.5518,19.6274,10,4.5,mb,,100,0.918,0.44,us,us60006t8a,2020-02-29T19:52:45.040Z,"6 km WSW of Mamurras, Albania",earthquake,5.7,1.8,0.27,8,reviewed,us,us
2019-12-09T14:53:06.178Z,41.6193,19.412,10,4.3,mb,,45,0.817,1.17,us,us60006p80,2020-02-29T19:52:41.040Z,"23 km W of Mamurras, Albania",earthquake,4.7,1.9,0.202,10,reviewed,us,us
2019-12-08T22:41:13.705Z,35.15,23.8606,7.46,4.6,mb,,45,0.854,0.71,us,us60006p04,2020-02-29T19:52:45.040Z,"18 km ESE of Palaióchora, Greece",earthquake,6.2,4.2,0.077,50,reviewed,us,us
2019-12-08T03:41:59.884Z,35.176,23.8133,35,4.5,mb,,70,0.888,1.31,us,us60006nt3,2020-02-29T19:52:45.040Z,"13 km ESE of Palaióchora, Greece",earthquake,6.6,2,0.116,22,reviewed,us,us
2019-12-07T23:14:27.845Z,41.5511,19.487,10,4.1,mb,,60,0.894,1.08,us,us60006nrf,2020-02-29T19:52:45.040Z,"17 km W of Mamurras, Albania",earthquake,4.8,1.9,0.105,25,reviewed,us,us
2019-12-07T14:47:00.821Z,35.0556,23.9055,35,4.3,mb,,209,0.839,1.22,us,us60006nkp,2020-02-29T19:52:45.040Z,"26 km SW of Chóra Sfakíon, Greece",earthquake,8.7,2,0.117,21,reviewed,us,us
2019-12-07T14:35:01.353Z,35.1653,23.934,35,4.4,mb,,110,0.792,1.19,us,us60006nkk,2020-02-29T19:52:45.040Z,"18 km WSW of Chóra Sfakíon, Greece",earthquake,7.1,2,0.117,21,reviewed,us,us
2019-12-06T10:23:25.859Z,35.0578,23.8338,1.79,4,mb,,120,0.895,1.02,us,us60006mxu,2020-02-29T19:52:45.040Z,"23 km SE of Palaióchora, Greece",earthquake,3.1,7.1,0.156,11,reviewed,us,us
2019-12-06T08:45:40.033Z,35.0934,23.837,4.98,4.5,mb,,70,0.884,1.12,us,us60006mwg,2020-02-29T19:52:45.040Z,"20 km SE of Palaióchora, Greece",earthquake,4.8,6.1,0.118,21,reviewed,us,us
2019-12-05T07:22:43.535Z,36.162,21.843,43.29,4.4,mb,,161,1.016,0.81,us,us60006max,2020-02-29T19:53:01.040Z,"71 km S of Koróni, Greece",earthquake,2.8,9.4,0.103,27,reviewed,us,us
2019-12-04T02:20:22.424Z,34.7016,24.0801,28.39,4,mb,,175,0.885,0.86,us,us60006qmv,2020-02-29T19:52:45.040Z,"14 km S of Kastrí, Greece",earthquake,8.4,10.3,0.367,2,reviewed,us,us
2019-12-02T23:23:00.417Z,41.4141,19.5893,10,4.5,mb,,67,1.044,1.16,us,us70006fed,2020-02-19T18:58:31.040Z,"6 km WNW of Vorë, Albania",earthquake,5.9,1.9,0.15,13,reviewed,us,us
2019-12-02T08:26:24.463Z,41.4485,19.6405,10,4.5,mb,,60,1.02,0.75,us,us70006f7r,2020-02-19T18:58:30.040Z,"6 km N of Vorë, Albania",earthquake,5.6,1.9,0.124,19,reviewed,us,us
2019-12-01T11:42:42.264Z,41.3555,19.3174,10,4.5,mb,,68,1.074,0.85,us,us70006ezw,2020-02-19T18:58:28.040Z,"12 km WNW of Durrës, Albania",earthquake,6.5,1.9,0.192,8,reviewed,us,us
2019-12-01T07:18:29.557Z,41.4679,19.3701,10,4.4,mb,,67,0.964,0.69,us,us70006eyl,2020-02-19T18:58:27.040Z,"Albania",earthquake,5.6,1.9,0.179,11,reviewed,us,us
2019-12-01T06:04:19.224Z,41.5186,19.4282,10,4.2,mb,,43,0.918,0.99,us,us70006ey5,2020-02-19T18:58:27.040Z,"21 km N of Durrës, Albania",earthquake,4.9,1.9,0.141,15,reviewed,us,us
2019-11-30T20:53:51.845Z,41.5073,19.484,10,4.4,mb,,41,0.936,0.87,us,us70006euy,2020-02-19T18:58:25.040Z,"19 km WSW of Mamurras, Albania",earthquake,4.9,1.9,0.12,20,reviewed,us,us
2019-11-29T20:46:38.871Z,39.0569,22.2504,83.55,4.4,mb,,70,1.061,0.76,us,us70006elj,2020-02-19T18:58:20.040Z,"5 km SSW of Omvriakí, Greece",earthquake,5.4,6.6,0.094,35,reviewed,us,us
2019-11-29T08:02:40.918Z,41.5134,19.5765,10,4.3,mb,,66,0.945,1,us,us70006ecm,2020-02-19T18:58:19.040Z,"11 km SW of Mamurras, Albania",earthquake,5.5,1.9,0.137,16,reviewed,us,us
2019-11-28T23:00:43.242Z,41.3662,19.5782,10,4.6,mb,,25,1.088,1.2,us,us70006e9s,2020-02-19T18:58:18.040Z,"2 km NNE of Shijak, Albania",earthquake,5.5,1.8,0.071,59,reviewed,us,us
2019-11-28T20:33:23.934Z,41.3428,19.5778,10,4.4,mb,,68,1.111,0.93,us,us70006e95,2020-02-19T18:58:18.040Z,"0 km ESE of Shijak, Albania",earthquake,4.8,1.9,0.169,10,reviewed,us,us
2019-11-28T14:22:38.014Z,41.444,19.5073,10,4.5,mb,,94,1.002,0.83,us,us70006e6k,2020-02-19T18:58:17.040Z,"12 km NNW of Shijak, Albania",earthquake,6.2,2,0.242,5,reviewed,us,us
2019-11-28T10:52:41.876Z,41.5368,19.422,10,5,mb,,37,0.9,0.81,us,us70006e5g,2020-02-19T18:58:17.040Z,"22 km WSW of Mamurras, Albania",earthquake,5.2,1.8,0.04,199,reviewed,us,us
2019-11-28T10:25:05.022Z,41.5146,19.4442,10,4.5,mb,,42,0.924,1.23,us,us70006e55,2020-02-19T18:58:17.040Z,"21 km N of Durrës, Albania",earthquake,5.4,1.9,0.131,17,reviewed,us,us
2019-11-28T00:50:09.256Z,41.4675,19.4796,10,4.4,mb,,67,0.975,1.01,us,us70006e0k,2020-02-19T18:58:15.040Z,"15 km NNW of Shijak, Albania",earthquake,1.9,1.9,0.189,8,reviewed,us,us
2019-11-27T23:02:48.900Z,41.4151,19.4448,10,4.2,mb,,79,1.023,0.98,us,us70006dyv,2020-02-19T18:58:15.040Z,"10 km N of Durrës, Albania",earthquake,5,2,0.304,3,reviewed,us,us
2019-11-27T22:51:24.169Z,41.4707,19.4591,10,4.4,mb,,72,0.969,0.8,us,us70006dyg,2020-02-19T18:58:14.040Z,"16 km N of Durrës, Albania",earthquake,4.7,1.9,0.124,19,reviewed,us,us
2019-11-27T22:50:14.983Z,41.4444,19.4488,10,4.4,mb,,61,0.994,0.95,us,us70006dyf,2020-02-19T18:58:14.040Z,"13 km N of Durrës, Albania",earthquake,5,1.9,0.12,20,reviewed,us,us
2019-11-27T22:19:00.267Z,41.5666,19.4065,10,4.3,mb,,44,0.869,1.06,us,us70006dxm,2020-02-19T18:58:14.040Z,"23 km W of Mamurras, Albania",earthquake,4.6,1.6,0.114,22,reviewed,us,us
2019-11-27T20:27:06.890Z,41.5391,19.4387,10,4.5,mb,,50,0.899,1.12,us,us60006pd8,2020-02-19T18:57:55.040Z,"21 km WSW of Mamurras, Albania",earthquake,6.5,1.9,0.383,2,reviewed,us,us
2019-11-27T17:11:03.621Z,41.5603,19.4976,10,4.3,mb,,58,0.886,1.06,us,us70006dtl,2020-02-19T18:58:13.040Z,"16 km W of Mamurras, Albania",earthquake,5.6,1.9,0.217,6,reviewed,us,us
2019-11-27T14:45:23.989Z,41.5498,19.4787,10,5.3,mww,,39,0.894,0.92,us,us70006dsc,2025-12-22T18:22:31.952Z,"18 km W of Mamurras, Albania",earthquake,4.5,1.8,0.058,29,reviewed,us,us
2019-11-27T11:03:35.042Z,41.5686,19.4858,10,4.1,mb,,48,0.876,0.54,us,us70006dpv,2020-02-19T18:58:11.040Z,"17 km W of Mamurras, Albania",earthquake,4.1,1.9,0.302,3,reviewed,us,us
2019-11-27T07:23:42.383Z,35.7174,23.2284,69,6,mww,,18,1.421,1.02,us,us70006dlt,2025-12-22T18:22:29.670Z,"45 km WNW of Kíssamos, Greece",earthquake,6.5,1.9,0.051,37,reviewed,us,us
2019-11-27T03:52:39.997Z,41.5454,19.4124,10,4.2,mb,,50,0.89,0.8,us,us70006dkc,2020-02-19T18:58:10.040Z,"23 km W of Mamurras, Albania",earthquake,3.9,2,0.2,7,reviewed,us,us
2019-11-26T17:19:13.838Z,41.5401,19.4807,10,4.7,mb,,39,0.903,0.88,us,us70006daj,2020-02-19T18:58:08.040Z,"18 km WSW of Mamurras, Albania",earthquake,5.3,1.8,0.073,57,reviewed,us,us
2019-11-26T17:09:55.962Z,41.4987,19.4941,10,4.4,mb,,66,0.946,1.23,us,us60006pbg,2020-02-19T18:57:53.040Z,"18 km NW of Vorë, Albania",earthquake,4.5,1.9,0.241,6,reviewed,us,us
2019-11-26T17:06:02.156Z,41.4916,19.5672,10,4.4,mb,,66,0.964,1.13,us,us70006da4,2020-02-19T18:58:08.040Z,"12 km W of Fushë-Krujë, Albania",earthquake,5,1.9,0.119,21,reviewed,us,us
2019-11-26T15:11:56.219Z,41.6103,19.4601,10,4.2,mb,,48,0.832,0.81,us,us70006d70,2020-02-19T18:58:07.040Z,"19 km W of Mamurras, Albania",earthquake,4.5,1.9,0.236,5,reviewed,us,us
2019-11-26T13:05:00.415Z,41.5898,19.5216,10,4.7,mww,,39,0.861,0.83,us,us70006d69,2020-02-19T18:58:06.040Z,"14 km W of Mamurras, Albania",earthquake,5.8,1.8,0.098,10,reviewed,us,us
2019-11-26T12:14:13.303Z,41.4843,19.4529,10,4.4,mb,,64,0.955,0.82,us,us70006d5t,2020-02-19T18:58:06.040Z,"17 km N of Durrës, Albania",earthquake,4.1,1.9,0.114,22,reviewed,us,us
2019-11-26T07:36:13.136Z,41.4798,19.4769,10,4.3,mb,,50,0.962,1.32,us,us70006d40,2020-02-19T18:58:05.040Z,"16 km NNW of Shijak, Albania",earthquake,5.4,1.9,0.238,5,reviewed,us,us
2019-11-26T07:27:02.149Z,41.5293,19.4664,10,4.9,mb,,42,0.912,1.29,us,us70006d3q,2020-02-19T18:58:05.040Z,"19 km WSW of Mamurras, Albania",earthquake,2.8,1.8,0.096,34,reviewed,us,us
2019-11-26T07:12:31.827Z,41.5269,19.4363,10,4.5,mb,,50,0.911,1.21,us,us70006d3k,2020-02-19T18:58:05.040Z,"22 km WSW of Mamurras, Albania",earthquake,3.8,1.9,0.243,5,reviewed,us,us
2019-11-26T06:08:21.820Z,41.5708,19.4242,10,5.5,mww,,19,0.866,1.34,us,us70006d2z,2025-12-22T18:22:27.194Z,"22 km W of Mamurras, Albania",earthquake,5.7,1.8,0.038,65,reviewed,us,us
2019-11-26T05:56:21.518Z,41.5036,19.4531,10,4.5,mb,,42,0.936,1.3,us,us70006d2s,2020-02-19T18:58:04.040Z,"19 km NNW of Shijak, Albania",earthquake,5.8,1.9,0.171,10,reviewed,us,us
2019-11-26T04:58:13.001Z,41.4845,19.4397,10,4.1,mb,,66,0.953,0.79,us,us60006pae,2020-02-19T18:57:52.040Z,"17 km N of Durrës, Albania",earthquake,3.8,2,0.261,4,reviewed,us,us
2019-11-26T04:49:29.220Z,38.2484,21.9655,12.07,4.6,mb,,64,1.068,0.47,us,us70006d26,2020-02-19T18:58:04.040Z,"6 km SSW of Kamárai, Greece",earthquake,6.6,2.5,0.073,56,reviewed,us,us
2019-11-26T04:47:00.454Z,41.4979,19.4246,10,4.1,mb,,51,0.939,0.99,us,us60006pbs,2020-02-19T18:57:54.040Z,"19 km N of Durrës, Albania",earthquake,4.2,1.9,0.261,4,reviewed,us,us
2019-11-26T04:21:58.529Z,41.4122,19.6094,10,4.4,mb,,48,1.049,0.58,us,us60006pau,2020-02-19T18:57:53.040Z,"4 km WNW of Vorë, Albania",earthquake,4.6,1.9,0.24,5,reviewed,us,us
2019-11-26T03:57:52.794Z,41.5424,19.4436,10,4.2,mb,,78,0.897,0.72,us,us70006d1p,2020-02-19T18:58:04.040Z,"21 km W of Mamurras, Albania",earthquake,3.4,1.9,0.264,4,reviewed,us,us
2019-11-26T03:49:15.071Z,41.4692,19.656,10,4,mb,,120,1.004,0.44,us,us60006pap,2020-02-19T18:57:53.040Z,"5 km W of Fushë-Krujë, Albania",earthquake,4,1.9,0.232,5,reviewed,us,us
2019-11-26T03:25:23.787Z,41.5689,19.6224,10,4.2,mb,,84,0.901,0.54,us,us60006pac,2020-02-19T18:57:52.040Z,"5 km W of Mamurras, Albania",earthquake,4.4,1.9,0.153,12,reviewed,us,us
2019-11-26T03:02:59.558Z,41.422,19.6383,10,5.3,mb,,48,1.045,0.87,us,us70006d0w,2025-12-22T18:22:24.805Z,"3 km NNW of Vorë, Albania",earthquake,5.3,1.9,0.136,18,reviewed,us,us
2019-11-26T02:59:23.982Z,41.4216,19.5323,10,5.1,mb,,29,1.027,0.85,us,us70006d1f,2025-12-22T18:22:26.047Z,"8 km NNW of Shijak, Albania",earthquake,4.7,1.9,0.147,15,reviewed,us,us
2019-11-26T02:54:12.872Z,41.5138,19.5256,22,6.4,mww,,17,0.936,0.61,us,us70006d0m,2025-12-22T18:22:23.559Z,"15 km WSW of Mamurras, Albania",earthquake,4.3,1.8,0.037,72,reviewed,us,us
2019-11-26T02:19:16.996Z,41.2361,19.4649,10,4.3,mb,,56,1.202,1.04,us,us60006paf,2020-02-19T18:57:52.040Z,"9 km NW of Kavajë, Albania",earthquake,4.9,1.9,0.201,7,reviewed,us,us
2019-11-26T01:47:55.212Z,41.3518,19.5019,10,4.6,mb,,42,1.092,0.6,us,us70006czu,2020-02-19T18:58:03.040Z,"5 km NE of Durrës, Albania",earthquake,4.5,1.8,0.067,67,reviewed,us,us
2019-11-25T20:57:17.049Z,41.4457,19.5424,10,4.2,mb,,49,1.005,1.13,us,us70006fku,2020-02-14T22:02:31.040Z,"11 km WNW of Vorë, Albania",earthquake,5.6,1.9,0.215,6,reviewed,us,us
2019-11-23T03:43:31.027Z,37.0084,23.07,10,4.7,mb,,49,0.931,0.85,us,us70006eh8,2020-02-14T22:02:27.040Z,"25 km SE of Leonídio, Greece",earthquake,5.5,1.9,0.13,18,reviewed,us,us
2019-11-22T23:36:39.159Z,36.811,21.4276,10,4.3,mb,,59,0.541,0.99,us,us70006c06,2020-02-14T22:02:13.040Z,"24 km W of Methóni, Greece",earthquake,5.3,1.9,0.153,15,reviewed,us,us
2019-11-19T23:03:58.833Z,36.5431,21.2577,10,4.4,mb,,170,0.83,1.17,us,us70006dp7,2020-02-14T22:02:23.040Z,"50 km SW of Methóni, Greece",earthquake,5.9,1.9,0.24,5,reviewed,us,us
2019-11-19T21:22:58.444Z,37.5992,20.3808,35.83,4.2,mb,,130,1.299,0.64,us,us70006dp9,2020-02-14T22:02:23.040Z,"41 km WSW of Lithakiá, Greece",earthquake,6.6,6.8,0.305,3,reviewed,us,us
2019-11-19T09:50:20.822Z,37.7628,20.2993,35,4.4,mb,,152,1.419,0.85,us,us700069tx,2020-02-14T22:02:04.040Z,"41 km W of Katastárion, Greece",earthquake,3.5,2,0.135,16,reviewed,us,us
2019-11-18T11:30:41.711Z,37.0979,23.2658,10,4.5,mb,,49,1.074,0.88,us,us70006d8h,2020-02-07T20:22:10.040Z,"20 km SSE of Spétses, Greece",earthquake,4.8,1.8,0.157,12,reviewed,us,us
2019-11-17T17:14:22.980Z,37.1047,23.1165,10,4.6,mb,,86,0.954,1.08,us,us7000696n,2020-02-07T20:22:02.040Z,"17 km SSW of Spétses, Greece",earthquake,4.5,1.7,0.098,31,reviewed,us,us
2019-11-17T09:09:28.545Z,41.3524,19.9516,10,3.7,ml,,116,1.193,0.74,us,us700069b3,2020-02-07T20:21:57.040Z,"11 km ENE of Tirana, Albania",earthquake,3.8,2,0.069,28,reviewed,us,us
2019-11-15T18:15:15.029Z,37.1481,23.8848,27.76,4.4,mb,,47,1.565,0.9,us,us700068i9,2020-02-07T20:21:32.040Z,"43 km ESE of Ýdra, Greece",earthquake,5.1,5.5,0.1,33,reviewed,us,us
2019-11-15T07:50:01.884Z,41.477,20.687,95.79,4.4,mb,,38,1.427,0.78,us,us60006bw1,2020-02-07T20:21:24.040Z,"10 km E of Centar Župa, North Macedonia",earthquake,3.1,9.1,0.149,13,reviewed,us,us
2019-11-01T07:53:28.258Z,39.1198,22.049,10,4.4,mb,,72,1.039,0.78,us,us700061x6,2020-01-18T20:00:52.040Z,"8 km SSW of Anávra, Greece",earthquake,5.3,1.9,0.134,16,reviewed,us,us
2019-11-01T05:25:47.100Z,40.5315,20.8223,22.43,4.8,mww,,37,1.134,0.63,us,us700061wf,2021-03-03T10:34:27.768Z,"8 km SSE of Mborje, Albania",earthquake,5.9,4.8,0.086,13,reviewed,us,us
2019-10-29T13:01:52.372Z,35.6369,25.1435,68.89,4.5,mb,,57,0.405,0.92,us,us600064e2,2020-01-18T20:00:37.040Z,"33 km N of Néa Alikarnassós, Greece",earthquake,7.2,6.5,0.089,37,reviewed,us,us
2019-10-15T17:24:46.815Z,36.4016,21.7018,10,4.6,mb,,168,0.796,1.17,us,us70005xqs,2020-01-03T16:09:17.040Z,"46 km S of Methóni, Greece",earthquake,5.8,1.9,0.122,20,reviewed,us,us
2019-10-12T17:41:17.323Z,35.8482,22.0579,18.1,4.5,mb,,53,1.332,0.72,us,us70005tqb,2019-12-28T20:45:47.040Z,"90 km WSW of Kýthira, Greece",earthquake,5.8,4.7,0.091,41,reviewed,us,us
2019-10-12T06:49:35.768Z,37.4973,20.6245,5.96,4.5,mb,,132,1.084,0.72,us,us70005tm5,2019-12-28T20:46:00.040Z,"30 km SW of Lithakiá, Greece",earthquake,4.1,8.3,0.221,6,reviewed,us,us
2019-10-11T22:43:19.649Z,37.6867,20.9105,10,4.5,mwr,,71,0.953,1.03,us,us70005tkd,2019-12-28T20:45:59.040Z,"7 km ESE of Lithakiá, Greece",earthquake,3.2,1.9,0.063,24,reviewed,us,us
2019-10-10T23:55:59.274Z,39.4309,25.6788,10,4.2,mb,,33,1.479,0.87,us,us70005t9m,2022-08-08T16:16:32.639Z,"Aegean Sea",earthquake,5.9,2,0.136,15,reviewed,us,us
2019-09-30T05:39:31.947Z,36.087,22.9204,10,4.3,mb,,188,1.352,0.64,us,us70005nre,2019-12-20T19:03:57.040Z,"9 km SW of Kýthira, Greece",earthquake,6.9,1.9,0.16,11,reviewed,us,us
2019-09-25T01:24:03.462Z,41.2969,19.5096,10,4.4,mb,,47,1.147,0.99,us,us70005kyf,2019-12-20T19:02:23.040Z,"5 km ESE of Durrës, Albania",earthquake,6.2,1.9,0.117,21,reviewed,us,us
2019-09-22T20:08:41.490Z,41.4902,19.6702,10,4.3,mb,,46,0.987,1.17,us,us60005m0j,2019-12-10T17:27:04.040Z,"4 km WNW of Fushë-Krujë, Albania",earthquake,6.3,1.9,0.237,5,reviewed,us,us
2019-09-22T00:28:10.386Z,41.3107,19.5253,10,4.4,mb,,69,1.135,1,us,us60005lvu,2019-12-10T17:27:02.040Z,"5 km SW of Shijak, Albania",earthquake,4.2,1.8,0.189,8,reviewed,us,us
2019-09-21T22:07:30.514Z,41.3235,19.5331,10,4.8,mb,,35,1.124,0.61,us,us60005lut,2019-12-10T17:27:02.040Z,"3 km SW of Shijak, Albania",earthquake,5.7,1.8,0.062,81,reviewed,us,us
2019-09-21T16:10:36.667Z,41.3266,19.518,10,4.4,mb,,51,1.118,1.3,us,us60005ls8,2019-12-10T17:27:01.040Z,"4 km WSW of Shijak, Albania",earthquake,5.2,2,0.22,6,reviewed,us,us
2019-09-21T14:15:52.981Z,41.4685,19.5438,13.73,5.1,mwr,,40,0.983,1.06,us,us60005lrg,2025-12-22T18:17:11.771Z,"12 km NW of Vorë, Albania",earthquake,5.1,2.6,0.057,30,reviewed,us,us
2019-09-21T14:04:25.803Z,41.3375,19.5303,20,5.6,mww,,34,1.109,1.13,us,us60005lrf,2025-12-22T18:17:14.774Z,"3 km WSW of Shijak, Albania",earthquake,2.1,1.8,0.042,55,reviewed,us,us
2019-09-19T18:33:16.775Z,37.6034,20.703,10.32,4.7,mb,,97,1.061,0.82,us,us60005l2f,2019-12-10T17:26:57.040Z,"17 km SW of Lithakiá, Greece",earthquake,6.8,5.2,0.09,37,reviewed,us,us
2019-09-15T02:06:51.844Z,35.0677,23.054,46.07,4.5,mb,,175,1.52,0.96,us,us60005m91,2019-12-05T18:30:52.040Z,"60 km WSW of Palaióchora, Greece",earthquake,9,11.2,0.171,10,reviewed,us,us
2019-09-13T12:31:17.552Z,36.0831,22.1337,89.87,4.2,mb,,94,1.106,1.15,us,us60005ld0,2019-12-05T18:30:51.040Z,"77 km W of Kýthira, Greece",earthquake,4.3,8.5,0.199,9,reviewed,us,us
2019-09-11T08:13:16.394Z,38.0765,24.1067,10,3.3,ml,,76,1.95,0.91,us,us70005enk,2019-12-05T18:30:57.040Z,"10 km NE of Rafína, Greece",earthquake,5.6,1.6,0.091,16,reviewed,us,us
2019-09-08T20:00:17.776Z,37.4988,21.9211,10,4.5,mb,,48,0.319,0.77,us,us70005dgg,2019-11-30T19:36:43.040Z,"15 km SW of Dimitsána, Greece",earthquake,2.2,1.9,0.113,23,reviewed,us,us
2019-09-05T17:47:39.933Z,40.1292,19.8521,32.53,4.4,mb,,54,0.418,0.96,us,us70005cfk,2019-11-30T19:37:11.040Z,"9 km ENE of Himarë, Albania",earthquake,6.1,8,0.149,13,reviewed,us,us
2019-09-03T03:30:09.522Z,34.7246,26.5212,41.63,4.5,mb,,109,0.973,0.92,us,us70005bbt,2019-11-30T19:37:34.040Z,"57 km SSE of Palekastro, Greece",earthquake,7.1,8,0.106,26,reviewed,us,us
2019-09-01T20:49:46.595Z,38.7637,22.5665,10,3.8,mwr,,61,1.661,1.03,us,us70005b1c,2019-11-15T17:21:38.040Z,"8 km SW of Mólos, Greece",earthquake,5.8,1.8,0.075,17,reviewed,us,us
2019-08-30T17:21:04.367Z,37.5207,26.8245,6.15,4.5,mwr,,29,1.668,0.73,us,us70005abi,2019-11-15T17:20:39.040Z,"14 km WNW of Megálo Chorió, Greece",earthquake,4.3,4.3,0.08,15,reviewed,us,us
2019-08-30T15:38:14.496Z,37.4855,26.8329,10,4.6,mb,,36,1.636,0.94,us,us70005a9c,2019-11-15T17:20:37.040Z,"12 km WNW of Megálo Chorió, Greece",earthquake,4.2,1.9,0.065,70,reviewed,us,us
2019-08-27T06:24:40.425Z,38.1446,23.6357,10,4.5,mb,,64,1.665,1.18,us,us700058nq,2019-11-15T17:18:45.040Z,"5 km NNW of Fylí, Greece",earthquake,6,1.9,0.204,7,reviewed,us,us
2019-08-17T02:22:08.151Z,37.2943,20.4285,10,4.6,mb,,153,1.2,0.92,us,us600056b3,2019-11-02T15:26:10.040Z,"59 km SW of Lithakiá, Greece",earthquake,2.3,1.9,0.164,11,reviewed,us,us
2019-08-13T21:11:21.475Z,35.6606,23.4452,31.34,4.5,mb,,61,1.236,1.09,us,us600054r0,2019-11-02T15:26:04.040Z,"26 km NW of Kíssamos, Greece",earthquake,5.9,4.9,0.077,49,reviewed,us,us
2019-08-12T07:57:07.017Z,35.8818,25.6113,71.43,4.5,mb,,42,0.834,0.67,us,us600053xb,2019-10-29T20:34:03.040Z,"54 km SSE of Emporeío, Greece",earthquake,5.4,7,0.062,76,reviewed,us,us
2019-08-09T21:39:42.315Z,37.2716,21.1696,10,4.5,mwr,,99,0.61,0.79,us,us6000535k,2019-10-29T20:33:51.040Z,"39 km WNW of Filiatrá, Greece",earthquake,7.3,1.9,0.068,21,reviewed,us,us
2019-08-08T15:43:36.159Z,34.6915,23.1142,23.88,4.3,mb,,173,1.574,1.32,us,us600055vx,2019-10-29T20:33:44.040Z,"79 km SW of Palaióchora, Greece",earthquake,8.5,8.1,0.102,28,reviewed,us,us
2019-08-08T08:39:08.691Z,37.9858,26.8923,10,4.7,mb,,37,1.405,0.71,us,us6000528z,2025-08-11T11:25:15.971Z,"20 km W of Özdere, Turkey",earthquake,4.3,1.9,0.068,65,reviewed,us,us
2019-08-06T01:46:54.749Z,37.0591,21.9638,10,4.3,mb,,79,0.123,0.95,us,us60005146,2019-10-29T20:33:37.040Z,"4 km WNW of Messíni, Greece",earthquake,2.2,1.9,0.189,8,reviewed,us,us
2019-08-03T17:17:09.021Z,38.181,22.8804,10,4.1,mb,,67,1.255,0.99,us,us6000507p,2019-10-19T21:42:08.040Z,"11 km SW of Domvraína, Greece",earthquake,3.8,1.9,0.145,14,reviewed,us,us
2019-07-31T14:21:21.248Z,40.5335,20.7484,10,4.6,mww,,42,0.543,0.87,us,us60004xyi,2022-08-08T15:25:14.697Z,"9 km SSW of Mborje, Albania",earthquake,4.9,1.9,0.083,14,reviewed,us,us
2019-07-31T04:40:04.148Z,35.3942,24.9649,75.22,4.9,mww,,43,0.122,0.91,us,us60004xsg,2020-06-03T21:09:58.795Z,"11 km NNW of Tílisos, Greece",earthquake,6.9,3.9,0.066,22,reviewed,us,us
2019-07-30T13:18:10.883Z,37.4452,20.4517,19.45,4.4,mb,,150,1.204,0.42,us,us600051un,2019-10-19T21:42:15.040Z,"45 km SW of Lithakiá, Greece",earthquake,3.1,7.4,0.309,5,reviewed,us,us
2019-07-30T10:36:21.175Z,37.3853,20.3283,10,4.5,mb,,57,1.29,0.87,us,us60004xcs,2019-10-19T21:41:59.040Z,"57 km SW of Lithakiá, Greece",earthquake,6.4,1.9,0.083,43,reviewed,us,us
2019-07-29T04:18:10.297Z,37.8967,20.6085,10,3.2,ml,,138,1.268,0.84,us,us60004wxd,2019-10-11T20:12:48.040Z,"15 km WNW of Katastárion, Greece",earthquake,6.5,2,0.077,22,reviewed,us,us
2019-07-28T16:09:08.583Z,38.1365,23.5514,10,4.6,mb,,65,1.606,0.93,us,us60004wsq,2020-06-16T18:13:23.007Z,"6 km NNE of Magoúla, Greece",earthquake,5.3,1.9,0.091,36,reviewed,us,us
2019-07-21T14:53:08.025Z,37.6808,20.3549,10,4.6,mb,,139,1.346,0.38,us,us70004q2p,2019-10-04T16:37:32.040Z,"39 km WSW of Katastárion, Greece",earthquake,4.9,1.7,0.165,11,reviewed,us,us
2019-07-20T03:46:50.743Z,37.5854,20.6727,10,2.6,ml,,176,1.077,1.23,us,us70004pjq,2019-10-04T16:37:25.040Z,"20 km SW of Lithakiá, Greece",earthquake,5.7,2,0.085,18,reviewed,us,us
2019-07-19T12:11:54.206Z,38.1021,23.655,10,4.2,mwr,,67,1.653,0.98,us,us70004ntu,2019-10-04T16:37:20.040Z,"1 km W of Fylí, Greece",earthquake,4.7,1.9,0.093,11,reviewed,us,us
2019-07-19T11:42:19.195Z,38.1367,23.5848,10,4.3,mb,,66,1.627,0.68,us,us60004vxr,2019-10-04T16:37:20.040Z,"8 km WNW of Fylí, Greece",earthquake,5.4,1.9,0.188,8,reviewed,us,us
2019-07-19T11:13:15.693Z,38.0951,23.5251,10,5.3,mww,,35,1.565,0.67,us,us70004nt3,2025-12-22T18:13:39.198Z,"1 km NNE of Magoúla, Greece",earthquake,4.5,1.8,0.05,39,reviewed,us,us
2019-07-15T08:44:12.674Z,38.2808,20.458,10,4.3,mb,,138,1.52,1.2,us,us70004kge,2019-09-28T20:01:25.040Z,"9 km NNE of Lixoúri, Greece",earthquake,4.4,2,0.177,9,reviewed,us,us
2019-07-14T10:59:18.407Z,40.2564,21.7985,10,4.5,mb,,70,0.612,0.91,us,us70004k0i,2019-09-28T20:01:21.040Z,"1 km WSW of Krókos, Greece",earthquake,4.1,1.9,0.122,20,reviewed,us,us
2019-07-14T10:50:13.513Z,40.2203,21.8652,10,4.9,mb,,43,0.67,0.75,us,us70004k08,2019-09-28T20:01:21.040Z,"3 km ESE of Áno Kómi, Greece",earthquake,4.9,1.9,0.074,57,reviewed,us,us
2019-07-13T15:08:40.979Z,38.8183,21.2212,10,4.7,mb,,101,1.421,1.26,us,us70004jl5,2019-09-28T20:01:19.040Z,"4 km ENE of Stános, Greece",earthquake,5.7,1.9,0.08,48,reviewed,us,us
2019-07-12T01:11:48.437Z,39.3397,20.6076,10,4.4,mb,,95,0.729,1.11,us,us70004iqc,2019-09-28T20:01:13.040Z,"11 km N of Kanaláki, Greece",earthquake,5.5,1.9,0.162,11,reviewed,us,us
2019-07-10T22:57:13.422Z,34.9324,24.364,26.61,4.7,mb,,62,0.558,0.89,us,us70004heq,2019-09-28T20:01:08.040Z,"27 km ENE of Kastrí, Greece",earthquake,6.9,5.1,0.056,96,reviewed,us,us
2019-07-09T03:49:10.091Z,38.4331,20.4237,10,3.4,ml,,107,1.367,1.02,us,us70004fgt,2019-09-28T20:00:59.040Z,"25 km N of Lixoúri, Greece",earthquake,5.5,2,0.066,30,reviewed,us,us
2019-07-04T04:01:32.598Z,35.3763,25.317,10,4.4,mb,,55,0.36,0.95,us,us700049s5,2019-09-26T14:30:07.040Z,"5 km N of Káto Goúves, Greece",earthquake,3.5,1.9,0.091,35,reviewed,us,us
2019-06-29T13:01:16.646Z,40.3954,20.8018,10,4.8,mb,,86,0.587,1.03,us,us700047af,2019-09-14T16:08:19.040Z,"12 km ENE of Ersekë, Albania",earthquake,4.8,1.9,0.063,78,reviewed,us,us
2019-06-28T14:36:37.680Z,40.529,20.8253,10,4.4,mb,,49,0.494,0.82,us,us700046jt,2019-09-14T16:08:16.040Z,"8 km SSE of Mborje, Albania",earthquake,6,1.9,0.179,9,reviewed,us,us
2019-06-24T19:00:13.051Z,35.2122,24.302,2.65,4.1,mb,,178,0.487,1.15,us,us700049ed,2019-09-11T15:19:44.040Z,"15 km E of Chóra Sfakíon, Greece",earthquake,5.5,6.6,0.145,13,reviewed,us,us
2019-06-19T23:24:54.875Z,38.0744,20.5949,10,4.2,mb,,117,1.383,0.79,us,us600043ec,2019-09-11T15:19:16.040Z,"11 km S of Valsamáta, Greece",earthquake,5.8,2,0.216,6,reviewed,us,us
2019-06-16T10:28:56.456Z,34.894,22.5774,28.77,4.1,mb,,269,1.936,0.7,us,us600044b1,2019-09-06T14:25:27.040Z,"107 km WSW of Palaióchora, Greece",earthquake,12,12.1,0.185,8,reviewed,us,us
2019-06-12T21:54:30.883Z,38.6283,22.9314,10,4,mb,,68,3.02,0.88,us,us6000407p,2019-09-06T14:25:00.040Z,"6 km WSW of Atalánti, Greece",earthquake,6.9,1.9,0.211,6,reviewed,us,us
2019-06-09T13:43:49.173Z,35.1928,26.9405,10,4,mb,,147,0.396,1.01,us,us70003xg1,2019-08-27T17:47:59.040Z,"24 km S of Fry, Greece",earthquake,5.1,1.9,0.196,7,reviewed,us,us
2019-06-01T18:50:14.540Z,40.4722,20.7171,10,4.4,mb,,36,1.036,1.22,us,us70003u75,2019-08-24T21:17:45.040Z,"15 km NNE of Ersekë, Albania",earthquake,5.4,1.9,0.075,52,reviewed,us,us
2019-06-01T18:37:41.224Z,40.6984,20.7132,10,4.2,mb,,51,0.913,1.01,us,us70003u6t,2019-08-24T21:17:45.040Z,"1 km SE of Maliq, Albania",earthquake,5.5,2,0.236,5,reviewed,us,us
2019-06-01T18:30:11.637Z,40.4053,20.7581,10,4.3,mb,,53,1.011,0.8,us,us70003u6q,2019-08-24T21:17:45.040Z,"10 km NE of Ersekë, Albania",earthquake,5.2,1.9,0.13,17,reviewed,us,us
2019-06-01T15:19:25.759Z,40.5923,20.7293,10,4.3,mb,,55,0.999,0.71,us,us70003u5h,2019-08-24T21:17:44.040Z,"5 km SW of Korçë, Albania",earthquake,4.3,2,0.154,12,reviewed,us,us
2019-06-01T07:00:28.533Z,40.5713,20.7398,10,5,mww,,36,1.02,0.81,us,us70003u24,2025-12-22T18:10:10.225Z,"6 km SSW of Korçë, Albania",earthquake,5.1,1.8,0.039,63,reviewed,us,us
2019-06-01T04:51:59.497Z,40.4731,20.7126,10,4.7,mww,,36,1.034,1.09,us,us70003u1n,2019-08-24T21:17:43.040Z,"15 km N of Ersekë, Albania",earthquake,5.4,1.9,0.05,39,reviewed,us,us
2019-06-01T04:33:07.949Z,40.6433,20.7704,10,4.9,mww,,33,0.983,0.92,us,us70003u1c,2025-12-22T18:28:04.113Z,"2 km NNW of Korçë, Albania",earthquake,4.7,1.8,0.045,48,reviewed,us,us
2019-06-01T04:32:48.347Z,40.6546,20.5962,10,4.3,mb,,50,0.886,0.87,us,us70003wtl,2019-08-24T21:17:42.040Z,"10 km WSW of Maliq, Albania",earthquake,4.1,1.8,0.168,10,reviewed,us,us
2019-06-01T04:26:19.636Z,40.5257,20.7025,10,5.2,mww,,33,1.038,1.22,us,us70003u1a,2025-12-22T18:10:09.086Z,"12 km SW of Mborje, Albania",earthquake,4.6,1.8,0.033,89,reviewed,us,us
2019-05-25T22:35:26.377Z,40.0479,20.4402,27.54,4.2,mb,,59,0.598,1.15,us,us60003s77,2019-08-13T14:30:37.040Z,"15 km E of Libohovë, Albania",earthquake,4.3,7.1,0.2,7,reviewed,us,us
2019-05-24T21:17:58.622Z,37.8101,21.1012,10,4.3,mb,,118,0.909,0.82,us,us60003rwq,2019-08-13T14:30:35.040Z,"4 km S of Arkoúdi, Greece",earthquake,4.9,1.9,0.103,27,reviewed,us,us
2019-05-22T23:39:57.733Z,37.8203,21.1965,10,4.1,mb,,128,0.863,1,us,us60003qzf,2019-08-13T14:30:30.040Z,"4 km S of Vartholomió, Greece",earthquake,5.6,2,0.174,9,reviewed,us,us
2019-05-21T08:58:20.125Z,37.8985,21.2172,10,4.7,mb,,40,0.912,0.69,us,us70003nvj,2019-08-13T14:30:45.040Z,"1 km SE of Neochóri, Greece",earthquake,2.4,1.9,0.048,132,reviewed,us,us
2019-05-20T17:40:42.098Z,37.7386,21.0299,10.64,4.4,mb,,92,0.905,1.24,us,us70003nld,2019-08-07T22:03:55.040Z,"12 km ESE of Zakynthos, Greece",earthquake,3.7,5.6,0.114,22,reviewed,us,us
2019-05-19T14:47:14.615Z,36.7088,26.8031,10,4.3,mb,,74,1.171,0.7,us,us60003t4b,2019-08-07T22:03:30.040Z,"14 km WSW of Kéfalos, Greece",earthquake,3.1,2,0.267,4,reviewed,us,us
2019-05-15T22:26:04.753Z,37.7879,21.2506,10,4.1,mb,,128,0.811,0.91,us,us70003lvi,2019-08-07T22:03:40.040Z,"5 km SW of Savália, Greece",earthquake,3.2,2,0.213,6,reviewed,us,us
2019-05-15T10:54:42.944Z,37.8314,21.2285,10,4.6,mb,,45,0.855,0.87,us,us70003lge,2019-08-07T22:03:38.040Z,"2 km SW of Gastoúni, Greece",earthquake,5.4,1.9,0.049,125,reviewed,us,us
2019-05-15T00:02:42.298Z,37.8527,21.2803,10,4.3,mb,,78,0.846,0.99,us,us70003la7,2019-08-07T22:03:36.040Z,"2 km E of Gastoúni, Greece",earthquake,5.6,1.9,0.091,34,reviewed,us,us
2019-05-14T15:07:57.725Z,37.8807,20.1772,10,4.4,mb,,73,1.556,0.79,us,us70003l13,2019-08-07T22:03:35.040Z,"42 km SSW of Lixoúri, Greece",earthquake,4.4,1.9,0.135,16,reviewed,us,us
2019-05-13T21:27:32.114Z,37.6421,21.1564,10,4.5,mb,,94,0.767,1.02,us,us70003knu,2019-08-01T17:15:17.040Z,"21 km SW of Kardamás, Greece",earthquake,2.4,1.9,0.069,61,reviewed,us,us
2019-05-13T16:57:16.605Z,37.6753,21.267,10,4.9,mb,,45,0.721,0.68,us,us70003kgm,2019-08-01T17:15:17.040Z,"12 km SSW of Kardamás, Greece",earthquake,5.2,1.8,0.039,211,reviewed,us,us
2019-05-13T15:31:27.988Z,37.6494,21.2205,10,4.5,mb,,97,1.626,0.75,us,us70003kf8,2019-08-01T17:15:17.040Z,"16 km SW of Kardamás, Greece",earthquake,4.3,1.9,0.093,34,reviewed,us,us
2019-05-04T07:33:04.369Z,37.5044,20.5972,10,3.3,ml,,162,1.107,0.96,us,us70003gms,2019-07-25T18:54:15.040Z,"31 km SW of Lithakiá, Greece",earthquake,4.4,1.8,0.081,20,reviewed,us,us
2019-04-29T18:02:43.592Z,39.391,26.28,10,4.6,mb,,43,1.503,0.52,us,us70003e5j,2019-07-13T18:42:52.040Z,"9 km ENE of Míthymna, Greece",earthquake,5.7,2,0.315,4,reviewed,us,us
2019-04-27T23:25:57.915Z,37.5927,20.6374,10,4.3,mb,,140,1.105,1.05,us,us70003d5r,2019-07-13T18:42:45.040Z,"22 km SW of Lithakiá, Greece",earthquake,6.8,1.9,0.169,10,reviewed,us,us
2019-04-27T15:07:58.071Z,37.5362,20.3542,10,4.4,mb,,99,1.301,1.23,us,us70003cz6,2019-07-13T18:42:43.040Z,"46 km WSW of Lithakiá, Greece",earthquake,5.4,1.9,0.12,20,reviewed,us,us
2019-04-25T11:04:24.447Z,37.3812,22.12,10,4.5,mb,,85,0.255,1.4,us,us70003bvq,2019-07-13T18:42:38.040Z,"2 km SW of Megalópoli, Greece",earthquake,7,2,0.156,12,reviewed,us,us
2019-04-23T08:58:14.222Z,41.5486,19.5233,10,4.5,mb,,35,0.325,0.6,us,us70003akn,2019-07-13T18:42:34.040Z,"14 km WSW of Mamurras, Albania",earthquake,3.3,1.8,0.243,5,reviewed,us,us
2019-04-18T09:25:31.193Z,37.5447,20.658,10,4.2,mb,,131,1.073,0.92,us,us700038fg,2019-06-26T20:54:49.040Z,"24 km SW of Lithakiá, Greece",earthquake,3.4,2,0.187,8,reviewed,us,us
2019-04-16T01:04:55.612Z,37.5601,20.6793,12.32,4.3,mwr,,130,1.063,1.09,us,us700036qt,2019-06-26T20:54:41.040Z,"22 km SW of Lithakiá, Greece",earthquake,4.4,6.1,0.083,14,reviewed,us,us
2019-04-15T21:52:44.587Z,36.2474,22.9395,35.94,4.2,mb,,171,1.236,1.19,us,us70003bdz,2019-06-20T19:03:47.040Z,"11 km NNW of Kýthira, Greece",earthquake,8.1,11.4,0.147,13,reviewed,us,us
2019-04-02T08:00:16.526Z,35.3095,23.4371,10,4.3,mb,,170,1.188,1.11,us,us2000k91m,2019-06-18T15:50:03.040Z,"23 km WNW of Palaióchora, Greece",earthquake,5.2,1.9,0.129,17,reviewed,us,us
2019-03-31T23:22:45.040Z,37.4656,20.4673,10,4.3,mb,,150,1.197,1.38,us,us2000k864,2019-06-08T20:51:28.040Z,"42 km SW of Lithakiá, Greece",earthquake,2.2,2,0.239,5,reviewed,us,us
2019-03-30T10:46:19.174Z,38.3657,22.3935,10,5.3,mww,,20,1.241,0.75,us,us2000k7ki,2025-12-22T18:06:52.495Z,"2 km SE of Galaxídhion, Greece",earthquake,5.7,1.8,0.044,50,reviewed,us,us
2019-03-29T10:00:40.977Z,38.3452,22.4681,19.01,4.3,mb,,69,1.241,0.6,us,us2000katg,2019-06-08T20:51:37.040Z,"8 km ESE of Galaxídhion, Greece",earthquake,5,5.2,0.113,22,reviewed,us,us
2019-03-28T11:21:21.250Z,37.9556,22.0181,10,4.2,mb,,80,0.779,1.01,us,us2000kabs,2019-06-08T20:51:36.040Z,"11 km SW of Kalávryta, Greece",earthquake,5.6,2,0.263,4,reviewed,us,us
2019-03-28T09:13:02.361Z,37.9313,21.9733,10,4.5,mb,,83,0.752,1.4,us,us2000k6ep,2019-06-08T20:51:19.040Z,"16 km SW of Kalávryta, Greece",earthquake,6,1.9,0.222,6,reviewed,us,us
2019-03-25T13:00:51.160Z,37.3359,20.548,10,4,mb,,173,1.109,0.8,us,us1000jl9f,2019-06-06T18:54:27.040Z,"49 km SSW of Lithakiá, Greece",earthquake,5.9,1.9,0.26,4,reviewed,us,us
2019-03-17T14:38:35.490Z,34.9065,24.6629,32.26,4.4,mb,,190,0.423,0.7,us,us1000jlqj,2019-06-01T21:24:30.040Z,"20 km SSW of Tympáki, Greece",earthquake,8,5.9,0.101,34,reviewed,us,us
2019-03-17T11:49:39.270Z,37.7368,21.0227,10,4.8,mb,,124,0.908,0.89,us,us1000jhfc,2019-06-01T21:24:21.040Z,"12 km ESE of Zakynthos, Greece",earthquake,5.4,2,0.063,78,reviewed,us,us
2019-03-15T21:54:20.290Z,39.7803,25.6155,10,4.2,mwr,,42,1.151,0.98,us,us1000jgu5,2022-08-08T13:00:31.155Z,"39 km W of Bozcaada, Turkey",earthquake,4.5,1.9,0.063,24,reviewed,us,us
2019-03-12T08:38:55.364Z,37.8193,21.7326,25.76,4.4,mb,,124,0.657,0.74,us,us1000jjss,2019-06-01T21:24:25.040Z,"11 km ENE of Goúmero, Greece",earthquake,4.7,3.9,0.126,18,reviewed,us,us
2019-03-08T10:40:15.006Z,37.4638,20.4338,10,4.4,mb,,145,1.222,1.19,us,us1000jgnb,2019-05-24T21:21:40.040Z,"45 km SW of Lithakiá, Greece",earthquake,4,1.8,0.155,12,reviewed,us,us
2019-03-06T01:54:45.652Z,38.3468,22.0144,10,4.3,mb,,78,1.168,1.35,us,us1000jb2m,2019-05-24T21:21:07.040Z,"5 km NNE of Kamárai, Greece",earthquake,4.9,1.9,0.099,29,reviewed,us,us
2019-03-03T11:53:12.260Z,37.4897,20.7809,10,4.3,mb,,131,0.963,0.81,us,us1000je6k,2019-05-14T18:36:26.040Z,"25 km S of Lithakiá, Greece",earthquake,3.6,1.9,0.168,10,reviewed,us,us
2019-02-28T20:09:25.860Z,37.6498,20.9404,10,4.9,mb,,45,0.914,1,us,us1000j8wl,2019-05-14T18:36:13.040Z,"12 km SE of Lithakiá, Greece",earthquake,5.1,1.8,0.046,150,reviewed,us,us
2019-02-27T00:09:32.948Z,37.1623,20.7073,10,4.2,mb,,139,0.973,1.23,us,us1000jcdi,2019-05-14T18:36:23.040Z,"62 km S of Lithakiá, Greece",earthquake,7.4,2,0.215,6,reviewed,us,us
2019-02-26T10:06:01.020Z,38.946,20.4908,10,4.5,mb,,92,0.936,1.02,us,us2000jnu7,2019-05-14T18:36:30.040Z,"22 km W of Préveza, Greece",earthquake,4.4,1.7,0.096,32,reviewed,us,us
2019-02-25T17:43:19.530Z,37.4922,20.3137,10,4.3,mb,,165,1.322,0.74,us,us1000jbvx,2019-05-11T17:40:36.040Z,"52 km WSW of Lithakiá, Greece",earthquake,6.8,2,0.377,2,reviewed,us,us
2019-02-24T21:57:05.520Z,38.911,20.5168,10,4.1,mb,,67,0.976,0.57,us,us1000jbc7,2019-05-11T17:40:35.040Z,"18 km WNW of Lefkáda, Greece",earthquake,3.8,1.8,0.145,13,reviewed,us,us
2019-02-24T10:41:22.480Z,37.2801,20.7103,10,4.3,mb,,176,0.975,0.72,us,us2000jme0,2019-05-11T17:40:49.040Z,"49 km SSW of Lithakiá, Greece",earthquake,4.8,2,0.148,13,reviewed,us,us
2019-02-20T18:23:29.480Z,39.6916,26.4007,10,5.1,mww,,37,1.222,0.75,us,us2000jkr3,2025-12-22T18:03:40.954Z,"10 km N of Ayvac?k, Turkey",earthquake,5.3,1.7,0.055,32,reviewed,us,us
2019-02-17T21:40:01.300Z,37.3806,20.9972,10,4.4,mb,,100,0.767,0.58,us,us2000jjbi,2019-05-01T22:00:59.040Z,"40 km SSE of Lithakiá, Greece",earthquake,3.5,1.9,0.091,35,reviewed,us,us
2019-02-17T19:07:41.727Z,36.5701,22.9012,10,4.9,mww,,91,0.99,1.06,us,us2000jjan,2025-12-22T18:03:30.559Z,"17 km SW of Géfyra, Greece",earthquake,6.4,1.8,0.093,11,reviewed,us,us
2019-02-17T02:31:45.340Z,39.7231,23.3612,10,4.3,mb,,56,0.77,0.59,us,us2000jj1e,2019-05-01T22:00:54.040Z,"36 km S of Kassándreia, Greece",earthquake,5.1,1.9,0.154,14,reviewed,us,us
2019-02-16T20:53:12.910Z,37.343,20.9757,10,4.1,mb,,134,0.775,1.07,us,us2000jiy5,2019-05-01T22:00:53.040Z,"43 km SSE of Lithakiá, Greece",earthquake,5.5,2,0.165,10,reviewed,us,us
2019-02-16T01:57:15.500Z,37.5401,20.7165,10,4.2,mb,,134,1.028,1.17,us,us2000jinx,2019-05-01T22:00:50.040Z,"22 km SSW of Lithakiá, Greece",earthquake,4.9,2,0.2,8,reviewed,us,us
2019-02-07T08:48:50.110Z,35.1857,23.2367,44.67,4.2,mb,,111,1.357,1.15,us,us2000jncc,2019-04-25T15:31:49.040Z,"40 km W of Palaióchora, Greece",earthquake,7.8,9.3,0.115,21,reviewed,us,us
2019-02-05T02:26:09.760Z,39.052,20.5868,7.73,5.4,mww,,23,0.9,0.68,us,us2000jdgj,2025-12-22T18:02:43.389Z,"16 km SW of Néos Oropós, Greece",earthquake,5,3.2,0.04,60,reviewed,us,us
2019-02-04T17:41:07.620Z,37.6521,21.1239,10,4.5,mb,,65,0.793,0.98,us,us2000jd86,2019-04-18T19:09:38.040Z,"21 km S of Arkoúdi, Greece",earthquake,5,1.9,0.082,43,reviewed,us,us
2019-02-04T16:50:48.360Z,36.3688,22.1716,10,4.4,mb,,200,0.832,0.87,us,us2000jd70,2019-04-18T19:09:38.040Z,"51 km SSE of Koróni, Greece",earthquake,5.5,1.9,0.17,10,reviewed,us,us
2019-02-04T05:52:09.640Z,37.5007,20.6386,10,4.4,mb,,132,1.074,0.79,us,us2000jn9b,2019-04-18T19:09:49.040Z,"29 km SW of Lithakiá, Greece",earthquake,5.5,1.6,0.149,13,reviewed,us,us
2019-02-03T06:08:32.100Z,37.599,20.8872,10,4.4,mb,,129,0.927,1.05,us,us2000jcn4,2019-04-18T19:09:34.040Z,"14 km SSE of Lithakiá, Greece",earthquake,6.2,2,0.138,15,reviewed,us,us
2019-02-02T00:14:57.530Z,36.5077,21.416,10,4.5,mb,,157,0.784,1.2,us,us2000jc8i,2019-04-18T19:09:30.040Z,"43 km SW of Methóni, Greece",earthquake,5.9,1.9,0.081,45,reviewed,us,us
2019-02-01T05:01:59.330Z,37.8428,20.9313,10,4.4,mb,,121,1.031,0.79,us,us2000jbn9,2019-04-18T19:09:28.040Z,"7 km NE of Gaïtánion, Greece",earthquake,6.3,1.9,0.115,22,reviewed,us,us
2019-01-29T16:15:25.160Z,37.3168,20.9175,10,4.2,mb,,89,0.815,0.76,us,us2000jhdg,2019-04-18T19:09:40.040Z,"45 km S of Lithakiá, Greece",earthquake,6.5,1.9,0.176,12,reviewed,us,us
2019-01-28T17:32:33.020Z,36.1665,21.7206,10,4.2,mb,,166,1.023,1.03,us,us2000jhc6,2019-04-12T17:17:24.040Z,"72 km S of Methóni, Greece",earthquake,7.2,2,0.152,13,reviewed,us,us
2019-01-28T01:07:30.330Z,37.5849,20.7173,10,4.3,mb,,97,1.044,1.07,us,us2000j9ji,2019-04-12T17:15:57.040Z,"17 km SSW of Lithakiá, Greece",earthquake,6.3,1.9,0.133,16,reviewed,us,us
2019-01-27T01:21:08.990Z,39.4743,20.5124,10,4.4,mb,,92,0.602,1.3,us,us2000j9bm,2019-04-12T17:15:34.040Z,"0 km NNE of Paramythiá, Greece",earthquake,4.5,1.9,0.154,12,reviewed,us,us
2019-01-25T22:53:24.970Z,37.6405,20.7144,10,4,mb,,128,1.068,1.06,us,us2000jesb,2019-04-12T17:17:08.040Z,"13 km SW of Lithakiá, Greece",earthquake,5.5,2,0.232,5,reviewed,us,us
2019-01-24T18:00:00.330Z,37.2315,20.7017,10,4.2,mb,,147,0.978,1.3,us,us2000jebh,2019-04-12T17:16:48.040Z,"55 km SSW of Lithakiá, Greece",earthquake,4.1,2,0.237,5,reviewed,us,us
2019-01-22T21:30:50.790Z,37.6221,20.6901,10,4.3,mb,,129,1.078,1.35,us,us2000je3d,2019-04-12T17:16:29.040Z,"16 km SW of Lithakiá, Greece",earthquake,6.3,2,0.16,11,reviewed,us,us
2019-01-21T18:16:59.320Z,37.6005,20.76,10,4.3,mb,,138,1.019,0.68,us,us2000jdmv,2019-04-05T21:41:05.040Z,"14 km SSW of Lithakiá, Greece",earthquake,4.4,2,0.2,7,reviewed,us,us
2019-01-21T16:23:43.860Z,37.0248,20.4009,11.99,4.2,mb,,228,1.228,0.73,us,us2000jdmy,2019-04-05T21:41:05.040Z,"85 km SSW of Lithakiá, Greece",earthquake,10.6,8.4,0.159,11,reviewed,us,us
2019-01-20T10:43:59.740Z,37.6027,20.662,10,4.1,mb,,129,1.091,1.19,us,us2000j6lm,2019-04-05T21:41:01.040Z,"19 km SW of Lithakiá, Greece",earthquake,2.4,2,0.197,7,reviewed,us,us
2019-01-20T10:39:22.260Z,37.6063,20.7125,10,4.3,mb,,144,1.056,1.15,us,us2000j6lk,2019-04-05T21:41:01.040Z,"Ionian Sea",earthquake,3.9,2,0.265,4,reviewed,us,us
2019-01-19T17:41:56.550Z,37.333,20.6816,10,4.4,mb,,104,1.004,1.19,us,us2000j6eq,2019-04-05T21:41:01.040Z,"44 km SSW of Lithakiá, Greece",earthquake,4.1,1.9,0.127,19,reviewed,us,us
2019-01-18T17:14:12.640Z,37.3948,20.9245,10,4.5,mb,,133,0.826,0.96,us,us2000j5w6,2022-08-08T11:38:10.662Z,"36 km SSE of Lithakiá, Greece",earthquake,5.7,1.9,0.102,32,reviewed,us,us
2019-01-17T21:46:39.550Z,37.6254,20.6111,10,4.4,mwr,,107,1.137,0.75,us,us2000j5ds,2019-04-05T21:41:00.040Z,"21 km WSW of Lithakiá, Greece",earthquake,6.3,1.9,0.086,13,reviewed,us,us
2019-01-17T13:52:31.900Z,37.4823,20.8328,10,4.3,mb,,160,0.922,1.37,us,us2000jbvv,2019-04-05T21:41:03.040Z,"26 km S of Lithakiá, Greece",earthquake,7.2,2,0.238,5,reviewed,us,us
2019-01-17T03:36:29.850Z,36.4365,22.32,10,4.5,mwr,,149,0.805,0.93,us,us2000j4vp,2019-04-05T21:40:59.040Z,"41 km SSW of Gýtheio, Greece",earthquake,5.2,2,0.089,12,reviewed,us,us
2019-01-15T01:25:05.070Z,38.9887,20.5636,11.51,4.3,mwr,,47,0.936,0.84,us,us2000j3z9,2019-04-05T21:40:58.040Z,"16 km WNW of Préveza, Greece",earthquake,4.1,2.5,0.075,17,reviewed,us,us
2019-01-15T01:11:48.930Z,38.2791,20.3913,10,4.4,mb,,87,1.504,1.09,us,us2000j3z5,2019-04-05T21:40:58.040Z,"9 km NNW of Lixoúri, Greece",earthquake,4.6,1.9,0.108,25,reviewed,us,us
2019-01-13T08:27:01.440Z,36.2464,25.337,10,4.3,mb,,86,1.023,0.73,us,us2000j3gr,2019-04-02T20:52:36.040Z,"15 km SW of Emporeío, Greece",earthquake,4.2,1.9,0.142,14,reviewed,us,us
2019-01-12T20:40:35.160Z,37.4866,20.4045,10,4.5,mb,,133,1.25,1.04,us,us2000j3d8,2019-04-02T20:52:28.040Z,"45 km SW of Lithakiá, Greece",earthquake,5.5,1.9,0.124,19,reviewed,us,us
2019-01-11T18:54:08.850Z,37.5163,20.8062,12.61,4.4,mb,,131,0.953,1.08,us,us2000j330,2019-04-02T20:52:13.040Z,"22 km S of Lithakiá, Greece",earthquake,6,6.2,0.126,19,reviewed,us,us
2019-01-10T17:30:14.200Z,37.3192,20.6178,10,4.8,mb,,48,1.052,1.2,us,us2000j2l9,2019-04-02T20:51:59.040Z,"48 km SSW of Lithakiá, Greece",earthquake,4.9,1.9,0.095,34,reviewed,us,us
2019-01-08T07:06:07.800Z,35.8781,25.9749,10,4.2,mb,,72,1.02,1.06,us,us2000j1bc,2019-04-02T20:51:20.040Z,"71 km SE of Emporeío, Greece",earthquake,5.4,1.9,0.175,9,reviewed,us,us
2019-01-07T13:41:32.260Z,35.6888,23.5677,10,4,mb,,173,1.15,0.75,us,us2000j8aq,2019-03-08T17:50:23.040Z,"22 km NNW of Kíssamos, Greece",earthquake,8.8,2,0.3,3,reviewed,us,us
2019-01-04T19:27:38.670Z,40.19,19.7274,12.61,4.8,mb,,34,0.479,1.23,us,us2000j0ch,2019-03-08T17:50:15.040Z,"9 km N of Himarë, Albania",earthquake,4,2.5,0.051,120,reviewed,us,us
2019-01-01T14:31:38.580Z,37.1807,20.6902,10,4.4,mb,,155,0.986,0.95,us,us2000j5ti,2019-03-08T17:50:20.040Z,"61 km SSW of Lithakiá, Greece",earthquake,5,2,0.538,1,reviewed,us,us
2019-01-01T11:40:05.530Z,34.7979,23.8582,10,4.9,mb,,72,0.977,0.85,us,us2000izms,2019-03-08T17:50:13.040Z,"21 km W of Kastrí, Greece",earthquake,6.6,1.9,0.057,96,reviewed,us,us
2019-01-01T01:03:16.820Z,37.1768,20.6873,10,4.3,mb,,102,0.988,0.92,us,us2000izk5,2019-03-08T17:50:12.040Z,"61 km SSW of Lithakiá, Greece",earthquake,3.4,1.9,0.125,19,reviewed,us,us
2018-12-31T07:52:23.580Z,39.1556,20.9187,10,4.4,mb,,61,1.032,0.91,us,us2000izeb,2019-03-05T17:46:40.040Z,"1 km WSW of Chalkiádes, Greece",earthquake,4.9,1.8,0.072,56,reviewed,us,us
2018-12-29T21:27:52.420Z,37.579,20.7831,10,4.5,mb,,129,0.993,1.17,us,us2000iz13,2019-03-05T17:46:38.040Z,"16 km SSW of Lithakiá, Greece",earthquake,6.9,2,0.156,12,reviewed,us,us
2018-12-29T04:15:42.450Z,35.6476,21.9709,35,4.4,mb,,172,1.528,1.12,us,us2000j51v,2019-03-05T17:46:37.040Z,"107 km WSW of Kýthira, Greece",earthquake,3,2,0.178,9,reviewed,us,us
2018-12-27T14:30:11.110Z,37.4321,20.8089,10,4.5,mb,,69,0.925,0.97,us,us2000iy3d,2019-03-05T17:46:36.040Z,"31 km S of Lithakiá, Greece",earthquake,6.3,1.9,0.125,19,reviewed,us,us
2018-12-26T07:37:54.170Z,37.303,20.8122,10,4.6,mb,,126,0.896,1.11,us,us2000ixms,2019-03-05T17:46:34.040Z,"46 km S of Lithakiá, Greece",earthquake,7.2,2,0.193,8,reviewed,us,us
2018-12-25T01:41:27.150Z,37.4185,20.8628,10,4.8,mb,,49,0.88,0.96,us,us2000ixbg,2022-05-03T19:42:35.768Z,"33 km S of Lithakiá, Greece",earthquake,3.9,1.9,0.057,96,reviewed,us,us
2018-12-24T02:20:56.640Z,35.419,26.4649,18.05,4,mb,,138,0.582,1.05,us,us2000iwy9,2019-03-05T17:46:31.040Z,"31 km NE of Palekastro, Greece",earthquake,5.6,6,0.133,15,reviewed,us,us
2018-12-23T22:34:11.250Z,37.2982,23.9318,10,4.4,mb,,49,1.605,0.72,us,us2000iwum,2019-02-23T20:22:45.040Z,"41 km E of Ýdra, Greece",earthquake,5.9,1.7,0.19,8,reviewed,us,us
2018-12-22T17:46:09.390Z,37.3905,20.7871,10,4.1,mb,,134,0.932,1.07,us,us2000iwcd,2019-02-23T20:22:30.040Z,"36 km S of Lithakiá, Greece",earthquake,6.5,1.9,0.174,11,reviewed,us,us
2018-12-20T04:54:39.050Z,36.1937,22.9089,10,4.5,mb,,99,1.261,0.91,us,us2000iv8n,2019-02-23T20:21:35.040Z,"8 km NW of Kýthira, Greece",earthquake,7.6,1.8,0.106,26,reviewed,us,us
2018-12-19T19:35:53.760Z,36.7339,21.5667,25.92,4.9,mww,,39,0.528,0.94,us,us2000iv48,2022-05-03T19:58:33.565Z,"15 km SW of Methóni, Greece",earthquake,7,4.9,0.086,13,reviewed,us,us
2018-12-16T09:24:31.500Z,39.6282,24.2757,10,4.3,mb,,39,1.454,1.15,us,us2000iu2q,2019-02-16T22:29:10.040Z,"53 km SSE of Sykiá, Greece",earthquake,5.4,1.9,0.138,15,reviewed,us,us
2018-12-13T06:26:41.100Z,37.5647,20.7027,10,4.9,mb,,44,1.047,0.75,us,us2000it5t,2019-02-16T22:29:07.040Z,"20 km SSW of Lithakiá, Greece",earthquake,5.8,1.9,0.068,68,reviewed,us,us
2018-12-11T04:11:44.610Z,39.5836,24.3046,10,4.5,mb,,46,1.49,1.17,us,us2000iset,2019-02-16T22:29:04.040Z,"59 km SSE of Sykiá, Greece",earthquake,4.6,1.9,0.113,23,reviewed,us,us
2018-12-02T23:25:15.020Z,37.5951,20.4799,10,4.2,mb,,190,1.223,1.34,us,us1000i0tb,2019-02-09T19:02:21.040Z,"33 km WSW of Lithakiá, Greece",earthquake,6.3,2,0.215,6,reviewed,us,us
2018-12-02T00:54:13.210Z,37.4332,20.3331,10,4,mb,,162,1.294,0.93,us,us1000i45q,2019-02-09T19:02:23.040Z,"54 km SW of Lithakiá, Greece",earthquake,6.8,2,0.3,3,reviewed,us,us
2018-12-01T22:06:45.800Z,37.6252,20.3017,10,4.4,mb,,139,1.367,1.11,us,us1000i3l0,2019-02-09T19:02:23.040Z,"46 km WSW of Katastárion, Greece",earthquake,6.5,2,0.169,10,reviewed,us,us
2018-12-01T21:56:10.930Z,37.5858,20.5253,10,4.4,mb,,142,1.186,0.72,us,us1000i3ky,2019-02-09T19:02:23.040Z,"30 km WSW of Lithakiá, Greece",earthquake,5.9,1.9,0.19,8,reviewed,us,us
2018-12-01T04:54:17.390Z,40.4488,20.0111,10,4.5,mb,,43,0.753,1.38,us,us1000hz83,2019-02-09T19:02:15.040Z,"11 km NNE of Memaliaj, Albania",earthquake,3.3,1.9,0.106,26,reviewed,us,us
2018-11-30T22:28:16.380Z,40.4679,21.6069,10,4.2,mb,,47,0.356,0.87,us,us1000i3fh,2019-02-09T19:02:22.040Z,"3 km SE of Anaráchi, Greece",earthquake,5.4,1.9,0.141,14,reviewed,us,us
2018-11-30T00:32:33.790Z,37.0767,23.2974,39.83,4.4,mb,,158,1.101,0.66,us,us1000i3ed,2019-02-09T19:02:22.040Z,"23 km SSE of Spétses, Greece",earthquake,6.9,9.1,0.058,85,reviewed,us,us
2018-11-29T19:59:57.490Z,37.5215,20.3621,10,4.6,mb,,163,1.291,0.94,us,us1000hy2e,2019-02-09T19:02:11.040Z,"46 km WSW of Lithakiá, Greece",earthquake,6.9,1.9,0.173,13,reviewed,us,us
2018-11-29T18:56:00.950Z,37.6287,20.3966,10,4.4,mb,,141,1.297,1.14,us,us1000i2tz,2019-02-09T19:02:22.040Z,"38 km SW of Katastárion, Greece",earthquake,5,1.8,0.149,13,reviewed,us,us
2018-11-29T15:31:48.430Z,34.711,23.4974,34.53,4,mb,,186,3.116,0.76,us,us1000i2tu,2019-02-09T19:02:22.040Z,"55 km WSW of Kastrí, Greece",earthquake,3.3,9.6,0.149,15,reviewed,us,us
2018-11-29T00:23:02.000Z,37.6804,20.3931,10,4.5,mb,,85,1.318,0.82,us,us1000hxq7,2019-02-09T19:02:11.040Z,"36 km WSW of Katastárion, Greece",earthquake,4,1.9,0.103,28,reviewed,us,us
2018-11-27T23:46:03.340Z,36.5252,25.7136,10,4.3,mb,,79,1.404,0.92,us,us1000hx95,2019-02-09T19:02:10.040Z,"27 km ENE of Mesariá, Greece",earthquake,3.6,1.9,0.126,18,reviewed,us,us
2018-11-27T23:24:28.300Z,36.5662,25.7213,10,4.4,mb,,77,1.442,1.12,us,us1000hyer,2019-02-09T19:02:12.040Z,"30 km ENE of Firá, Greece",earthquake,4.7,1.9,0.13,17,reviewed,us,us
2018-11-27T23:16:11.000Z,36.603,25.7462,10,4.9,mb,,45,1.484,1.06,us,us1000hx8s,2019-02-09T19:02:10.040Z,"28 km SSW of Amorgós, Greece",earthquake,5.2,1.8,0.048,135,reviewed,us,us
2018-11-27T01:26:48.860Z,37.5861,20.2685,10,4.5,mb,,103,1.38,0.77,us,us1000hwwa,2019-02-09T19:02:10.040Z,"50 km WSW of Katastárion, Greece",earthquake,6.1,1.9,0.124,19,reviewed,us,us
2018-11-26T16:06:13.530Z,38.2319,23.4036,7.09,4.4,mb,,45,1.574,0.79,us,us1000hwph,2019-02-09T19:02:10.040Z,"7 km ENE of Erythrés, Greece",earthquake,5.6,5.2,0.135,20,reviewed,us,us
2018-11-23T21:58:47.400Z,37.4584,20.3792,10,4.4,mb,,147,1.263,0.91,us,us1000hxxn,2019-02-02T20:02:32.040Z,"49 km SW of Lithakiá, Greece",earthquake,6.6,2,0.203,7,reviewed,us,us
2018-11-22T18:00:31.740Z,36.5023,21.1253,10,4.2,mb,,75,0.931,0.95,us,us1000hvgp,2019-02-02T20:02:28.040Z,"62 km SW of Methóni, Greece",earthquake,4.1,1.9,0.088,36,reviewed,us,us
2018-11-22T16:00:14.410Z,37.4276,20.458,10,4.6,mb,,135,1.196,0.89,us,us1000hvfq,2019-02-02T20:02:28.040Z,"46 km SW of Lithakiá, Greece",earthquake,6.1,1.9,0.111,24,reviewed,us,us
2018-11-22T11:11:30.230Z,37.2269,20.5567,10,4.6,mb,,81,1.093,0.73,us,us1000hvdp,2019-02-02T20:02:28.040Z,"59 km SSW of Lithakiá, Greece",earthquake,7.2,1.9,0.081,46,reviewed,us,us
2018-11-21T08:13:34.340Z,37.5237,20.7389,10,4.4,mb,,144,1.006,1.11,us,us1000hutr,2019-02-02T20:02:27.040Z,"23 km SSW of Lithakiá, Greece",earthquake,6.7,1.9,0.18,9,reviewed,us,us
2018-11-20T10:16:49.500Z,37.2031,20.6175,10,4.6,mb,,138,1.044,0.65,us,us1000huda,2019-02-02T20:02:27.040Z,"60 km SSW of Lithakiá, Greece",earthquake,7.2,2,0.132,17,reviewed,us,us
2018-11-20T00:11:58.560Z,37.3591,20.7309,10,4.4,mb,,150,0.969,0.84,us,us1000hu7z,2019-02-02T20:02:27.040Z,"40 km SSW of Lithakiá, Greece",earthquake,4,1.9,0.17,10,reviewed,us,us
2018-11-19T16:16:42.430Z,37.1323,20.7678,10,4.5,mb,,155,0.925,0.76,us,us1000hx0l,2019-02-02T20:02:30.040Z,"65 km S of Lithakiá, Greece",earthquake,5.8,1.9,0.139,15,reviewed,us,us
2018-11-19T13:05:56.210Z,37.282,20.6169,10.58,5.2,mww,,40,1.049,1.08,us,us1000htwc,2022-05-03T19:39:13.547Z,"52 km SSW of Lithakiá, Greece",earthquake,5.6,3.7,0.056,31,reviewed,us,us
2018-11-19T05:56:50.390Z,37.4942,20.681,10,4.4,mwr,,71,1.04,0.87,us,us1000htt7,2019-02-02T20:02:26.040Z,"28 km SSW of Lithakiá, Greece",earthquake,4.9,1.5,0.093,11,reviewed,us,us
2018-11-19T04:47:29.650Z,40.6059,22.3813,10,4.5,mb,,67,0.508,1.06,us,us1000htt1,2019-02-02T20:02:26.040Z,"2 km NW of Loutrós, Greece",earthquake,3.7,1.9,0.118,21,reviewed,us,us
2018-11-18T06:06:45.380Z,37.5163,20.2815,10,4.8,mb,,65,1.352,0.72,us,us1000htfp,2019-01-30T18:36:25.040Z,"53 km WSW of Lithakiá, Greece",earthquake,6.2,1.9,0.097,33,reviewed,us,us
2018-11-18T05:18:02.690Z,37.4366,20.5166,10,4.6,mb,,100,1.152,1,us,us1000htfa,2019-01-30T18:36:21.040Z,"41 km SW of Lithakiá, Greece",earthquake,6.8,1.9,0.085,41,reviewed,us,us
2018-11-18T04:47:03.730Z,37.7327,20.8552,10,4.1,mb,,94,1.015,1.33,us,us1000hvvr,2019-01-30T18:36:28.040Z,"2 km NE of Lithakiá, Greece",earthquake,5.3,1.9,0.214,6,reviewed,us,us
2018-11-17T22:24:52.920Z,37.4119,20.5155,10,4.5,mb,,99,1.148,1.32,us,us1000hvvd,2019-01-30T18:36:28.040Z,"44 km SW of Lithakiá, Greece",earthquake,3.6,1.9,0.102,28,reviewed,us,us
2018-11-17T20:33:17.580Z,37.4906,21.6694,10,4.5,mb,,75,0.372,1.26,us,us1000htan,2019-01-30T18:36:21.040Z,"1 km ENE of Zacháro, Greece",earthquake,5.4,1.9,0.096,32,reviewed,us,us
2018-11-16T14:45:51.880Z,37.2028,20.7095,10,4.7,mb,,142,0.971,1.31,us,us1000hsqa,2019-01-30T18:36:25.040Z,"58 km S of Lithakiá, Greece",earthquake,4.4,1.9,0.183,9,reviewed,us,us
2018-11-15T17:16:57.650Z,37.5256,20.3584,10,4.6,mb,,147,1.295,0.77,us,us1000hs73,2019-01-30T18:36:24.040Z,"46 km WSW of Lithakiá, Greece",earthquake,4.6,1.8,0.136,16,reviewed,us,us
2018-11-15T11:00:05.390Z,37.6181,20.5095,10,4.6,mb,,129,1.209,0.87,us,us1000hs3z,2019-01-30T18:36:24.040Z,"30 km WSW of Lithakiá, Greece",earthquake,4.1,1.9,0.137,16,reviewed,us,us
2018-11-15T09:09:25.690Z,37.4578,20.6842,10,4.7,mb,,99,1.027,1.04,us,us1000hs2u,2019-01-30T18:36:24.040Z,"31 km SSW of Lithakiá, Greece",earthquake,6.2,1.9,0.094,34,reviewed,us,us
2018-11-15T09:02:05.280Z,37.6228,20.6745,10,4.9,mb,,45,1.09,1.23,us,us1000hs2t,2022-05-03T19:39:00.135Z,"17 km SW of Lithakiá, Greece",earthquake,5.3,1.9,0.049,130,reviewed,us,us
2018-11-15T07:25:15.510Z,36.0521,21.305,10,4.1,mb,,180,1.23,0.92,us,us1000hvh7,2019-01-30T18:36:27.040Z,"92 km SSW of Methóni, Greece",earthquake,4.5,2,0.214,6,reviewed,us,us
2018-11-15T03:31:26.820Z,37.2557,20.7003,10,4.4,mb,,137,0.98,0.9,us,us1000hvgy,2019-01-30T18:36:27.040Z,"52 km SSW of Lithakiá, Greece",earthquake,4.9,1.9,0.126,18,reviewed,us,us
2018-11-15T01:57:41.130Z,37.4133,20.4999,10,4.7,mb,,134,1.16,0.95,us,us1000hrzs,2019-01-30T18:36:24.040Z,"44 km SW of Lithakiá, Greece",earthquake,3.4,1.9,0.102,29,reviewed,us,us
2018-11-14T23:57:08.170Z,37.2178,20.6201,10,4.3,mb,,138,1.042,0.77,us,us1000hryn,2019-01-30T18:36:24.040Z,"58 km SSW of Lithakiá, Greece",earthquake,2.2,1.9,0.16,11,reviewed,us,us
2018-11-14T12:15:49.920Z,37.4769,20.3739,10,4.3,mb,,176,2.182,0.69,us,us1000hrk7,2019-01-30T18:36:22.040Z,"48 km SW of Lithakiá, Greece",earthquake,4.1,2,0.2,7,reviewed,us,us
2018-11-14T01:13:33.210Z,37.6567,20.3005,10,4.5,mb,,129,2.09,0.93,us,us1000hrgj,2019-01-30T18:36:23.040Z,"44 km WSW of Katastárion, Greece",earthquake,6.5,1.9,0.131,17,reviewed,us,us
2018-11-13T06:04:27.490Z,37.3746,20.7273,10,4.6,mb,,134,2.075,1.43,us,us1000hr6x,2019-01-30T18:36:23.040Z,"39 km SSW of Lithakiá, Greece",earthquake,6.9,2,0.222,6,reviewed,us,us
2018-11-13T05:20:22.260Z,37.4524,20.7448,10,4.3,mb,,153,2.005,0.88,us,us1000hr6p,2019-01-30T18:36:23.040Z,"30 km SSW of Lithakiá, Greece",earthquake,8.2,1.9,0.148,13,reviewed,us,us
2018-11-13T01:25:32.810Z,37.2005,20.4175,10,4.7,mb,,119,2.365,0.85,us,us1000hr49,2019-01-30T18:36:23.040Z,"68 km SSW of Lithakiá, Greece",earthquake,5.3,1.9,0.138,16,reviewed,us,us
2018-11-13T00:07:17.870Z,37.2479,20.4219,10,4.2,mb,,154,2.326,0.89,us,us1000hr39,2019-01-30T18:36:23.040Z,"63 km SW of Lithakiá, Greece",earthquake,3.6,2,0.264,4,reviewed,us,us
2018-11-12T11:21:33.900Z,35.1306,26.3613,10,3.9,mb,,188,0.774,1.27,us,us1000hqsx,2019-01-30T18:36:22.040Z,"12 km SE of Palekastro, Greece",earthquake,9.4,2,0.155,11,reviewed,us,us
2018-11-12T06:50:28.230Z,37.3324,20.5945,10,4.8,mwr,,44,2.173,0.9,us,us1000hqrp,2019-01-30T18:36:22.040Z,"47 km SSW of Lithakiá, Greece",earthquake,6.3,1.9,0.093,11,reviewed,us,us
2018-11-12T06:32:14.270Z,37.4229,20.5712,10,4.6,mb,,79,2.116,0.84,us,us1000hqri,2019-01-30T18:36:22.040Z,"40 km SW of Lithakiá, Greece",earthquake,3.9,1.9,0.1,30,reviewed,us,us
2018-11-12T02:40:08.880Z,37.5223,20.356,10,4.3,mb,,148,2.16,0.96,us,us1000hqq5,2019-01-30T18:36:22.040Z,"Ionian Sea",earthquake,5,2,0.533,1,reviewed,us,us
2018-11-11T23:38:35.760Z,37.7512,20.5139,10,4.8,mwr,,45,1.912,0.89,us,us1000hqnt,2022-05-03T19:38:52.289Z,"23 km WSW of Katastárion, Greece",earthquake,3.9,1.8,0.083,14,reviewed,us,us
2018-11-11T22:03:31.380Z,37.6127,20.4023,10,4.6,mb,,98,2.071,0.99,us,us1000hqnf,2019-01-21T16:42:57.040Z,"39 km WSW of Mouzaki, Greece",earthquake,3.4,1.9,0.141,15,reviewed,us,us
2018-11-11T18:04:32.330Z,37.5645,20.3867,10,4.5,mb,,164,2.113,1,us,us1000hqly,2019-01-21T16:42:57.040Z,"42 km WSW of Lithakiá, Greece",earthquake,6.5,1.9,0.204,7,reviewed,us,us
2018-11-11T08:11:13.790Z,37.2799,20.3985,10,4.4,mb,,149,2.314,0.98,us,us1000hqje,2019-01-21T16:42:57.040Z,"61 km SW of Lithakiá, Greece",earthquake,7.8,1.9,0.22,6,reviewed,us,us
2018-11-10T02:31:51.830Z,37.4974,20.3976,10,4.6,mb,,132,2.154,1.05,us,us1000hq57,2019-01-21T16:42:57.040Z,"45 km WSW of Lithakiá, Greece",earthquake,4.7,1.9,0.158,12,reviewed,us,us
2018-11-10T02:13:38.860Z,37.5852,20.4019,10,4.6,mb,,130,2.09,1.36,us,us1000hq4n,2019-01-21T16:42:57.040Z,"40 km WSW of Lithakiá, Greece",earthquake,6.6,2,0.172,10,reviewed,us,us
2018-11-10T01:00:53.520Z,36.6453,21.337,10,4.1,mb,,164,2.5,1.34,us,us1000hq47,2019-01-21T16:42:52.040Z,"38 km WSW of Methóni, Greece",earthquake,7.6,2,0.158,11,reviewed,us,us
2018-11-09T22:19:59.430Z,37.3169,20.4166,10,4.2,mb,,137,2.276,0.79,us,us1000hq21,2019-01-21T16:42:57.040Z,"57 km SW of Lithakiá, Greece",earthquake,6.7,2,0.186,8,reviewed,us,us
2018-11-09T20:45:33.430Z,37.3615,20.427,10,4.2,mb,,144,2.237,0.72,us,us1000hq0y,2019-01-21T16:42:57.040Z,"53 km SW of Lithakiá, Greece",earthquake,4.4,1.9,0.236,5,reviewed,us,us
2018-11-09T19:57:05.180Z,37.1751,20.4497,10,4.5,mb,,151,2.368,1.14,us,us1000hpyz,2019-01-21T16:42:57.040Z,"69 km SSW of Lithakiá, Greece",earthquake,7.6,1.9,0.151,14,reviewed,us,us
2018-11-09T17:53:00.740Z,37.5638,20.304,10,4.5,mb,,131,2.161,0.93,us,us1000hpw6,2019-01-21T16:42:57.040Z,"49 km WSW of Lithakiá, Greece",earthquake,4.1,1.8,0.121,20,reviewed,us,us
2018-11-09T14:23:47.300Z,37.1351,20.4428,10,4.4,mb,,141,2.403,0.69,us,us1000hpq6,2019-01-21T16:42:57.040Z,"73 km SSW of Lithakiá, Greece",earthquake,6.2,1.9,0.114,25,reviewed,us,us
2018-11-09T10:35:51.250Z,37.5111,20.7773,10,4.4,mb,,131,1.943,0.86,us,us1000hpn4,2019-01-21T16:42:56.040Z,"23 km SSW of Lithakiá, Greece",earthquake,6.6,1.9,0.12,20,reviewed,us,us
2018-11-09T08:20:37.290Z,37.4399,20.1627,10,4.4,mb,,167,2.287,1.2,us,us1000hsr7,2019-01-21T16:42:57.040Z,"66 km WSW of Lithakiá, Greece",earthquake,7.5,1.9,0.202,7,reviewed,us,us
2018-11-08T22:46:03.660Z,37.7671,20.3915,16.93,4.4,mwr,,127,1.975,0.82,us,us1000hpgr,2019-01-21T16:42:56.040Z,"32 km WSW of Katastárion, Greece",earthquake,7.1,3.7,0.071,19,reviewed,us,us
2018-11-08T11:22:22.670Z,37.1913,20.5544,10,4.6,mb,,103,2.304,1.02,us,us1000hp7c,2019-01-21T16:42:56.040Z,"63 km SSW of Lithakiá, Greece",earthquake,4.3,1.9,0.223,7,reviewed,us,us
2018-11-07T23:14:05.550Z,37.3604,20.4394,10,4.3,mb,,182,2.232,1.18,us,us1000hp1z,2019-01-21T16:42:56.040Z,"52 km SW of Lithakiá, Greece",earthquake,6.6,1.9,0.2,7,reviewed,us,us
2018-11-07T10:38:15.710Z,38.7273,26.5341,10,4.1,mb,,66,1.603,0.76,us,us1000hrqa,2019-01-21T16:42:55.040Z,"10 km NNE of Karaburun, Turkey",earthquake,5.7,1.9,0.261,4,reviewed,us,us
2018-11-06T20:22:29.970Z,37.4183,20.5092,25.17,4.4,mb,,100,2.151,0.96,us,us2000i7vj,2019-01-21T16:42:57.040Z,"43 km SW of Lithakiá, Greece",earthquake,6.6,6.4,0.117,21,reviewed,us,us
2018-11-06T09:23:59.670Z,36.6778,20.6901,10,4.5,mb,,151,2.677,1.17,us,us1000hrm4,2019-01-21T16:42:59.040Z,"91 km W of Methóni, Greece",earthquake,5.2,2,0.242,5,reviewed,us,us
2018-11-05T17:44:00.630Z,37.6302,20.1697,10,4.4,mb,,174,2.099,0.5,us,us1000hqxi,2019-01-21T16:42:57.040Z,"56 km WSW of Katastárion, Greece",earthquake,4.4,1.9,0.139,15,reviewed,us,us
2018-11-05T16:19:55.170Z,37.1893,20.6762,10,4.6,mb,,139,2.249,0.62,us,us1000hqxs,2019-01-21T16:42:57.040Z,"60 km SSW of Lithakiá, Greece",earthquake,4.3,1.9,0.146,14,reviewed,us,us
2018-11-05T13:15:59.720Z,37.2982,20.5361,10,4.6,mb,,80,2.229,0.91,us,us1000hqxd,2019-01-21T16:42:57.040Z,"53 km SSW of Lithakiá, Greece",earthquake,3.6,1.9,0.158,13,reviewed,us,us
2018-11-05T13:13:09.730Z,37.2374,20.5296,10,4.2,mb,,154,2.28,0.35,us,us1000hqxb,2019-01-21T16:42:57.040Z,"59 km SSW of Lithakiá, Greece",earthquake,7.9,2,0.373,2,reviewed,us,us
2018-11-05T13:03:24.310Z,37.2244,20.5326,10,4.5,mb,,138,2.289,1.19,us,us1000hqxc,2019-01-21T16:42:57.040Z,"60 km SSW of Lithakiá, Greece",earthquake,6.5,2,0.27,4,reviewed,us,us
2018-11-05T12:21:55.520Z,37.3189,20.8321,10,4.5,mb,,103,2.071,1.08,us,us2000i6z7,2019-01-21T16:42:57.040Z,"44 km S of Lithakiá, Greece",earthquake,6.9,1.9,0.135,16,reviewed,us,us
2018-11-05T08:31:13.160Z,37.5442,20.6986,10,4.6,mb,,69,1.958,0.79,us,us2000i6xm,2019-01-21T16:42:57.040Z,"22 km SSW of Lithakiá, Greece",earthquake,5.9,1.9,0.067,66,reviewed,us,us
2018-11-05T06:46:13.910Z,37.7392,20.4764,10,4.8,mwr,,52,1.942,0.95,us,us2000i6wu,2019-01-21T16:42:57.040Z,"26 km WSW of Katastárion, Greece",earthquake,5.3,1.4,0.098,10,reviewed,us,us
2018-11-05T02:44:39.430Z,37.4144,20.6428,10,4.6,mwr,,99,2.086,0.88,us,us2000i6v6,2019-01-21T16:42:57.040Z,"37 km SSW of Lithakiá, Greece",earthquake,5.5,1.9,0.08,15,reviewed,us,us
2018-11-04T15:19:11.990Z,37.5722,20.474,10,4.6,mb,,102,2.058,0.91,us,us1000hpvk,2019-01-21T14:29:46.040Z,"35 km WSW of Lithakiá, Greece",earthquake,6.1,1.9,0.165,11,reviewed,us,us
2018-11-04T13:17:15.840Z,36.4243,21.569,37.41,4.4,mb,,182,2.662,0.68,us,us1000hpv3,2019-01-21T14:29:46.040Z,"45 km SSW of Methóni, Greece",earthquake,3.8,9.4,0.109,24,reviewed,us,us
2018-11-04T03:12:45.260Z,37.5109,20.5997,10,4.9,mb,,69,2.035,1.33,us,us2000i6kw,2019-01-21T14:29:46.040Z,"30 km SW of Lithakiá, Greece",earthquake,4.9,1.9,0.057,96,reviewed,us,us
2018-11-04T03:04:31.530Z,37.2139,20.7183,10,4.6,mb,,102,2.209,1.35,us,us2000i6ks,2019-01-21T14:29:46.040Z,"56 km S of Lithakiá, Greece",earthquake,6.9,1.9,0.097,32,reviewed,us,us
2018-11-03T08:05:53.620Z,37.515,20.2575,10,4.5,mwr,,132,2.222,1.11,us,us2000i6cb,2019-01-21T14:29:45.040Z,"55 km WSW of Lithakiá, Greece",earthquake,6.5,1.9,0.089,12,reviewed,us,us
2018-11-03T01:10:05.610Z,37.1791,20.5905,10,4.6,mb,,103,2.297,1.04,us,us2000i69w,2019-01-21T14:29:45.040Z,"63 km SSW of Lithakiá, Greece",earthquake,6.1,1.9,0.087,39,reviewed,us,us
2018-11-02T07:53:13.110Z,37.5903,20.3444,10,4.6,mb,,131,2.12,1.04,us,us2000i5rz,2019-01-21T14:29:43.040Z,"45 km SW of Katastárion, Greece",earthquake,5.5,1.9,0.173,10,reviewed,us,us
2018-11-02T02:33:10.080Z,37.358,20.5633,10,4.7,mb,,135,2.169,1.25,us,us2000i5q8,2019-01-21T14:29:43.040Z,"46 km SSW of Lithakiá, Greece",earthquake,6.6,1.9,0.097,32,reviewed,us,us
2018-11-02T01:45:39.130Z,37.5525,20.3056,10,4.5,mb,,131,2.168,1.32,us,us2000i5pv,2019-01-21T14:29:43.040Z,"49 km WSW of Lithakiá, Greece",earthquake,6.4,1.9,0.105,27,reviewed,us,us
2018-11-01T22:59:28.810Z,37.1441,20.5555,10,4.4,mb,,110,2.342,0.67,us,us2000i5nc,2019-01-21T14:29:43.040Z,"68 km SSW of Lithakiá, Greece",earthquake,6.3,2,0.219,6,reviewed,us,us
2018-11-01T13:57:56.890Z,37.4368,20.347,10,4.4,mb,,146,2.226,1.35,us,us1000hp7x,2019-01-21T14:29:42.040Z,"52 km SW of Lithakiá, Greece",earthquake,7.4,2,0.269,4,reviewed,us,us
2018-11-01T05:34:30.940Z,37.1579,20.6075,10,4.5,mb,,140,2.629,0.72,us,us2000i54d,2019-01-21T14:29:42.040Z,"65 km SSW of Lithakiá, Greece",earthquake,3,2,0.139,15,reviewed,us,us
2018-11-01T03:22:27.350Z,37.5409,20.4391,10,4.7,mb,,72,2.226,0.99,us,us2000i52h,2019-01-21T14:29:41.040Z,"39 km WSW of Lithakiá, Greece",earthquake,6.5,1.9,0.115,23,reviewed,us,us
2018-11-01T02:44:48.760Z,37.4192,20.5788,10,4.9,mwr,,100,2.37,0.56,us,us2000i529,2022-05-03T19:37:17.111Z,"40 km SSW of Lithakiá, Greece",earthquake,6.6,1.9,0.078,16,reviewed,us,us
2018-11-01T00:39:15.110Z,39.9218,20.2665,10,4.1,mb,,77,0.418,0.75,us,us2000i50u,2019-01-21T14:29:41.040Z,"12 km S of Libohovë, Albania",earthquake,4.1,1.7,0.301,3,reviewed,us,us
2018-10-31T20:14:59.080Z,37.5723,20.4345,10,4.4,mb,,131,2.081,1.17,us,us2000i4w1,2019-01-21T14:29:41.040Z,"38 km WSW of Lithakiá, Greece",earthquake,5.9,2,0.17,11,reviewed,us,us
2018-10-31T18:20:01.660Z,37.4121,20.3786,10,4.3,mb,,134,2.226,0.79,us,us2000i4sq,2019-01-21T14:29:41.040Z,"52 km SW of Lithakiá, Greece",earthquake,6.5,2,0.534,3,reviewed,us,us
2018-10-31T15:48:23.310Z,37.4082,20.4907,10,4.3,mb,,147,2.169,1,us,us2000i81h,2019-01-21T14:29:41.040Z,"45 km SW of Lithakiá, Greece",earthquake,4.8,2,0.308,3,reviewed,us,us
2018-10-31T11:41:56.800Z,37.4659,20.5753,10,4.4,mb,,103,2.081,0.87,us,us2000i4jp,2019-01-21T14:29:41.040Z,"36 km SW of Lithakiá, Greece",earthquake,6.7,1.9,0.139,15,reviewed,us,us
2018-10-31T10:25:12.560Z,37.4459,20.8753,10,4.5,mb,,104,1.948,1.1,us,us2000i4iw,2019-01-21T14:29:41.040Z,"30 km S of Lithakiá, Greece",earthquake,6.7,1.9,0.135,16,reviewed,us,us
2018-10-30T23:16:09.380Z,37.3347,20.4786,10,4.3,mb,,136,2.231,1.01,us,us2000i4gb,2019-01-21T14:29:40.040Z,"52 km SW of Lithakiá, Greece",earthquake,6.3,1.9,0.134,16,reviewed,us,us
2018-10-30T19:30:35.860Z,37.2849,20.4171,10,4.5,mb,,58,2.3,1.26,us,us2000i7kw,2019-01-21T14:29:40.040Z,"60 km SW of Lithakiá, Greece",earthquake,6.6,1.9,0.135,16,reviewed,us,us
2018-10-30T18:04:23.790Z,37.4613,20.4858,10,4.5,mwr,,44,2.132,0.86,us,us1000hj7c,2019-01-21T14:29:40.040Z,"41 km SW of Lithakiá, Greece",earthquake,5.2,1.9,0.071,19,reviewed,us,us
2018-10-30T17:40:58.900Z,37.2508,20.6526,10,4.3,mb,,121,2.21,0.89,us,us2000i7kf,2019-01-21T14:29:40.040Z,"54 km SSW of Lithakiá, Greece",earthquake,6.7,1.9,0.148,18,reviewed,us,us
2018-10-30T16:55:53.330Z,37.4052,20.5059,10,4.3,mb,,134,2.163,0.72,us,us1000hj4z,2019-01-21T14:29:40.040Z,"Ionian Sea",earthquake,7.1,2,0.237,5,reviewed,us,us
2018-10-30T16:39:21.940Z,37.5112,20.6109,10,4.6,mb,,98,2.028,1.24,us,us1000hj4g,2019-01-21T14:29:40.040Z,"30 km SW of Lithakiá, Greece",earthquake,6.5,1.9,0.078,49,reviewed,us,us
2018-10-30T15:59:23.100Z,37.4862,20.5513,10,4.5,mb,,103,2.079,0.92,us,us1000hj2t,2019-01-21T14:29:40.040Z,"35 km SW of Lithakiá, Greece",earthquake,6.5,1.9,0.119,21,reviewed,us,us
2018-10-30T15:12:00.610Z,37.5124,20.5076,11,5.7,mww,,36,2.083,0.75,us,us1000hj1l,2022-05-03T19:57:39.090Z,"36 km SW of Lithakiá, Greece",earthquake,5.4,1.8,0.06,27,reviewed,us,us
2018-10-30T14:33:13.780Z,37.2816,20.4141,7.41,4.7,mb,,154,2.304,1.08,us,us1000hj0x,2019-01-21T14:29:40.040Z,"60 km SW of Lithakiá, Greece",earthquake,7.5,5.9,0.087,40,reviewed,us,us
2018-10-30T13:09:50.130Z,37.6008,20.5222,10,4.6,mb,,101,2.011,1.36,us,us2000i7k7,2019-01-21T14:29:39.040Z,"30 km WSW of Lithakiá, Greece",earthquake,4.4,1.9,0.314,5,reviewed,us,us
2018-10-30T12:49:03.860Z,37.6496,20.5252,10,4.7,mwr,,101,1.975,0.91,us,us1000hizl,2019-01-21T14:29:39.040Z,"27 km WSW of Mouzaki, Greece",earthquake,5.5,1.9,0.083,14,reviewed,us,us
2018-10-30T11:25:15.720Z,37.6421,20.2458,10,4.6,mb,,67,2.097,1.06,us,us1000hiyy,2019-01-21T14:29:39.040Z,"49 km WSW of Katastárion, Greece",earthquake,6.6,1.9,0.098,31,reviewed,us,us
2018-10-30T09:45:19.750Z,37.4943,20.5014,10,4.2,mb,,148,2.099,0.7,us,us2000i7k4,2019-01-21T14:29:39.040Z,"38 km SW of Lithakiá, Greece",earthquake,6.6,1.7,0.304,3,reviewed,us,us
2018-10-30T09:24:58.300Z,36.8137,20.2605,10,4.1,mwr,,109,2.747,0.63,us,us2000i7l2,2019-01-21T14:29:39.040Z,"112 km SSW of Lithakiá, Greece",earthquake,6.2,1.9,0.098,10,reviewed,us,us
2018-10-30T08:32:26.240Z,37.477,20.4661,15.75,5.1,mww,,55,2.131,0.88,us,us1000hiy9,2019-01-21T14:29:39.040Z,"41 km SW of Lithakiá, Greece",earthquake,6.3,4.6,0.073,18,reviewed,us,us
2018-10-30T06:34:15.880Z,37.7553,20.4428,10,4.6,mb,,141,1.952,1,us,us1000hix3,2019-01-21T14:29:39.040Z,"28 km WSW of Katastárion, Greece",earthquake,6.1,1.8,0.132,17,reviewed,us,us
2018-10-30T04:57:30.980Z,37.8117,20.5505,10,4.2,mb,,95,1.987,0.72,us,us2000i7jl,2019-01-21T14:29:39.040Z,"18 km W of Katastárion, Greece",earthquake,4.8,1.8,0.235,5,reviewed,us,us
2018-10-30T03:20:39.280Z,37.6116,20.2538,10,4.6,mb,,86,2.128,0.64,us,us1000hiwj,2019-01-21T14:29:39.040Z,"50 km WSW of Katastárion, Greece",earthquake,6.8,1.9,0.098,31,reviewed,us,us
2018-10-30T02:59:58.200Z,37.5857,20.4876,10,5.1,mww,,36,2.191,0.72,us,us1000hivt,2019-01-21T14:29:39.040Z,"33 km WSW of Lithakiá, Greece",earthquake,5.9,1.8,0.11,8,reviewed,us,us
2018-10-29T22:22:13.600Z,37.3595,20.6068,10,4.5,mb,,152,2.434,0.82,us,us1000his4,2019-01-21T14:29:38.040Z,"44 km SSW of Lithakiá, Greece",earthquake,8.5,1.9,0.089,37,reviewed,us,us
2018-10-29T15:45:33.710Z,37.3797,20.7869,10,4.4,mb,,99,2.455,0.7,us,us2000i61p,2019-01-21T14:29:38.040Z,"37 km S of Lithakiá, Greece",earthquake,6.7,2,0.267,4,reviewed,us,us
2018-10-29T15:18:19.230Z,37.8114,20.4291,10,4.6,mb,,141,1.961,0.39,us,us2000i61n,2019-01-21T14:29:38.040Z,"28 km W of Katastárion, Greece",earthquake,4,2,0.315,3,reviewed,us,us
2018-10-29T15:01:38.460Z,37.3137,20.5177,10,4.4,mb,,136,2.461,0.8,us,us1000hij7,2019-01-21T14:29:38.040Z,"52 km SSW of Lithakiá, Greece",earthquake,7.1,1.9,0.162,15,reviewed,us,us
2018-10-29T12:30:16.290Z,37.3949,20.876,10,4.5,mb,,133,2.464,1.31,us,us1000hihq,2019-01-21T14:29:37.040Z,"36 km S of Lithakiá, Greece",earthquake,7.2,1.9,0.156,12,reviewed,us,us
2018-10-29T11:29:33.230Z,37.4217,20.3897,10,4.7,mb,,144,2.334,1.15,us,us1000hih1,2019-01-21T14:29:37.040Z,"51 km SW of Lithakiá, Greece",earthquake,4.6,1.9,0.143,15,reviewed,us,us
2018-10-29T08:30:29.110Z,37.2079,20.2175,10,4.6,mb,,140,2.522,0.9,us,us2000i61b,2019-01-21T14:29:37.040Z,"78 km SW of Lithakiá, Greece",earthquake,6.9,1.9,0.095,33,reviewed,us,us
2018-10-29T05:10:48.720Z,37.4325,20.4765,10,4.4,mb,,115,2.338,1.14,us,us2000i61d,2019-01-21T14:29:37.040Z,"44 km SW of Lithakiá, Greece",earthquake,7.2,1.8,0.17,10,reviewed,us,us
2018-10-29T04:52:12.990Z,37.5707,20.5185,10,4.4,mb,,102,2.212,1.18,us,us1000hidk,2019-01-21T14:29:37.040Z,"32 km WSW of Lithakiá, Greece",earthquake,6.6,1.7,0.155,12,reviewed,us,us
2018-10-28T21:01:06.160Z,37.2275,21.0707,18.56,4.4,mb,,72,2.675,0.6,us,us2000i5zs,2019-01-10T17:18:44.040Z,"46 km W of Filiatrá, Greece",earthquake,4.9,6.6,0.149,13,reviewed,us,us
2018-10-28T20:34:07.580Z,37.1596,21.0351,10,4.5,mb,,139,2.728,1.33,us,us1000hia3,2019-01-10T17:18:41.040Z,"48 km W of Filiatrá, Greece",earthquake,5.3,1.9,0.192,8,reviewed,us,us
2018-10-28T19:00:07.750Z,37.4308,20.5347,10,4.6,mb,,149,2.35,0.99,us,us1000hi9l,2019-01-10T17:18:41.040Z,"41 km SW of Lithakiá, Greece",earthquake,4.5,1.9,0.158,12,reviewed,us,us
2018-10-28T17:40:19.260Z,37.0875,20.5578,10,4.5,mb,,185,2.688,1.36,us,us2000i5zj,2019-01-10T17:18:44.040Z,"74 km SSW of Lithakiá, Greece",earthquake,9.7,2,0.205,7,reviewed,us,us
2018-10-28T14:52:22.730Z,37.8256,20.4692,4.9,4.5,mb,,159,1.956,0.66,us,us2000i5ze,2019-01-10T17:18:44.040Z,"25 km W of Katastárion, Greece",earthquake,7.1,7.5,0.27,5,reviewed,us,us
2018-10-28T13:59:38.560Z,37.4669,20.5263,10,4.3,ml,,133,2.314,0.54,us,us1000hi83,2019-01-10T17:18:40.040Z,"Ionian Sea",earthquake,3.5,2,,,reviewed,us,the
2018-10-28T10:02:26.730Z,35.8212,21.7103,10,4.7,mb,,123,2.646,1.28,us,us1000hi7b,2019-01-10T17:18:40.040Z,"110 km SSW of Koróni, Greece",earthquake,8.1,1.9,0.066,70,reviewed,us,us
2018-10-28T05:32:50.510Z,37.3222,20.4931,10,4.4,mb,,105,2.448,0.6,us,us1000hi5d,2019-01-10T17:18:40.040Z,"53 km SW of Lithakiá, Greece",earthquake,4.1,2,0.148,13,reviewed,us,us
2018-10-28T03:24:15.890Z,37.47,20.3725,10,4.5,mb,,100,2.284,1.27,us,us1000hi4u,2019-01-10T17:18:40.040Z,"48 km SW of Lithakiá, Greece",earthquake,7.1,1.9,0.132,17,reviewed,us,us
2018-10-27T23:39:50.420Z,37.3306,20.7085,10,4.3,mb,,100,2.483,1.12,us,us1000hi3x,2019-01-10T17:18:40.040Z,"44 km SSW of Lithakiá, Greece",earthquake,6.4,1.9,0.168,10,reviewed,us,us
2018-10-27T21:23:50.400Z,37.5203,20.4512,10,4.4,mb,,148,2.248,1.36,us,us2000i5hw,2019-01-10T17:18:43.040Z,"40 km WSW of Lithakiá, Greece",earthquake,7.1,2,0.202,7,reviewed,us,us
2018-10-27T20:44:25.730Z,37.517,20.4499,10,4.6,mb,,132,2.251,1.08,us,us1000hi37,2019-01-10T17:18:40.040Z,"40 km SW of Lithakiá, Greece",earthquake,6.6,2,0.158,12,reviewed,us,us
2018-10-27T18:33:11.410Z,37.5811,20.7159,10,4.7,mb,,58,2.246,1.04,us,us1000hi1t,2019-01-10T17:18:40.040Z,"18 km SSW of Lithakiá, Greece",earthquake,4.8,1.7,0.092,36,reviewed,us,us
2018-10-27T14:33:26.000Z,37.3049,20.5933,10,4.6,mb,,117,2.484,1.32,us,us1000hhzx,2019-01-10T17:18:39.040Z,"50 km SSW of Lithakiá, Greece",earthquake,7.6,1.9,0.245,6,reviewed,us,us
2018-10-27T10:13:42.020Z,37.3091,20.5889,10,4.3,mb,,56,2.479,0.8,us,us1000hhy2,2019-01-10T17:18:39.040Z,"50 km SSW of Lithakiá, Greece",earthquake,4.2,1.9,0.123,19,reviewed,us,us
2018-10-27T07:59:33.470Z,37.3876,20.6432,10,4.3,mb,,134,2.414,0.7,us,us2000i5h3,2019-01-10T17:18:43.040Z,"40 km SSW of Lithakiá, Greece",earthquake,7.3,1.9,0.189,8,reviewed,us,us
2018-10-27T06:10:07.710Z,37.4361,20.5536,10,4.5,mb,,133,2.349,1.13,us,us1000hhwi,2019-01-10T17:18:39.040Z,"39 km SW of Lithakiá, Greece",earthquake,7.3,2,0.181,9,reviewed,us,us
2018-10-27T05:28:46.440Z,37.4858,20.6615,10,4.7,mb,,45,2.324,0.98,us,us1000hhw6,2019-01-10T17:18:39.040Z,"29 km SSW of Lithakiá, Greece",earthquake,5.2,1.9,0.095,34,reviewed,us,us
2018-10-27T01:35:05.210Z,35.5077,23.0379,33.11,4.4,mb,,109,1.528,0.9,us,us1000hhuq,2019-01-10T17:18:39.040Z,"55 km W of Kíssamos, Greece",earthquake,7.2,5.7,0.112,23,reviewed,us,us
2018-10-27T00:05:35.500Z,37.5257,20.6726,10,4.6,mb,,101,2.289,1.3,us,us1000hhts,2019-01-10T17:18:39.040Z,"25 km SSW of Lithakiá, Greece",earthquake,6.8,1.9,0.107,26,reviewed,us,us
2018-10-26T23:51:37.070Z,37.4047,20.879,10,4.6,mb,,37,2.455,0.95,us,us1000hhtj,2019-01-10T17:18:39.040Z,"35 km S of Lithakiá, Greece",earthquake,5.5,1.9,0.07,60,reviewed,us,us
2018-10-26T22:47:21.670Z,37.4964,20.5827,10,4.2,mb,,160,2.999,1.1,us,us2000i5cl,2019-01-10T17:18:43.040Z,"33 km SW of Lithakiá, Greece",earthquake,7.1,1.9,0.2,7,reviewed,us,us
2018-10-26T22:40:55.600Z,37.2297,20.6023,10,4.2,mb,,102,2.558,1.06,us,us1000hht9,2019-01-10T17:18:39.040Z,"57 km SSW of Lithakiá, Greece",earthquake,7,2,0.121,19,reviewed,us,us
2018-10-26T21:58:58.580Z,37.1608,20.6371,10,4.5,mb,,102,2.632,0.8,us,us1000hhsp,2019-01-10T17:18:39.040Z,"64 km SSW of Lithakiá, Greece",earthquake,4.4,1.9,0.106,26,reviewed,us,us
2018-10-26T20:27:43.030Z,37.4894,20.4526,10,4.5,mb,,132,2.278,1.28,us,us1000hhr0,2019-01-10T17:18:39.040Z,"41 km SW of Lithakiá, Greece",earthquake,5.9,1.9,0.128,19,reviewed,us,us
2018-10-26T20:21:02.500Z,37.4103,20.5993,10,4.9,mb,,65,2.383,0.7,us,us1000hhqw,2019-01-10T17:18:39.040Z,"39 km SSW of Lithakiá, Greece",earthquake,6.5,1.9,0.084,46,reviewed,us,us
2018-10-26T19:34:27.560Z,37.1908,20.5632,10,4.6,mb,,139,2.589,0.98,us,us1000hhpn,2019-01-10T17:18:39.040Z,"63 km SSW of Lithakiá, Greece",earthquake,6.4,1.8,0.137,18,reviewed,us,us
2018-10-26T19:27:35.860Z,37.2712,20.6219,10,4.5,mb,,76,2.522,1.32,us,us1000hhpg,2019-01-10T17:18:39.040Z,"53 km SSW of Lithakiá, Greece",earthquake,6.6,1.9,0.111,28,reviewed,us,us
2018-10-26T16:48:28.020Z,37.4603,20.6739,10,4.6,mb,,78,2.351,1.45,us,us1000hhls,2019-01-10T17:18:39.040Z,"31 km SSW of Lithakiá, Greece",earthquake,6.5,1.9,0.316,3,reviewed,us,us
2018-10-26T16:35:36.330Z,37.3895,20.6941,10,4.5,mb,,79,2.424,1.29,us,us1000hhll,2019-01-10T17:18:38.040Z,"38 km SSW of Lithakiá, Greece",earthquake,6.6,1.9,0.181,9,reviewed,us,us
2018-10-26T16:07:09.310Z,37.4603,20.5648,10,4.7,mb,,44,2.328,1.38,us,us1000hhl9,2019-01-10T17:18:38.040Z,"37 km SW of Lithakiá, Greece",earthquake,6.8,1.9,0.092,36,reviewed,us,us
2018-10-26T13:56:46.000Z,37.3466,20.5459,10,4.8,mb,,104,2.434,1.15,us,us1000hhjs,2019-01-10T17:18:38.040Z,"48 km SSW of Lithakiá, Greece",earthquake,6.7,1.9,0.087,41,reviewed,us,us
2018-10-26T12:41:12.950Z,37.5468,20.5651,10,5.1,mww,,39,2.244,0.96,us,us1000hhj7,2022-05-03T19:36:58.380Z,"30 km SW of Lithakiá, Greece",earthquake,5.5,1.9,0.061,26,reviewed,us,us
2018-10-26T12:11:16.720Z,37.536,20.5056,10,4.3,mwr,,102,2.243,0.7,us,us1000hhis,2019-01-10T17:18:38.040Z,"35 km SW of Lithakiá, Greece",earthquake,6.5,1.9,0.098,10,reviewed,us,us
2018-10-26T12:03:36.410Z,37.6096,20.8428,10,4.9,mb,,86,2.254,1,us,us2000i5by,2019-01-10T17:18:43.040Z,"12 km S of Lithakiá, Greece",earthquake,6.7,1.9,0.056,102,reviewed,us,us
2018-10-26T12:03:17.050Z,38.9756,22.5114,10,4.9,mb,,43,1.126,0.91,us,us1000hhim,2022-05-03T19:36:53.076Z,"10 km NNE of Rodhítsa, Greece",earthquake,4.8,1.8,0.062,83,reviewed,us,us
2018-10-26T11:26:29.320Z,37.6119,20.9521,10,4.3,mwr,,99,2.284,0.98,us,us1000hhic,2019-01-10T17:18:38.040Z,"16 km SE of Lithakiá, Greece",earthquake,6.4,1.8,0.093,11,reviewed,us,us
2018-10-26T11:25:10.180Z,37.6062,20.2586,10,4.6,mb,,130,2.134,1.06,us,us2000i5bk,2019-01-10T17:18:42.040Z,"50 km WSW of Katastárion, Greece",earthquake,6.1,2,0.274,4,reviewed,us,us
2018-10-26T10:57:07.040Z,37.3264,20.6713,10,4.4,mwr,,104,2.479,1.12,us,us1000hhi3,2019-01-10T17:18:38.040Z,"45 km SSW of Lithakiá, Greece",earthquake,4.2,1.9,0.083,14,reviewed,us,us
2018-10-26T10:20:32.230Z,37.2984,20.4413,10,4.4,mb,,105,2.463,0.72,us,us1000hhhq,2019-01-10T17:18:38.040Z,"58 km SW of Lithakiá, Greece",earthquake,7.3,1.9,0.203,7,reviewed,us,us
2018-10-26T10:14:23.920Z,37.3681,20.3491,10,4.6,mb,,86,2.38,1.01,us,us1000hhhp,2019-01-10T17:18:38.040Z,"57 km SW of Lithakiá, Greece",earthquake,6.1,1.8,0.063,76,reviewed,us,us
2018-10-26T09:54:05.160Z,37.7021,20.8912,10,4.7,mb,,44,2.182,1.19,us,us1000hhhf,2019-01-10T17:18:38.040Z,"5 km ESE of Lithakiá, Greece",earthquake,6.3,1.9,0.083,44,reviewed,us,us
2018-10-26T09:45:54.760Z,37.3255,20.7101,10,4.6,mb,,64,2.489,0.72,us,us1000hhh8,2019-01-10T17:18:38.040Z,"44 km SSW of Lithakiá, Greece",earthquake,5.9,1.3,0.096,32,reviewed,us,us
2018-10-26T09:33:52.680Z,37.4735,20.1578,10,4.4,mb,,150,2.253,0.98,us,us2000i5bt,2019-01-10T17:18:42.040Z,"65 km WSW of Lithakiá, Greece",earthquake,7.8,2,0.268,4,reviewed,us,us
2018-10-26T08:40:50.070Z,37.3353,20.5656,10,4.5,mb,,136,2.449,0.99,us,us1000hhgk,2019-01-10T17:18:38.040Z,"48 km SSW of Lithakiá, Greece",earthquake,4,1.9,0.242,5,reviewed,us,us
2018-10-26T08:03:11.020Z,37.404,20.4979,10,4.6,mb,,101,2.369,0.67,us,us1000hhgh,2019-01-10T17:18:38.040Z,"45 km SW of Lithakiá, Greece",earthquake,7.3,1.9,0.129,18,reviewed,us,us
2018-10-26T07:36:12.050Z,37.3766,20.5577,10,4.4,mb,,138,2.407,0.89,us,us1000hhg6,2019-01-10T17:18:38.040Z,"45 km SSW of Lithakiá, Greece",earthquake,7.3,1.9,0.127,18,reviewed,us,us
2018-10-26T07:08:38.760Z,37.4902,20.7992,10,4.4,mb,,104,2.354,0.76,us,us2000i5b9,2019-01-10T17:18:42.040Z,"25 km S of Lithakiá, Greece",earthquake,7,1.9,0.203,7,reviewed,us,us
2018-10-26T07:00:14.630Z,37.5965,20.7841,10,4.6,mb,,133,2.25,0.79,us,us2000i5bh,2019-01-10T17:18:42.040Z,"14 km SSW of Lithakiá, Greece",earthquake,7.4,2,0.192,8,reviewed,us,us
2018-10-26T06:44:07.970Z,37.4745,20.5931,10,4.6,mb,,132,2.32,0.81,us,us1000hhfr,2019-01-10T17:18:38.040Z,"34 km SW of Lithakiá, Greece",earthquake,6.7,1.9,0.103,28,reviewed,us,us
2018-10-26T06:32:12.870Z,37.4013,20.8508,10,4.6,mb,,131,2.451,0.82,us,us1000hhfm,2019-01-10T17:18:38.040Z,"35 km S of Lithakiá, Greece",earthquake,2.6,1.9,0.107,26,reviewed,us,us
2018-10-26T06:20:51.410Z,37.4805,20.4524,10,4.5,mb,,105,2.287,0.68,us,us1000hhfi,2019-01-10T17:18:38.040Z,"42 km SW of Lithakiá, Greece",earthquake,6.9,1.9,0.104,27,reviewed,us,us
2018-10-26T06:02:14.290Z,37.212,20.5243,10,4.8,mb,,168,2.561,0.58,us,us2000i5b7,2019-01-10T17:18:42.040Z,"62 km SSW of Lithakiá, Greece",earthquake,5,1.9,0.134,17,reviewed,us,us
2018-10-26T06:00:56.120Z,37.4502,20.5955,10,4.7,mb,,133,2.344,0.69,us,us2000i5b6,2019-01-10T17:18:42.040Z,"36 km SW of Lithakiá, Greece",earthquake,4.6,1.9,0.097,32,reviewed,us,us
2018-10-26T05:48:37.100Z,37.489,20.6009,10,5.1,mww,,36,2.308,0.84,us,us1000hhf8,2022-05-03T19:36:45.189Z,"32 km SW of Lithakiá, Greece",earthquake,6.1,1.8,0.089,12,reviewed,us,us
2018-10-26T04:00:48.100Z,37.3651,20.7466,10,4.5,mb,,108,3.054,1.02,us,us1000hhek,2019-01-10T17:18:38.040Z,"40 km S of Lithakiá, Greece",earthquake,8.3,1.9,0.18,9,reviewed,us,us
2018-10-26T02:36:05.920Z,37.4218,20.801,10,4.7,mb,,165,2.419,1.4,us,us1000hhee,2019-01-10T17:18:38.040Z,"33 km S of Lithakiá, Greece",earthquake,8.8,2,0.195,8,reviewed,us,us
2018-10-26T02:28:42.830Z,37.2316,20.6556,10,4.5,mb,,108,2.567,1.25,us,us1000hhdu,2019-01-10T17:18:37.040Z,"56 km SSW of Lithakiá, Greece",earthquake,4.3,1.9,0.14,16,reviewed,us,us
2018-10-26T02:17:32.190Z,37.3675,20.593,10,4.7,mb,,136,2.423,1.33,us,us1000hhdn,2019-01-10T17:18:37.040Z,"44 km SSW of Lithakiá, Greece",earthquake,8,1.9,0.138,16,reviewed,us,us
2018-10-26T02:09:30.240Z,37.3065,20.6225,10,4.8,mb,,137,2.488,1.06,us,us1000hhdh,2022-08-08T09:28:59.543Z,"49 km SSW of Lithakiá, Greece",earthquake,8,1.9,0.114,24,reviewed,us,us
2018-10-26T01:46:40.020Z,37.3568,20.7129,10,4.6,mb,,135,2.459,1.28,us,us2000i5ba,2019-01-10T17:18:42.040Z,"41 km SSW of Lithakiá, Greece",earthquake,7.5,1.9,0.193,8,reviewed,us,us
2018-10-26T01:16:36.540Z,37.3647,20.7562,10,4.5,mb,,161,2.462,1.07,us,us2000i5aj,2019-01-10T17:18:42.040Z,"39 km S of Lithakiá, Greece",earthquake,8.9,1.9,0.18,10,reviewed,us,us
2018-10-26T01:06:04.540Z,37.4059,20.8466,10,5,mb,,36,2.446,1.31,us,us1000hhcr,2019-01-10T17:18:37.040Z,"34 km S of Lithakiá, Greece",earthquake,6.3,1.8,0.043,174,reviewed,us,us
2018-10-26T00:44:32.990Z,37.428,20.3496,10,4.6,mb,,134,2.322,0.7,us,us2000i5ah,2019-01-10T17:18:42.040Z,"53 km SW of Lithakiá, Greece",earthquake,6.8,2,0.274,4,reviewed,us,us
2018-10-26T00:32:54.260Z,37.7243,20.3475,10,5,mb,,52,2.031,0.85,us,us1000hhcb,2019-01-10T17:18:37.040Z,"37 km WSW of Katastárion, Greece",earthquake,6.2,1.8,0.054,108,reviewed,us,us
2018-10-26T00:23:11.230Z,37.5251,20.8454,10,4.7,mb,,36,2.333,1.16,us,us1000hhc6,2019-01-10T17:18:37.040Z,"21 km S of Lithakiá, Greece",earthquake,5.9,1.9,0.064,75,reviewed,us,us
2018-10-26T00:13:38.830Z,37.5155,20.5743,10,4.9,mb,,36,2.276,0.94,us,us1000hhc3,2019-01-10T17:18:37.040Z,"31 km SW of Lithakiá, Greece",earthquake,6.2,1.9,0.051,123,reviewed,us,us
2018-10-26T00:01:56.110Z,37.4787,20.603,10,4.3,mb,,131,2.318,0.79,us,us2000i5ag,2019-01-10T17:18:42.040Z,"33 km SW of Lithakiá, Greece",earthquake,7.2,1.9,0.169,10,reviewed,us,us
2018-10-25T23:53:44.640Z,37.6375,20.6329,10,4.5,mb,,132,2.173,0.95,us,us2000i4mr,2019-01-10T17:18:42.040Z,"19 km WSW of Lithakiá, Greece",earthquake,4.8,2,0.191,8,reviewed,us,us
2018-10-25T23:44:05.480Z,37.4078,20.6536,10,4.8,mb,,134,2.397,0.92,us,us2000i4ms,2019-01-10T17:18:42.040Z,"37 km SSW of Lithakiá, Greece",earthquake,7.1,1.9,0.21,7,reviewed,us,us
2018-10-25T23:31:41.610Z,37.5394,20.5293,10,4.4,mb,,135,2.244,1.02,us,us2000i4mu,2019-01-10T17:18:42.040Z,"33 km SW of Lithakiá, Greece",earthquake,7.2,1.9,0.17,10,reviewed,us,us
2018-10-25T23:19:44.740Z,37.485,20.4886,10,4.4,mb,,164,2.289,0.52,us,us2000i4ml,2019-01-10T17:18:42.040Z,"39 km SW of Lithakiá, Greece",earthquake,7.8,2,0.155,12,reviewed,us,us
2018-10-25T23:09:21.420Z,37.2426,20.6146,10,5.1,mb,,81,2.548,1.12,us,us1000hhba,2019-01-10T17:18:37.040Z,"56 km SSW of Lithakiá, Greece",earthquake,5.3,1.9,0.068,71,reviewed,us,us
2018-10-25T22:54:52.630Z,37.5203,20.5565,14,6.8,mww,,15,2.268,0.82,us,us1000hhb1,2022-05-03T19:36:42.091Z,"32 km SW of Lithakiá, Greece",earthquake,4.9,1.7,0.043,51,reviewed,us,us
2018-10-25T22:22:54.760Z,37.4501,20.5853,10,5.1,mb,,28,2.342,0.92,us,us1000hhay,2019-01-10T17:18:37.040Z,"36 km SW of Lithakiá, Greece",earthquake,5.7,1.8,0.036,251,reviewed,us,us
2018-10-23T22:07:56.730Z,37.9307,21.2609,49.52,4.2,mb,,120,2.115,0.68,us,us1000hh4a,2019-01-10T17:18:37.040Z,"0 km WSW of Lechainá, Greece",earthquake,7.4,13.3,0.187,8,reviewed,us,us
2018-10-18T03:12:42.810Z,37.18,20.5312,10,4.4,mb,,107,2.593,1.06,us,us1000hdqx,2018-12-21T22:27:04.040Z,"65 km SSW of Lithakiá, Greece",earthquake,7.1,1.9,0.169,10,reviewed,us,us
2018-10-18T00:28:52.710Z,36.0878,21.6623,10,4.2,mb,,118,2.745,1.31,us,us1000hg3k,2018-12-21T22:27:09.040Z,"81 km S of Methóni, Greece",earthquake,6.9,1.9,0.132,16,reviewed,us,us
2018-10-17T22:03:17.990Z,37.398,20.633,17.48,4.6,mb,,48,2.402,1,us,us1000hdme,2018-12-21T22:27:03.040Z,"39 km SSW of Lithakiá, Greece",earthquake,6.1,5.2,0.1,30,reviewed,us,us
2018-10-15T09:02:47.070Z,40.5458,23.4446,7.19,4.5,mb,,61,0.853,0.92,us,us1000hc9g,2018-12-21T22:27:01.040Z,"8 km S of Néa Apollonía, Greece",earthquake,4.6,2.9,0.145,14,reviewed,us,us
2018-10-12T19:28:59.040Z,36.703,21.4352,10,4.2,mb,,162,3.137,0.65,us,us1000hde7,2018-12-21T21:15:54.040Z,"27 km WSW of Methóni, Greece",earthquake,4.6,2,0.215,8,reviewed,us,us
2018-10-12T00:37:31.550Z,36.8614,21.2673,10,4.4,mb,,63,3.073,1.28,us,us1000haw8,2018-12-21T21:15:50.040Z,"38 km W of Pýlos, Greece",earthquake,5.6,1.8,0.096,31,reviewed,us,us
2018-10-07T00:10:47.940Z,34.7928,19.4261,10,4,mb,,194,4.141,0.65,us,us1000hb3i,2018-12-14T20:32:47.040Z,"272 km NNW of T?krah, Libya",earthquake,4.6,2,0.365,2,reviewed,us,us
2018-09-30T13:15:57.300Z,35.0695,26.2618,75.83,4.9,mb,,69,0.876,0.81,us,us1000h4mx,2018-12-01T16:43:38.040Z,"14 km S of Palekastro, Greece",earthquake,4.3,6.9,0.04,194,reviewed,us,us
2018-09-27T10:21:49.480Z,36.8055,21.4351,10,5.4,mww,,49,3.176,1.12,us,us1000h36s,2022-05-03T19:31:49.751Z,"24 km W of Methóni, Greece",earthquake,5.8,1.9,0.054,33,reviewed,us,us
2018-09-26T02:52:17.970Z,35.3997,26.5057,62.81,4.4,mb,,62,0.554,1.06,us,us2000hk2d,2018-12-01T16:45:23.040Z,"32 km NE of Palekastro, Greece",earthquake,5.6,6.2,0.073,54,reviewed,us,us
2018-09-20T01:54:46.610Z,34.9468,23.1374,10,4.5,mb,,56,1.476,0.96,us,us2000hhe0,2018-11-27T15:52:00.040Z,"58 km WSW of Palaióchora, Greece",earthquake,3,1.9,0.111,24,reviewed,us,us
2018-09-18T02:48:43.920Z,38.1651,21.5396,8.55,4.2,mb,,44,1.058,0.94,us,us2000hg7a,2018-11-27T15:51:58.040Z,"1 km NNW of Káto Acha?a, Greece",earthquake,5.3,5.8,0.115,21,reviewed,us,us
2018-09-14T01:22:04.720Z,37.9334,22.0367,29.97,4.5,mb,,84,1.111,1.16,us,us2000heea,2018-11-21T18:19:11.040Z,"12 km SSW of Kalávryta, Greece",earthquake,7,7.7,0.156,12,reviewed,us,us
2018-09-09T05:25:14.740Z,39.7259,20.4235,14.46,4,mwr,,77,0.484,0.99,us,us2000hbd8,2022-10-08T22:23:32.081Z,"16 km NE of Filiátes, Greece",earthquake,4.5,4.7,0.071,19,reviewed,us,us
2018-09-07T22:34:35.830Z,38.8585,26.4139,10,3.3,ml,,68,2.043,0.85,us,us2000hard,2018-11-14T17:40:18.040Z,"13 km SSE of Plomári, Greece",earthquake,4.1,2,0.076,23,reviewed,us,us
2018-09-06T23:53:35.080Z,38.8844,26.3833,10,4.1,mb,,43,2.014,1.07,us,us2000h9xj,2018-11-14T17:40:16.040Z,"10 km S of Plomári, Greece",earthquake,5.2,1.9,0.157,11,reviewed,us,us
2018-09-01T19:48:49.390Z,35.0679,25.9457,15.41,4.2,mb,,119,0.892,0.79,us,us2000h6l4,2018-11-07T18:37:08.040Z,"18 km ENE of Kentrí, Greece",earthquake,6.6,5.7,0.106,25,reviewed,us,us
2018-08-31T08:26:23.140Z,39.2664,21.6774,10,4.4,mb,,120,1.518,0.94,us,us2000h5x0,2018-11-07T18:37:07.040Z,"11 km SSW of Morfovoúni, Greece",earthquake,6.8,1.9,0.138,15,reviewed,us,us
2018-08-31T07:12:25.340Z,39.3299,21.683,10.44,5.1,mww,,56,1.464,0.93,us,us2000h5w7,2022-05-03T19:28:39.872Z,"6 km WSW of Morfovoúni, Greece",earthquake,5,3.2,0.052,35,reviewed,us,us
2018-08-22T10:07:05.400Z,38.2945,21.8053,10,4.3,mb,,81,2.11,0.96,us,us1000gf9d,2018-11-01T17:50:54.040Z,"1 km SE of Aktaío, Greece",earthquake,6.8,2,0.188,8,reviewed,us,us
2018-08-19T05:46:10.740Z,36.2423,25.7788,135.23,4.2,mb,,96,0.288,0.66,us,us1000gd2i,2018-10-27T16:22:06.040Z,"32 km ESE of Emporeío, Greece",earthquake,10,9.6,0.118,20,reviewed,us,us
2018-08-18T03:26:51.000Z,38.4079,21.8091,10,4.2,mb,,80,2.038,1.22,us,us1000gc2x,2018-10-27T16:22:05.040Z,"2 km NW of Náfpaktos, Greece",earthquake,3.6,1.9,0.216,6,reviewed,us,us
2018-08-11T15:38:33.550Z,41.5869,20.1018,10,5.1,mww,,26,0.299,0.94,us,us1000g6wx,2022-05-03T19:26:56.297Z,"8 km ESE of Burrel, Albania",earthquake,4.3,1.3,0.062,25,reviewed,us,us
2018-08-02T06:56:53.520Z,36.8632,21.395,10,4.5,mb,,57,0.528,0.91,us,us1000g1mh,2022-08-08T06:46:20.812Z,"27 km WSW of Pýlos, Greece",earthquake,6,1.9,0.075,52,reviewed,us,us
2018-07-31T14:22:38.690Z,38.272,21.6043,35,4.1,mb,,108,0.942,1.19,us,us1000g2mw,2018-10-16T15:34:05.040Z,"10 km SSE of Galatás, Greece",earthquake,4.6,2,0.302,3,reviewed,us,us
2018-07-31T09:51:22.010Z,36.7224,21.2759,10,4.3,mb,,96,0.691,0.6,us,us2000gi1m,2018-10-16T15:34:16.040Z,"39 km WSW of Methóni, Greece",earthquake,3.1,1.9,0.126,18,reviewed,us,us
2018-07-29T04:08:18.120Z,37.4233,22.1001,10,4.1,mb,,77,0.281,0.96,us,us2000gggc,2018-10-09T16:43:30.040Z,"4 km WNW of Megalópoli, Greece",earthquake,3.6,2,0.214,6,reviewed,us,us
2018-07-26T08:17:51.670Z,37.5928,26.6904,10,4.5,mb,,48,1.568,0.84,us,us2000ge8i,2018-10-09T16:43:20.040Z,"14 km S of Marathókampos, Greece",earthquake,3.6,1.8,0.086,39,reviewed,us,us
2018-07-18T06:49:46.220Z,39.7875,20.6902,10,4.4,mb,,85,0.838,1.26,us,us2000g7rj,2022-08-08T06:10:17.042Z,"5 km SW of Asprángeloi, Greece",earthquake,4.6,1.9,0.115,23,reviewed,us,us
2018-07-17T13:05:06.770Z,41.0374,19.5735,10,4.6,mb,,43,0.378,0.77,us,us2000g6z6,2018-10-04T14:15:24.040Z,"8 km WSW of Rrogozhinë, Albania",earthquake,5.6,1.9,0.069,63,reviewed,us,us
2018-07-14T14:25:44.160Z,36.6069,26.9769,151.29,4.4,mb,,61,1.003,1.18,us,us2000g4zi,2018-10-02T16:40:41.040Z,"14 km W of Mandráki, Greece",earthquake,7.6,8.2,0.098,30,reviewed,us,us
2018-07-14T05:08:46.850Z,37.6916,21.8369,10,4.3,mb,,49,0.516,0.9,us,us2000g4w4,2018-10-02T16:40:40.040Z,"10 km E of Lálas, Greece",earthquake,3.9,1.9,0.143,14,reviewed,us,us
2018-07-13T12:42:41.300Z,35.033,25.9702,10,4.7,mb,,51,0.92,0.91,us,us2000g3yw,2022-05-03T19:22:10.441Z,"19 km E of Kentrí, Greece",earthquake,5,1.8,0.044,153,reviewed,us,us
2018-07-12T19:56:47.110Z,38.6814,26.4476,10,3.1,ml,,71,1.664,0.68,us,us2000g3gz,2022-08-08T06:01:36.480Z,"7 km NW of Karaburun, Turkey",earthquake,5.1,2,0.064,32,reviewed,us,us
2018-07-09T00:58:59.760Z,38.2995,22.7358,109.18,3.9,mb,,67,0.785,0.56,us,us2000g43n,2018-10-02T16:40:37.040Z,"7 km SW of Kyriáki, Greece",earthquake,4.7,9.6,0.229,5,reviewed,us,us
2018-07-08T20:32:15.920Z,35.4599,22.9403,55.61,4.5,mb,,111,1.602,1.09,us,us2000fzwd,2018-09-27T14:03:45.040Z,"64 km W of Kíssamos, Greece",earthquake,7.8,6.1,0.065,69,reviewed,us,us
2018-07-07T01:10:05.370Z,36.6795,21.4392,39.85,4,mb,,162,0.632,0.89,us,us2000g334,2018-09-27T14:03:47.040Z,"28 km WSW of Methóni, Greece",earthquake,7.4,13.4,0.232,5,reviewed,us,us
2018-07-05T22:49:00.670Z,41.461,19.4763,7.52,4.1,mb,,37,0.312,1.09,us,us2000fxwb,2022-08-08T05:41:07.038Z,"14 km NNW of Shijak, Albania",earthquake,4.4,5.7,0.124,18,reviewed,us,us
2018-07-05T21:39:05.370Z,38.0092,21.2637,18.21,4.3,mwr,,36,0.981,0.99,us,us2000fxu1,2018-09-27T14:03:41.040Z,"8 km N of Lechainá, Greece",earthquake,5.4,4,0.047,43,reviewed,us,us
2018-07-05T02:09:29.640Z,41.4885,19.5129,10,3.5,ml,,45,0.298,0.75,us,us2000fx70,2022-08-08T05:48:08.260Z,"16 km NW of Vorë, Albania",earthquake,4,1.7,0.076,23,reviewed,us,us
2018-07-05T00:48:57.250Z,41.4766,19.5133,11.67,4.2,mb,,43,0.293,0.7,us,us2000fx6g,2018-09-27T14:03:41.040Z,"15 km NW of Vorë, Albania",earthquake,4.8,7.2,0.235,5,reviewed,us,us
2018-07-04T13:33:28.380Z,41.4291,19.4439,10,3.3,ml,,44,0.325,0.79,us,us2000fwuz,2018-09-27T14:03:40.040Z,"11 km N of Durrës, Albania",earthquake,2.6,2,0.077,22,reviewed,us,us
2018-07-04T11:24:20.040Z,41.4267,19.5149,10,4.4,mb,,30,0.273,0.98,us,us2000fws9,2018-09-27T14:03:40.040Z,"10 km NNW of Shijak, Albania",earthquake,3.9,1.9,0.139,15,reviewed,us,us
2018-07-04T09:08:58.050Z,41.4659,19.4906,10,4.3,mb,,31,0.304,0.87,us,us2000fwp1,2018-09-27T14:03:40.040Z,"14 km NNW of Shijak, Albania",earthquake,5.1,1.9,0.168,10,reviewed,us,us
2018-07-04T09:01:09.570Z,41.4466,19.5828,22,5.1,mww,,20,0.233,0.71,us,us2000fwnu,2022-05-03T19:20:49.705Z,"8 km NW of Vorë, Albania",earthquake,1.1,1.9,0.069,20,reviewed,us,us
2018-06-30T00:36:15.830Z,36.6802,21.4336,10,4.2,mb,,114,0.634,1.43,us,us2000frtf,2018-09-21T16:25:59.040Z,"28 km WSW of Methóni, Greece",earthquake,3.4,1.9,0.11,23,reviewed,us,us
2018-06-27T01:00:49.270Z,38.7942,26.3935,10,4.4,mb,,47,2.105,0.91,us,us1000f2x6,2018-09-21T16:25:56.040Z,"20 km S of Plomári, Greece",earthquake,5.3,1.9,0.09,35,reviewed,us,us
2018-06-26T20:48:46.410Z,35.0112,23.1749,33.65,4.3,mb,,114,1.432,0.77,us,us1000f2nk,2018-09-21T16:25:47.040Z,"52 km WSW of Palaióchora, Greece",earthquake,8,6.3,0.075,50,reviewed,us,us
2018-06-25T08:21:56.110Z,40.6612,23.3138,10,4.1,mwr,,31,0.841,0.79,us,us1000f0xl,2018-09-21T16:25:55.040Z,"9 km ENE of Gerakaroú, Greece",earthquake,4.2,1.9,0.093,11,reviewed,us,us
2018-06-25T05:14:44.990Z,36.6404,21.3431,10,5.5,mww,,30,0.711,0.97,us,us1000f0te,2022-05-03T19:20:08.631Z,"37 km WSW of Methóni, Greece",earthquake,4.5,1.7,0.04,60,reviewed,us,us
2018-06-24T00:39:30.770Z,37.4597,21.8523,16.29,4.3,mb,,54,0.286,0.95,us,us1000ezze,2018-09-19T15:15:57.040Z,"18 km E of Zacháro, Greece",earthquake,5,6.3,0.153,12,reviewed,us,us
2018-06-13T01:50:58.340Z,40.3231,19.6405,10,4.4,mb,,66,0.182,1.09,us,us1000epi3,2022-08-08T04:43:33.841Z,"14 km E of Orikum, Albania",earthquake,4.5,1.9,0.072,55,reviewed,us,us
2018-06-12T08:45:14.090Z,34.8634,24.8306,25.92,4.4,mb,,98,0.426,0.91,us,us1000erlr,2018-09-07T17:47:03.040Z,"21 km S of Moíres, Greece",earthquake,7.9,6,0.092,34,reviewed,us,us
2018-06-11T14:07:40.340Z,39.322,24.8611,10,4.4,mb,,45,1.892,0.6,us,us1000enfu,2018-09-07T17:46:59.040Z,"53 km NNE of Skýros, Greece",earthquake,4.1,1.9,0.143,14,reviewed,us,us
2018-06-08T19:27:36.270Z,36.2705,22.7676,10,4.2,mb,,103,1.131,0.96,us,us1000eli7,2018-08-29T16:35:52.040Z,"24 km NW of Kýthira, Greece",earthquake,6.6,1.9,0.159,12,reviewed,us,us
2018-06-08T06:04:13.300Z,34.7047,24.0896,9.62,4.2,mb,,113,0.877,0.81,us,us1000ekz8,2018-08-29T16:35:33.040Z,"14 km S of Kastrí, Greece",earthquake,4.7,7,0.159,11,reviewed,us,us
2018-06-05T08:52:39.470Z,36.5797,22.5932,10,4.9,mb,,67,0.802,0.95,us,us1000eivf,2018-08-29T16:34:00.040Z,"19 km S of Gýtheio, Greece",earthquake,5.8,1.9,0.055,104,reviewed,us,us
2018-05-29T10:25:02.150Z,39.5988,25.9776,16.73,4.3,mb,,46,1.285,0.72,us,us1000edxl,2018-08-28T16:28:20.040Z,"27 km SSW of Bozcaada, Turkey",earthquake,5,7.1,0.119,20,reviewed,us,us
2018-05-27T06:33:29.590Z,40.3229,19.7262,10.73,3.5,ml,,85,0.228,0.99,us,us1000ecwr,2018-08-21T21:23:53.040Z,"21 km E of Orikum, Albania",earthquake,5.2,9,0.148,6,reviewed,us,us
2018-05-22T13:14:59.910Z,34.9363,26.6535,10,4,mb,,129,0.737,1.14,us,us1000ec0q,2018-08-21T21:23:51.040Z,"46 km SE of Palekastro, Greece",earthquake,6.1,1.9,0.259,4,reviewed,us,us
2018-05-20T22:17:56.610Z,34.7376,23.9263,33.89,4.4,mb,,114,0.962,0.86,us,us1000e93s,2018-08-15T19:47:00.040Z,"18 km SW of Kastrí, Greece",earthquake,8.1,3.9,0.075,52,reviewed,us,us
2018-05-19T18:14:40.320Z,40.3208,19.7762,7.48,4.9,mb,,33,0.26,0.87,us,us1000e8mg,2018-08-15T19:46:58.040Z,"17 km W of Memaliaj, Albania",earthquake,2.9,3.7,0.036,245,reviewed,us,us
2018-05-16T22:41:07.800Z,36.4686,22.864,10,4.3,mb,,54,1.034,1.06,us,us1000e6uv,2018-08-15T19:46:54.040Z,"28 km SSW of Géfyra, Greece",earthquake,2.6,1.9,0.202,7,reviewed,us,us
2018-05-16T22:30:03.120Z,36.5121,22.9324,10.44,5,mb,,33,1.046,0.82,us,us1000e6uj,2022-05-03T19:56:39.897Z,"21 km SSW of Géfyra, Greece",earthquake,5.7,3.9,0.046,154,reviewed,us,us
2018-05-14T10:56:45.680Z,40.3092,19.6817,10,4.4,mb,,94,0.213,1.27,us,us1000e4mp,2018-08-15T19:46:50.040Z,"17 km E of Orikum, Albania",earthquake,5.2,1.8,0.12,20,reviewed,us,us
2018-05-03T02:04:34.710Z,40.0364,26.8817,10,4.3,mb,,50,1.067,0.75,us,us1000dwe0,2018-07-27T20:20:31.040Z,"14 km W of Çan, Turkey",earthquake,4.3,1.9,0.137,15,reviewed,us,us
2018-05-02T00:04:52.310Z,35.1647,23.0364,10,4.5,mb,,63,1.522,0.98,us,us1000dvmx,2018-07-27T20:20:32.040Z,"59 km W of Palaióchora, Greece",earthquake,7.2,1.9,0.059,83,reviewed,us,us
2018-05-01T20:50:46.990Z,38.2089,23.8499,3.84,4.3,mb,,41,1.436,0.73,us,us1000dvkc,2018-07-27T20:20:32.040Z,"Greece",earthquake,5.2,1.5,0.096,32,reviewed,us,us
2018-04-25T11:17:25.410Z,36.7397,23.733,91.15,4.2,mb,,88,1.725,0.75,us,us1000drxp,2018-07-25T21:36:39.040Z,"61 km W of Mílos, Greece",earthquake,5.7,8,0.115,21,reviewed,us,us
2018-04-24T11:11:27.450Z,37.4027,20.5076,10,4.4,mb,,100,2.164,1.07,us,us1000dr7u,2018-07-25T21:36:20.040Z,"45 km SW of Lithakiá, Greece",earthquake,6.4,1.9,0.203,7,reviewed,us,us
2018-04-23T07:41:31.330Z,37.4714,20.5371,10,4.6,mwr,,56,2.097,1.2,us,us1000dqj6,2018-07-25T21:35:57.040Z,"37 km SW of Lithakiá, Greece",earthquake,6.1,1.9,0.139,5,reviewed,us,us
2018-04-21T01:34:42.040Z,39.9205,23.7829,13.09,4,mb,,63,1.01,0.83,us,us1000dpph,2018-07-17T02:05:33.040Z,"16 km ESE of Pefkochóri, Greece",earthquake,5.4,2.5,0.233,5,reviewed,us,us
2018-04-21T00:20:06.340Z,39.9731,23.6498,10,4.9,mww,,40,0.9,0.69,us,us1000dpnu,2018-10-31T20:58:32.150Z,"3 km ESE of Pefkochóri, Greece",earthquake,4.5,1.8,0.058,29,reviewed,us,us
2018-04-18T14:32:17.400Z,35.5129,23.3656,10,4.5,mb,,118,1.265,1.12,us,us2000e259,2018-07-17T02:05:30.040Z,"26 km W of Kíssamos, Greece",earthquake,7.6,1.9,0.144,14,reviewed,us,us
2018-04-10T18:45:45.630Z,34.945,23.3661,34.99,4,mwr,,112,1.295,1.18,us,us2000dxpk,2018-07-07T02:25:17.040Z,"42 km SW of Palaióchora, Greece",earthquake,3.1,5.7,0.08,15,reviewed,us,us
2018-04-10T15:56:19.220Z,36.6591,26.1356,10.8,4.9,mb,,36,1.386,0.91,us,us2000dxk8,2018-07-07T02:25:16.040Z,"22 km WNW of Astypálaia, Greece",earthquake,5.4,4.3,0.051,120,reviewed,us,us
2018-04-10T13:17:07.560Z,40.2615,19.4481,13.75,4.1,mb,,61,0.21,1.22,us,us2000dxsn,2018-07-07T02:25:16.040Z,"7 km SSW of Orikum, Albania",earthquake,2.5,6.3,0.262,4,reviewed,us,us
2018-04-10T11:42:22.830Z,40.5786,24.1604,10,4.1,mb,,60,1.186,0.89,us,us2000dxhi,2018-07-07T02:25:16.040Z,"27 km SSW of Elaiochóri, Greece",earthquake,2.6,2,0.301,3,reviewed,us,us
2018-04-08T14:37:33.930Z,39.2221,19.9557,37.18,4.3,mb,,54,0.505,0.71,us,us2000dwg0,2018-06-30T01:11:34.040Z,"20 km W of Gáïos, Greece",earthquake,5.3,8.1,0.088,36,reviewed,us,us
2018-04-08T14:23:26.190Z,37.9004,20.529,10,4.3,mb,,139,1.806,1.16,us,us2000dwfp,2018-06-30T01:11:34.040Z,"21 km WNW of Katastárion, Greece",earthquake,5.9,2,0.168,10,reviewed,us,us
2018-04-06T11:33:55.550Z,34.9476,22.6358,10,4.3,mb,,160,1.878,0.95,us,us2000dzla,2018-06-30T01:11:30.040Z,"100 km WSW of Palaióchora, Greece",earthquake,7.1,1.9,0.111,23,reviewed,us,us
2018-04-03T10:24:58.180Z,36.4442,25.377,10,4.2,mb,,78,1.219,0.97,us,us1000ddk6,2018-06-30T01:11:26.040Z,"2 km S of Oía, Greece",earthquake,5.4,1.4,0.077,47,reviewed,us,us
2018-04-02T09:46:32.520Z,35.3946,26.5111,10,4.3,mb,,70,0.551,1.31,us,us1000dccv,2018-06-30T01:11:24.040Z,"31 km NE of Palekastro, Greece",earthquake,3.9,1.9,0.106,25,reviewed,us,us
2018-03-31T19:01:47.940Z,34.8235,24.5604,29.96,4.2,mb,,172,0.536,1.07,us,us2000dvkx,2018-06-22T21:32:18.040Z,"32 km SSW of Agía Galíni, Greece",earthquake,7.4,8.1,0.16,11,reviewed,us,us
2018-03-28T13:28:10.930Z,37.8745,20.3067,10,4.4,mb,,95,1.878,1.09,us,us1000da4s,2018-06-22T21:32:12.040Z,"37 km SSW of Argostólion, Greece",earthquake,6.5,1.9,0.135,16,reviewed,us,us
2018-03-27T08:11:53.280Z,39.1854,20.6489,10,4.2,mb,,182,0.844,0.64,us,us1000d9gg,2018-06-22T21:32:10.040Z,"6 km SE of Kanaláki, Greece",earthquake,4.3,1.9,0.136,15,reviewed,us,us
2018-03-13T11:02:28.820Z,37.3641,20.9313,10,4.4,mb,,56,1.99,1.02,us,us1000d3s9,2018-06-11T21:53:42.040Z,"40 km SSE of Lithakiá, Greece",earthquake,6.2,1.9,0.095,32,reviewed,us,us
2018-03-05T06:05:50.210Z,35.3294,22.1886,10,4.5,mb,,111,2.209,1.32,us,us2000dcay,2018-06-08T05:12:09.040Z,"116 km SW of Kýthira, Greece",earthquake,7.5,1.9,0.104,27,reviewed,us,us
2018-02-28T21:37:24.880Z,35.5214,22.4355,35,4.4,mb,,180,2.018,1.2,us,us1000d26d,2018-05-27T01:06:06.040Z,"85 km SW of Kýthira, Greece",earthquake,4.8,2,0.269,4,reviewed,us,us
2018-02-25T15:21:15.480Z,38.5744,25.5872,12.89,4.5,mb,,38,2.345,0.58,us,us2000d7pi,2018-05-22T02:00:27.040Z,"4 km NNE of Psará, Greece",earthquake,2,5.6,0.145,17,reviewed,us,us
2018-02-24T07:51:42.630Z,36.2537,22.0675,10,4.3,mb,,151,2.489,1.45,us,us2000d7bw,2018-05-22T02:00:25.040Z,"60 km S of Koróni, Greece",earthquake,7,1.9,0.129,17,reviewed,us,us
2018-02-22T07:07:49.630Z,38.1756,21.5924,10,4.1,mb,,102,1.025,1.33,us,us2000d69x,2018-05-22T02:00:22.040Z,"4 km NE of Káto Acha?a, Greece",earthquake,5.8,1.9,0.158,11,reviewed,us,us
2018-02-21T23:44:56.360Z,37.8538,20.3633,20.08,5,mb,,39,1.908,0.94,us,us2000d66w,2018-05-22T02:00:21.040Z,"34 km W of Katastárion, Greece",earthquake,5.7,5,0.049,133,reviewed,us,us
2018-02-20T03:52:54.470Z,39.3187,23.8725,13.6,4.3,mb,,67,1.23,0.65,us,us2000d54h,2018-05-22T02:00:18.040Z,"19 km N of Patitírion, Greece",earthquake,5.4,4.9,0.147,13,reviewed,us,us
2018-02-17T05:33:01.560Z,40.4115,20.6193,10,4.3,mb,,87,0.247,0.98,us,us2000d3r4,2018-05-15T06:29:12.040Z,"9 km NNW of Ersekë, Albania",earthquake,4.4,2,0.218,6,reviewed,us,us
2018-02-14T18:27:06.970Z,36.4852,25.0076,110.77,4.1,mb,,151,0.381,0.63,us,us2000d6z6,2018-05-15T06:29:07.040Z,"17 km SSE of Folégandros, Greece",earthquake,8.3,9.6,0.198,7,reviewed,us,us
2018-02-14T16:31:57.910Z,34.7172,25.3894,31.34,4.2,mb,,112,1.65,0.96,us,us2000d23w,2018-05-15T06:29:06.040Z,"38 km SE of Pýrgos, Greece",earthquake,7.2,6.3,0.067,62,reviewed,us,us
2018-02-12T05:58:18.730Z,39.5756,20.5488,10,3.8,mwr,,53,0.597,0.95,us,us2000d0tm,2018-05-15T06:29:02.040Z,"12 km NNE of Paramythiá, Greece",earthquake,4.3,1.9,0.089,12,reviewed,us,us
2018-02-11T20:32:06.790Z,34.814,25.7992,10,4.2,mb,,113,1.334,0.85,us,us2000d0m5,2018-05-03T22:15:10.040Z,"22 km SSE of Ierápetra, Greece",earthquake,7.3,1.9,0.103,26,reviewed,us,us
2018-01-28T23:17:38.300Z,39.7813,20.6075,10,4,mb,,144,0.629,1.28,us,us2000cqrw,2018-04-20T07:05:35.040Z,"11 km WSW of Asprángeloi, Greece",earthquake,5.6,2,0.184,8,reviewed,us,us
2018-01-28T14:48:32.760Z,37.2353,23.7756,10,4.5,mb,,66,3.209,0.71,us,us2000cqn9,2018-04-20T07:05:34.040Z,"30 km ESE of Ýdra, Greece",earthquake,7,1.9,0.099,30,reviewed,us,us
2018-01-26T22:09:23.410Z,35.9019,24.0503,76.24,4.2,mb,,115,2.555,0.7,us,us2000cq4i,2018-04-20T07:05:27.040Z,"41 km NNW of Mouzourás, Greece",earthquake,7.6,5.9,0.075,52,reviewed,us,us
2018-01-23T23:14:01.500Z,35.1069,23.1995,10,4.6,mb,,60,3.268,0.9,us,us2000cngk,2018-04-20T07:05:12.040Z,"46 km WSW of Palaióchora, Greece",earthquake,7.9,1.9,0.075,53,reviewed,us,us
2018-01-23T12:44:09.310Z,37.7504,20.2078,23.91,4,mb,,183,1.985,1,us,us1000cef3,2018-04-20T07:05:09.040Z,"49 km W of Katastárion, Greece",earthquake,7.4,8.9,0.367,2,reviewed,us,us
2018-01-19T10:10:06.860Z,37.5583,23.809,133.92,4.4,mb,,99,1.864,0.83,us,us2000cl3q,2018-04-10T01:11:47.040Z,"21 km SW of Palaiá Fókaia, Greece",earthquake,7.3,7.8,0.053,103,reviewed,us,us
2018-01-15T23:23:56.170Z,34.9868,26.972,7.87,4.2,mb,,171,0.58,0.94,us,us2000cpy8,2018-04-10T01:11:41.040Z,"47 km S of Fry, Greece",earthquake,1.5,7.4,0.236,5,reviewed,us,us
2018-01-15T20:24:14.770Z,38.2001,23.9352,10,4.3,mb,,67,1.497,1.33,us,us2000cjrm,2018-04-10T01:11:41.040Z,"2 km W of Grammatikó, Greece",earthquake,5,1.8,0.111,23,reviewed,us,us
2018-01-15T19:27:19.690Z,37.8299,22.0354,10,4.4,mb,,137,1.212,1.04,us,us2000cjqn,2018-04-10T01:11:41.040Z,"16 km N of Langádhia, Greece",earthquake,6.9,1.9,0.106,26,reviewed,us,us
2018-01-11T04:52:09.770Z,35.7805,21.906,20.37,4.6,mb,,170,3.252,0.73,us,us2000cpa8,2018-04-03T01:40:25.040Z,"105 km WSW of Kýthira, Greece",earthquake,9.7,6.7,0.128,18,reviewed,us,us
2018-01-07T16:55:59.120Z,37.1718,20.2119,28.49,4.3,mb,,151,2.493,0.77,us,us1000c1rt,2018-03-23T23:16:54.040Z,"81 km SW of Lithakiá, Greece",earthquake,7.8,6.9,0.111,30,reviewed,us,us
2018-01-04T00:15:16.200Z,38.0394,20.3042,10,4.1,mb,,142,1.717,1.34,us,us1000c0bv,2018-03-23T23:16:50.040Z,"21 km SSW of Lixoúri, Greece",earthquake,5.2,1.9,0.233,5,reviewed,us,us
2018-01-02T17:36:34.060Z,41.2591,22.8366,11.19,4.3,mb,,37,1.198,1.07,us,us1000bz2i,2018-03-23T23:16:48.040Z,"0 km SSW of Stathmós Mourión, Greece",earthquake,3.6,4.2,0.125,19,reviewed,us,us
2018-01-02T04:24:17.760Z,41.2843,22.8346,11.84,4.9,mww,,46,1.207,0.76,us,us1000bywx,2018-07-05T10:17:19.010Z,"2 km N of Stathmós Mourión, Greece",earthquake,5,3.7,0.08,15,reviewed,us,us
2018-01-01T22:16:12.720Z,41.1878,22.8614,10,4,mb,,124,1.19,0.57,us,us2000ck23,2018-03-23T23:16:48.040Z,"8 km SSE of Stathmós Mourión, Greece",earthquake,4.4,1.9,0.231,5,reviewed,us,us
2018-01-01T22:13:52.180Z,41.192,22.8689,10,4.4,mb,,51,1.196,0.76,us,us1000byvb,2018-06-10T13:10:08.476Z,"8 km SSE of Stathmós Mourión, Greece",earthquake,4.3,1.9,0.092,34,reviewed,us,us
2017-12-31T04:02:18.500Z,38.2434,22.8609,10,4.8,mww,,37,2.78,0.74,us,us1000byf4,2018-03-17T01:54:40.040Z,"10 km W of Domvraína, Greece",earthquake,6.1,1.8,0.071,19,reviewed,us,us
2017-12-25T23:47:06.390Z,38.6969,20.472,14.51,4.4,mwr,,43,1.142,0.82,us,us1000bw6n,2018-03-17T01:54:35.040Z,"25 km SW of Lefkáda, Greece",earthquake,5.6,4.3,0.075,17,reviewed,us,us
2017-12-25T05:13:51.270Z,38.5826,26.7378,10,4.6,mb,,55,2.37,0.83,us,us1000bvut,2018-03-17T01:54:34.040Z,"9 km S of Foça, Turkey",earthquake,5.9,1.9,0.093,35,reviewed,us,us
2017-12-20T04:18:22.790Z,34.7012,23.453,26.46,4.9,mb,,123,3.154,0.66,us,us1000btgz,2018-03-14T00:58:23.040Z,"59 km WSW of Kastrí, Greece",earthquake,7.4,5.7,0.045,160,reviewed,us,us
2017-12-18T09:42:25.780Z,35.159,22.9795,44.22,4.4,mb,,60,1.569,1.26,us,us2000c5jh,2018-03-14T00:58:22.040Z,"64 km W of Palaióchora, Greece",earthquake,5.5,8.5,0.104,27,reviewed,us,us
2017-12-14T02:08:37.250Z,37.7231,19.8901,20.26,4.3,mb,,99,1.988,0.78,us,us2000c46e,2018-03-06T00:49:40.040Z,"71 km SW of Lixoúri, Greece",earthquake,2.2,7.2,0.123,19,reviewed,us,us
2017-12-13T07:30:06.910Z,34.8847,23.7844,36.1,4.9,mb,,70,0.992,1.18,us,us2000c3ru,2018-03-06T00:49:39.040Z,"28 km WNW of Kastrí, Greece",earthquake,7.6,5.4,0.052,117,reviewed,us,us
2017-12-10T16:04:01.360Z,37.963,21.4163,30.53,4.3,mb,,88,1.279,0.69,us,us2000c4zc,2018-03-06T00:49:35.040Z,"8 km SSE of Várda, Greece",earthquake,6,6.2,0.188,9,reviewed,us,us
2017-12-02T04:01:34.620Z,34.6911,24.3044,9.87,4.1,mb,,174,0.765,0.28,us,us2000c21x,2018-02-20T09:06:11.040Z,"25 km SE of Kastrí, Greece",earthquake,5.2,7.4,0.261,4,reviewed,us,us
2017-11-24T18:51:39.040Z,36.8901,21.4902,10,4.7,mb,,66,2.23,1.2,us,us2000bu4l,2018-02-14T02:01:14.040Z,"18 km W of Pýlos, Greece",earthquake,5.5,1.9,0.078,53,reviewed,us,us
2017-11-22T22:37:34.110Z,40.5713,22.5298,3.22,4.5,mb,,34,0.896,0.78,us,us2000bta3,2019-08-05T12:08:06.160Z,"3 km SW of Tríkala, Greece",earthquake,4.9,4.5,0.093,34,reviewed,us,us
2017-11-20T03:31:10.850Z,38.3839,22.1729,10,4,mb,,77,0.648,1.19,us,us2000brp7,2018-02-14T02:01:06.040Z,"15 km S of Lidoríki, Greece",earthquake,5.2,2,0.195,7,reviewed,us,us
2017-11-15T15:49:52.970Z,34.785,23.9271,33.37,4.2,mb,,217,0.936,0.97,us,us2000btz8,2018-02-06T02:45:35.040Z,"15 km WSW of Kastrí, Greece",earthquake,7.9,8.4,0.136,15,reviewed,us,us
2017-11-10T18:35:46.250Z,34.9125,26.0524,10,4.4,mb,,51,1.024,0.95,us,us2000blmt,2018-01-31T03:04:47.040Z,"30 km ESE of Ierápetra, Greece",earthquake,4.8,1.8,0.065,69,reviewed,us,us
2017-11-04T09:51:15.050Z,37.898,21.4005,10,4.4,mb,,89,1.34,0.65,us,us2000bich,2018-01-24T01:25:08.040Z,"4 km NNE of Synoikismós Chavaríou, Greece",earthquake,2.5,1.9,0.143,14,reviewed,us,us
2017-10-29T07:29:26.950Z,37.2923,21.022,22.49,4.4,mb,,99,2.013,0.75,us,us1000ay9b,2018-01-24T01:24:58.040Z,"50 km SSE of Lithakiá, Greece",earthquake,6.8,7.1,0.083,42,reviewed,us,us
2017-10-23T01:17:35.300Z,37.7987,19.8291,14.43,4.5,mb,,98,1.911,1.13,us,us1000avsy,2018-01-17T21:50:30.040Z,"69 km SW of Lixoúri, Greece",earthquake,7.2,2.6,0.121,20,reviewed,us,us
2017-10-21T19:46:02.390Z,36.3993,22.1347,42,4.1,mb,,164,2.498,0.65,us,us1000axm7,2018-01-11T02:22:11.040Z,"46 km SSE of Koróni, Greece",earthquake,5.3,12.1,0.233,5,reviewed,us,us
2017-10-19T17:09:03.760Z,34.737,24.1799,36.72,4.4,mb,,204,0.801,1.07,us,us1000au75,2018-01-11T02:22:08.040Z,"13 km SE of Kastrí, Greece",earthquake,8.1,9.7,0.092,35,reviewed,us,us
2017-10-15T03:42:42.080Z,34.8013,26.6107,10,4.1,mb,,119,1.493,0.88,us,us1000aser,2018-01-11T02:22:01.040Z,"54 km SE of Palekastro, Greece",earthquake,7,2,0.151,12,reviewed,us,us
2017-10-14T09:55:38.140Z,40.8425,21.2834,10,4.5,mb,,62,0.097,0.68,us,us1000as2z,2018-01-09T02:15:00.040Z,"12 km E of Laimós, Greece",earthquake,3.1,1.9,0.191,8,reviewed,us,us
2017-10-11T22:49:44.820Z,39.1647,24.2379,11.54,5.1,mww,,31,1.487,0.74,us,us1000aqij,2022-05-03T19:01:14.091Z,"32 km E of Patitírion, Greece",earthquake,5.5,3.8,0.062,25,reviewed,us,us
2017-10-09T09:09:11.740Z,38.2445,22.8003,10,4.2,mb,,73,2.76,0.77,us,us2000b2z2,2018-01-09T02:14:52.040Z,"12 km S of Kyriáki, Greece",earthquake,2.5,2,0.175,9,reviewed,us,us
2017-10-09T01:19:29.460Z,37.9639,22.9064,10,4.1,mb,,96,2.586,1.04,us,us2000b2x9,2022-08-07T19:36:15.191Z,"4 km NW of Kórinthos, Greece",earthquake,7.3,2,0.158,11,reviewed,us,us
2017-09-28T21:33:48.330Z,39.9133,19.9439,10.6,3.3,ml,,116,0.652,0.57,us,us2000aw7x,2022-08-07T18:57:46.075Z,"6 km NW of Sarandë, Albania",earthquake,3.2,8.3,0.148,6,reviewed,us,us
2017-09-28T10:00:30.470Z,37.4857,20.8827,10,4.6,mb,,53,1.912,1.09,us,us2000avvi,2017-12-22T21:56:26.040Z,"26 km S of Lithakiá, Greece",earthquake,6.5,1.9,0.165,11,reviewed,us,us
2017-09-22T04:20:23.630Z,39.1427,26.2334,10,4.2,mb,,46,1.369,0.97,us,us2000aszw,2017-12-19T01:54:11.040Z,"8 km NNE of Polichnítos, Greece",earthquake,5.5,2,0.186,10,reviewed,us,us
2017-09-21T20:17:25.730Z,34.8426,26.2841,7.86,4.1,mb,,109,1.005,1.4,us,us2000awq2,2017-12-19T01:54:10.040Z,"39 km S of Palekastro, Greece",earthquake,5.6,6.6,0.145,13,reviewed,us,us
2017-09-20T08:40:09.660Z,37.8741,22.6549,35.41,4.4,mb,,78,1.172,1.07,us,us2000arie,2017-12-19T01:54:08.040Z,"5 km N of Neméa, Greece",earthquake,4.5,11.2,0.17,10,reviewed,us,us
2017-09-18T16:47:12.270Z,40.0912,19.9598,15.74,4.3,mb,,59,0.398,1.14,us,us2000aq1c,2017-12-19T01:54:04.040Z,"15 km W of Gjirokastër, Albania",earthquake,4.7,5,0.101,28,reviewed,us,us
2017-09-17T14:29:34.670Z,39.2721,24.0015,10,4.5,mb,,54,1.319,0.56,us,us2000apie,2022-08-07T17:43:12.059Z,"18 km NE of Patitírion, Greece",earthquake,4.2,1.7,0.118,21,reviewed,us,us
2017-09-11T16:20:15.920Z,39.2104,21.5733,10,5,mb,,62,0.622,1.02,us,us2000ak65,2022-08-07T17:07:39.862Z,"18 km SSE of Anthiró, Greece",earthquake,4.7,1.7,0.04,198,reviewed,us,us
2017-09-10T08:31:54.990Z,38.0722,22.3039,10,4.2,mb,,80,0.947,0.91,us,us2000aj86,2017-12-13T02:29:33.040Z,"9 km S of Akráta, Greece",earthquake,3.3,1.9,0.237,5,reviewed,us,us
2017-08-19T14:37:44.730Z,34.9017,24.1639,42.51,4.3,mb,,142,0.709,1.27,us,us2000abb7,2017-11-14T01:42:15.040Z,"10 km NE of Kastrí, Greece",earthquake,8,11.4,0.147,13,reviewed,us,us
2017-08-18T03:46:51.500Z,34.7634,24.0339,34.69,4.6,mb,,122,0.876,0.95,us,us2000a999,2017-11-14T01:42:13.040Z,"9 km SSW of Kastrí, Greece",earthquake,5,5.7,0.076,51,reviewed,us,us
2017-08-17T19:33:45.900Z,37.6134,20.7414,35,4.1,mb,,129,1.883,1,us,us2000a95b,2022-08-07T16:57:15.292Z,"14 km SSW of Lithakiá, Greece",earthquake,3.2,2,0.198,7,reviewed,us,us
2017-08-16T15:53:28.600Z,36.6036,24.7081,101.5,4.8,mww,,35,0.648,0.81,us,us2000a8sr,2022-08-07T14:56:07.237Z,"19 km W of Folégandros, Greece",earthquake,6.3,4.3,0.083,14,reviewed,us,us
2017-08-11T03:28:33.950Z,35.1183,22.8592,21.99,4.1,mb,,197,1.671,1.1,us,us2000a76s,2017-10-25T00:38:08.040Z,"75 km W of Palaióchora, Greece",earthquake,9.4,10.2,0.139,14,reviewed,us,us
2017-08-05T03:20:53.350Z,39.0204,26.6948,10,4.2,mb,,34,1.108,0.66,us,us2000a50j,2022-08-07T13:57:47.202Z,"12 km ESE of Vareiá, Greece",earthquake,5.1,1.9,0.152,12,reviewed,us,us
2017-07-22T17:25:45.970Z,36.5915,26.7742,140.82,4.6,mb,,40,1.082,0.89,us,us20009zsc,2022-08-07T12:35:13.473Z,"23 km SW of Kéfalos, Greece",earthquake,5,5.6,0.056,96,reviewed,us,us
2017-07-22T02:05:23.170Z,35.2867,25.6111,33.09,4.1,mb,,127,0.589,1.15,us,us20009zjn,2017-08-23T22:40:29.040Z,"3 km N of Neápoli, Greece",earthquake,7.3,4.2,0.174,9,reviewed,us,us
2017-07-21T10:36:55.200Z,34.922,25.4731,10,4.5,mb,,113,0.601,1.14,us,us20009ywt,2022-08-07T12:26:51.406Z,"19 km WSW of Néa Anatolí, Greece",earthquake,5.1,1.9,0.078,48,reviewed,us,us
2017-07-20T07:15:47.110Z,38.4591,21.9462,10,4.2,mwr,,95,0.638,0.76,us,us20009yct,2017-10-11T01:03:58.040Z,"12 km NE of Náfpaktos, Greece",earthquake,5.4,1.9,0.061,26,reviewed,us,us
2017-07-15T21:14:30.620Z,34.9659,25.3503,11.7,4.1,mb,,62,0.495,0.83,us,us20009wnn,2017-07-29T04:44:30.040Z,"18 km ESE of Pýrgos, Greece",earthquake,5.2,4.9,0.117,20,reviewed,us,us
2017-07-15T21:06:05.260Z,35.0128,25.3652,10,4.2,mb,,120,0.476,0.9,us,us20009yf3,2017-07-29T04:04:57.209Z,"17 km SSE of Arkalochóri, Greece",earthquake,4.6,2,0.137,15,reviewed,us,us
2017-07-15T20:30:17.110Z,34.925,25.4294,9.93,5.3,mww,,39,0.571,0.6,us,us20009wn5,2022-08-07T11:59:33.079Z,"23 km WSW of Néa Anatolí, Greece",earthquake,3.8,3.4,0.066,22,reviewed,us,us
2017-07-15T03:05:14.980Z,38.4328,22.0518,8.57,4.4,mb,,78,0.628,1.04,us,us20009wi2,2017-10-06T23:56:19.040Z,"15 km NNE of Kamárai, Greece",earthquake,4.9,5,0.107,25,reviewed,us,us
2017-07-15T01:22:04.560Z,38.4012,22.0177,10,4.6,mb,,79,0.667,0.9,us,us20009whe,2022-08-07T11:56:12.555Z,"Greece",earthquake,4.6,1.9,0.07,61,reviewed,us,us
2017-07-14T10:39:14.870Z,38.4295,21.926,10,4.2,mb,,79,0.672,1.18,us,us20009y2u,2017-10-06T23:56:18.040Z,"9 km ENE of Náfpaktos, Greece",earthquake,3.9,1.6,0.176,9,reviewed,us,us
2017-07-12T22:19:54.290Z,41.1769,20.8736,10,4.2,mb,,58,0.552,0.8,us,us20009vug,2017-10-06T23:56:16.040Z,"3 km E of Kosel, North Macedonia",earthquake,4.9,2,0.303,3,reviewed,us,us
2017-07-12T21:36:31.510Z,37.949,20.549,10,4,mb,,138,1.764,1.12,us,us20009vu9,2017-10-06T23:56:16.040Z,"22 km NW of Katastárion, Greece",earthquake,6.1,2,0.183,8,reviewed,us,us
2017-07-10T21:54:12.600Z,35.3875,22.4834,55.33,4.1,mb,,111,1.97,1.13,us,us100098nf,2017-10-06T23:56:13.040Z,"96 km SSW of Kýthira, Greece",earthquake,3.5,10.3,0.13,16,reviewed,us,us
2017-07-08T20:52:59.410Z,41.1457,20.9098,10,4,mb,,55,0.51,0.53,us,us1000988y,2017-10-03T00:47:55.040Z,"7 km ESE of Kosel, North Macedonia",earthquake,5.1,2,0.299,3,reviewed,us,us
2017-07-08T19:31:34.000Z,41.174,20.8982,4.5,4.1,mb,,28,0.537,0.7,us,us1000988e,2017-10-03T00:47:55.040Z,"5 km E of Kosel, North Macedonia",earthquake,4.8,6.7,0.214,6,reviewed,us,us
2017-07-07T22:54:33.610Z,41.1354,20.8281,10,4.1,mb,,38,0.512,0.57,us,us1000980i,2017-10-03T00:47:54.040Z,"2 km NE of Ohrid, North Macedonia",earthquake,2.2,2,0.212,6,reviewed,us,us
2017-07-07T22:04:12.940Z,41.1637,20.8742,10,4.2,mb,,42,0.542,0.68,us,us10009804,2017-10-03T00:47:54.040Z,"3 km ESE of Kosel, North Macedonia",earthquake,3.8,1.9,0.236,5,reviewed,us,us
2017-07-04T22:05:15.480Z,41.1764,20.8722,2.9,4.1,mb,,46,0.552,0.63,us,us100096s4,2017-10-03T00:47:49.040Z,"3 km E of Kosel, North Macedonia",earthquake,3.9,7.3,0.233,5,reviewed,us,us
2017-07-03T21:34:15.590Z,41.1192,20.8797,10,2.9,ml,,143,0.5,0.47,us,us100098gr,2017-10-03T00:47:47.040Z,"6 km E of Ohrid, North Macedonia",earthquake,1.9,2,0.081,20,reviewed,us,us
2017-07-03T18:30:12.770Z,41.1174,20.8171,10,4.2,mb,,36,0.493,0.76,us,us100097uf,2017-10-03T00:47:47.040Z,"1 km E of Ohrid, North Macedonia",earthquake,4.2,1.9,0.167,10,reviewed,us,us
2017-07-03T18:03:24.560Z,41.1516,20.8914,10,4.2,mb,,43,0.524,0.73,us,us100096h0,2017-10-03T00:47:47.040Z,"5 km ESE of Kosel, North Macedonia",earthquake,5.4,1.9,0.186,8,reviewed,us,us
2017-07-03T13:53:45.100Z,35.0915,26.6299,10,4.5,mb,,68,0.628,0.84,us,us100096da,2017-07-17T20:50:01.040Z,"36 km ESE of Palekastro, Greece",earthquake,1.9,1.9,0.079,47,reviewed,us,us
2017-07-03T11:18:20.360Z,41.1555,20.9338,10,4.8,mb,,40,0.505,0.79,us,us100096cv,2022-05-03T19:58:50.312Z,"8 km NW of Jankovec, North Macedonia",earthquake,3.8,1.9,0.081,47,reviewed,us,us
2017-07-03T01:54:12.330Z,41.1896,20.9651,10,3.4,ml,,65,0.516,1.01,us,us100096aj,2017-10-03T00:47:46.040Z,"9 km NNW of Jankovec, North Macedonia",earthquake,4.1,2,0.081,20,reviewed,us,us
2017-07-02T09:39:09.390Z,41.1119,20.9414,10,4.2,mb,,41,0.47,0.89,us,us100095ur,2017-10-03T00:47:45.040Z,"5 km W of Jankovec, North Macedonia",earthquake,2.4,1.9,0.177,9,reviewed,us,us
2017-07-01T23:55:24.410Z,35.0483,26.6026,10,4.1,mb,,107,0.675,0.67,us,us100097ta,2017-07-14T05:35:26.040Z,"35 km ESE of Palekastro, Greece",earthquake,4.4,1.9,0.261,4,reviewed,us,us
2017-06-27T22:02:10.780Z,37.0135,21.4727,4.29,4.2,mb,,101,0.397,1.37,us,us100096q4,2017-09-27T02:03:16.040Z,"15 km WSW of Gargaliánoi, Greece",earthquake,5.2,3.8,0.263,4,reviewed,us,us
2017-06-27T03:51:14.380Z,38.2226,20.33,10,4.3,mb,,47,1.545,0.96,us,us20009pts,2017-09-27T02:03:14.040Z,"9 km WNW of Lixoúri, Greece",earthquake,2.7,1.9,0.116,21,reviewed,us,us
2017-06-26T22:00:33.790Z,37.6273,20.9074,10,4.4,mb,,99,0.926,1.1,us,us20009psg,2017-09-27T02:03:14.040Z,"12 km SSE of Lithakiá, Greece",earthquake,5,1.9,0.144,14,reviewed,us,us
2017-06-26T10:17:51.430Z,38.2706,20.2725,10,4.3,mb,,93,1.487,1.18,us,us20009pq1,2017-09-27T02:03:13.040Z,"16 km WNW of Lixoúri, Greece",earthquake,5.1,1.9,0.148,13,reviewed,us,us
2017-06-26T05:54:54.290Z,38.7897,26.4667,10,4.1,mb,,47,1.664,1.02,us,us20009ppe,2017-09-27T02:03:13.040Z,"17 km NNW of Karaburun, Turkey",earthquake,4,2,0.262,4,reviewed,us,us
2017-06-25T13:54:42.240Z,38.3536,23.3901,10,4.3,mb,,67,1.65,1.21,us,us20009pmd,2017-09-27T02:03:12.040Z,"6 km ENE of Thívai, Greece",earthquake,6,1.9,0.201,7,reviewed,us,us
2017-06-23T14:15:16.100Z,41.4599,19.8855,25.92,4.1,mb,,39,0.113,0.96,us,us20009p9q,2017-08-23T16:35:48.040Z,"9 km SE of Krujë, Albania",earthquake,5.5,8.1,0.213,6,reviewed,us,us
2017-06-22T02:48:53.110Z,38.8251,26.4665,10,4.8,mwr,,32,1.67,0.76,us,us20009nz3,2022-05-03T19:52:47.215Z,"18 km SSE of Plomári, Greece",earthquake,5.3,1.9,0.075,17,reviewed,us,us
2017-06-21T12:46:02.670Z,35.2917,24.4938,67.84,4.1,mb,,109,0.324,1,us,us20009nvm,2017-08-23T16:35:46.040Z,"8 km S of Rethymno, Greece",earthquake,7.8,9.4,0.13,16,reviewed,us,us
2017-06-20T13:10:35.620Z,41.1564,20.884,10,4.3,mb,,42,0.532,0.52,us,us20009npq,2017-08-23T16:35:45.040Z,"4 km ESE of Kosel, North Macedonia",earthquake,3.9,1.6,0.238,5,reviewed,us,us
2017-06-19T04:55:37.460Z,38.0599,21.1517,14.78,4.5,mb,,75,1.072,0.87,us,us20009niz,2017-08-23T16:35:44.040Z,"13 km N of Kyllíni, Greece",earthquake,4.6,4.9,0.081,44,reviewed,us,us
2017-06-18T15:23:33.310Z,38.0084,21.2236,10,4.4,mb,,74,0.998,1.22,us,us20009nfp,2017-08-23T16:35:44.040Z,"9 km NNW of Lechainá, Greece",earthquake,5.8,1.9,0.127,18,reviewed,us,us
2017-06-17T19:50:04.790Z,38.8864,26.4186,7.74,5.2,mww,,28,1.72,0.69,us,us20009nb8,2022-05-03T18:59:47.098Z,"10 km SSE of Plomári, Greece",earthquake,4.9,3.5,0.041,58,reviewed,us,us
2017-06-17T19:33:33.640Z,38.7923,26.5164,12.71,4.2,mb,,50,1.626,0.79,us,us20009nb3,2017-08-18T23:13:32.040Z,"17 km N of Karaburun, Turkey",earthquake,5.3,6.3,0.187,8,reviewed,us,us
2017-06-17T03:40:37.360Z,38.8989,26.2153,10,4.6,mb,,30,1.877,0.86,us,us20009n8a,2017-08-18T23:13:31.040Z,"15 km WSW of Plomári, Greece",earthquake,5.1,1.9,0.072,57,reviewed,us,us
2017-06-16T23:42:45.010Z,36.8473,22.9898,74.58,4.4,mwr,,90,0.914,0.65,us,us20009n7d,2017-08-18T23:13:31.040Z,"10 km NNE of Sykiá, Greece",earthquake,5.3,5,0.052,36,reviewed,us,us
2017-06-14T04:35:56.500Z,38.8707,26.4023,17.85,4.3,mb,,39,1.729,0.75,us,us20009mas,2017-08-18T23:13:26.040Z,"11 km SSE of Plomári, Greece",earthquake,5.2,5.4,0.138,15,reviewed,us,us
2017-06-12T14:19:47.860Z,38.8811,26.3197,10,4.4,mb,,50,2.022,0.71,us,us20009lye,2017-08-18T23:13:24.040Z,"11 km SSW of Plomári, Greece",earthquake,5.9,1.9,0.144,14,reviewed,us,us
2017-06-12T12:28:39.150Z,38.9296,26.365,12,6.3,mww,,55,1.77,0.76,us,us20009ly0,2022-05-03T19:52:27.633Z,"5 km S of Plomári, Greece",earthquake,5.3,1.7,0.035,78,reviewed,us,us
2017-05-31T20:30:13.330Z,36.5648,26.0241,134.42,4.2,mb,,79,0.494,1.19,us,us10008wxg,2017-08-15T02:26:49.040Z,"29 km W of Astypálaia, Greece",earthquake,7.2,6.5,0.115,21,reviewed,us,us
2017-05-24T10:30:58.120Z,41.5653,20.1873,10,4.5,mb,,27,0.326,0.73,us,us10008ut6,2017-08-10T01:34:00.040Z,"8 km NNW of Bulqizë, Albania",earthquake,2.5,1.9,0.082,44,reviewed,us,us
2017-05-20T09:12:26.390Z,35.0233,26.6283,10,4.1,mb,,129,0.68,1.14,us,us10008vg9,2017-06-09T06:11:12.040Z,"39 km ESE of Palekastro, Greece",earthquake,4.8,2,0.234,5,reviewed,us,us
2017-05-17T16:34:22.220Z,37.7621,22.1364,10,4.2,mb,,59,0.606,1.27,us,us10008utx,2017-05-29T03:12:43.040Z,"12 km NE of Langádhia, Greece",earthquake,2.9,2,0.236,5,reviewed,us,us
2017-05-14T04:46:08.770Z,38.8768,21.9962,22.8,4.4,mb,,39,0.301,1.09,us,us10008saz,2017-08-05T03:32:06.040Z,"11 km WSW of Spercheiáda, Greece",earthquake,5.3,6.7,0.095,32,reviewed,us,us
2017-05-03T13:53:25.240Z,35.2678,26.8566,8.67,4.2,mb,,105,0.373,1.48,us,us10008nua,2017-05-14T06:07:08.040Z,"17 km SSW of Fry, Greece",earthquake,5,5.6,0.108,24,reviewed,us,us
2017-05-02T22:47:29.680Z,35.3116,26.8555,12.31,4.2,mb,,54,0.342,0.95,us,us10008nmd,2017-05-17T04:13:57.040Z,"13 km SSW of Fry, Greece",earthquake,2.8,4.7,0.077,47,reviewed,us,us
2017-05-02T13:36:50.450Z,38.0222,20.3736,10,4.5,mb,,135,1.492,1.36,us,us10008mzs,2017-07-29T03:16:16.040Z,"20 km SSW of Argostólion, Greece",earthquake,6.1,1.9,0.128,18,reviewed,us,us
2017-05-01T11:02:39.530Z,38.1834,20.3958,10,4.3,mb,,131,1.574,1.15,us,us10008mee,2017-07-29T03:16:10.040Z,"4 km WSW of Lixoúri, Greece",earthquake,4.3,1.8,0.188,8,reviewed,us,us
2017-04-28T13:54:23.640Z,36.4951,26.9591,152.59,4.1,mb,,65,0.96,1.16,us,us10008p88,2017-07-21T02:32:10.040Z,"20 km SW of Mandráki, Greece",earthquake,7.8,9.6,0.303,3,reviewed,us,us
2017-04-27T17:09:52.040Z,35.2004,21.3701,10,4.4,mb,,180,2.024,0.74,us,us10008lc3,2017-07-21T02:32:08.040Z,"180 km SW of Kýthira, Greece",earthquake,7.9,1.9,0.123,19,reviewed,us,us
2017-04-27T12:04:27.400Z,35.3977,21.4538,10,4.9,mb,,59,1.817,0.95,us,us10008l9j,2025-12-22T17:22:54.274Z,"159 km S of Methóni, Greece",earthquake,6.3,1.8,0.045,158,reviewed,us,us
2017-04-24T14:45:12.930Z,37.8213,21.0566,10,4.4,mb,,88,0.942,0.91,us,us10008k9g,2017-07-21T02:32:04.040Z,"5 km WSW of Arkoúdi, Greece",earthquake,4.1,1.9,0.267,4,reviewed,us,us
2017-04-07T15:50:29.440Z,38.5324,23.4408,10,4.3,mb,,62,0.991,1.15,us,us10008fi8,2017-06-23T07:26:34.040Z,"5 km N of Loukísia, Greece",earthquake,4.9,1.9,0.16,11,reviewed,us,us
2017-04-07T13:23:38.220Z,35.16,23.6458,18.4,4.5,mb,,145,1.026,1.45,us,us10008fh2,2017-06-23T07:26:34.040Z,"8 km SSW of Palaióchora, Greece",earthquake,8.5,2,0.271,4,reviewed,us,us
2017-04-07T04:43:58.580Z,40.0444,23.6915,10,4.3,mb,,34,1.464,1.04,us,us10008fdh,2017-11-05T17:16:29.359Z,"9 km NE of Pefkochóri, Greece",earthquake,2.1,1.9,0.099,29,reviewed,us,us
2017-04-05T21:51:21.050Z,37.0603,20.9697,27.77,4.3,mb,,58,0.772,0.88,us,us10008f22,2017-06-23T07:26:33.040Z,"55 km W of Filiatrá, Greece",earthquake,5.6,6.3,0.108,24,reviewed,us,us
2017-04-05T15:43:29.360Z,38.3848,21.8137,10,4.8,mb,,64,0.755,0.98,us,us10008enh,2017-06-23T07:26:32.040Z,"1 km WSW of Náfpaktos, Greece",earthquake,6.2,1.9,0.072,59,reviewed,us,us
2017-04-01T23:46:33.740Z,39.789,20.6552,14.25,4.1,mb,,59,0.666,1.09,us,us10008dva,2017-06-16T23:08:07.040Z,"7 km WSW of Asprángeloi, Greece",earthquake,3.5,6.1,0.197,7,reviewed,us,us
2017-03-30T05:12:27.780Z,34.8963,24.8388,52.36,4.4,mb,,66,0.393,0.65,us,us10008d82,2017-06-16T23:08:03.040Z,"17 km S of Moíres, Greece",earthquake,3.6,6.8,0.082,43,reviewed,us,us
2017-03-25T19:53:00.600Z,39.3786,20.479,10,4,mb,,65,0.624,1.19,us,us20008umz,2017-06-12T19:46:57.040Z,"10 km SSW of Paramythiá, Greece",earthquake,4.3,1.9,0.164,10,reviewed,us,us
2017-03-24T15:19:06.750Z,39.5392,26.1339,12.17,4.4,mb,,37,1.353,0.98,us,us20008ubd,2017-06-12T19:46:55.040Z,"17 km WNW of Behram, Turkey",earthquake,3.1,7,0.19,8,reviewed,us,us
2017-03-24T04:24:30.760Z,37.5969,23.9111,167.87,4.6,mb,,64,1.635,0.82,us,us20008u70,2017-06-12T19:46:55.040Z,"14 km SSW of Palaiá Fókaia, Greece",earthquake,6.8,7.4,0.06,82,reviewed,us,us
2017-03-11T21:37:27.920Z,34.9181,22.8432,40.09,4,mb,,113,1.718,0.75,us,us20008ssc,2017-05-31T01:59:02.040Z,"84 km WSW of Palaióchora, Greece",earthquake,5.3,9.4,0.138,14,reviewed,us,us
2017-03-08T07:55:01.360Z,35.653,24.5068,68.47,4.4,mb,,91,0.48,1.2,us,us100087nf,2017-05-31T01:58:57.040Z,"30 km NNW of Pánormos, Greece",earthquake,8.2,9.5,0.098,30,reviewed,us,us
2017-03-03T23:17:00.080Z,35.3873,25.8746,18.95,4.4,mwr,,41,0.811,0.86,us,us100086vm,2017-05-24T02:48:15.040Z,"19 km NE of Eloúnda, Greece",earthquake,5.6,4.3,0.057,30,reviewed,us,us
2017-02-28T23:27:33.770Z,39.521,26.1249,8.66,4.6,mwr,,35,1.361,0.77,us,us100085uc,2017-05-24T02:48:11.040Z,"17 km NNW of Míthymna, Greece",earthquake,4.5,3.7,0.052,36,reviewed,us,us
2017-02-28T22:02:01.030Z,37.9046,20.1366,10,4.3,mb,,136,1.595,1.23,us,us100085tz,2017-05-24T02:48:11.040Z,"42 km SW of Lixoúri, Greece",earthquake,5.7,1.9,0.119,20,reviewed,us,us
2017-02-28T12:47:37.560Z,39.6369,23.2549,10,4.4,mwr,,41,0.749,0.92,us,us20008mxl,2017-05-24T02:48:10.040Z,"24 km NNE of Zagorá, Greece",earthquake,4.8,1.8,0.069,20,reviewed,us,us
2017-02-26T23:38:32.630Z,35.122,23.211,31.81,4.2,mb,,157,1.384,0.82,us,us20008mke,2017-05-24T02:48:09.040Z,"44 km WSW of Palaióchora, Greece",earthquake,9.3,8.8,0.091,34,reviewed,us,us
2017-02-25T18:14:32.260Z,34.7503,22.9906,24.47,4,mb,,219,1.648,1.35,us,us100086tw,2017-05-17T01:19:40.040Z,"82 km SW of Palaióchora, Greece",earthquake,10.6,9.7,0.211,6,reviewed,us,us
2017-02-23T01:55:14.270Z,39.5446,26.1064,5.24,4.2,mwr,,33,1.35,0.8,us,us20008lng,2017-05-17T01:19:36.040Z,"20 km WNW of Behram, Turkey",earthquake,4.3,4.5,0.075,17,reviewed,us,us
2017-02-19T22:58:40.200Z,37.8687,22.6092,6.97,4.5,mb,,75,0.877,0.8,us,us20008kuc,2017-05-17T01:19:32.040Z,"7 km NW of Neméa, Greece",earthquake,2.8,5.7,0.1,29,reviewed,us,us
2017-02-16T00:19:00.240Z,39.5439,26.1208,7.1,4.5,mwr,,33,1.351,0.87,us,us20008k41,2017-05-13T01:03:21.040Z,"19 km WNW of Behram, Turkey",earthquake,4.4,4.2,0.066,22,reviewed,us,us
2017-02-15T23:01:23.840Z,34.7047,24.9022,25.94,4.6,mb,,62,0.582,0.71,us,us20008k3m,2017-05-13T01:03:21.040Z,"38 km S of Moíres, Greece",earthquake,2.8,4.7,0.06,82,reviewed,us,us
2017-02-12T13:48:16.090Z,39.6004,26.0884,6.01,5.3,mww,,41,1.294,0.52,us,us20008jcc,2022-05-03T18:11:14.317Z,"24 km WNW of Behram, Turkey",earthquake,4.9,3.6,0.055,32,reviewed,us,us
2017-02-10T08:55:26.860Z,39.5487,26.1913,9.82,4.5,mwr,,35,1.308,0.89,us,us20008ivd,2022-05-03T18:57:33.907Z,"13 km WNW of Behram, Turkey",earthquake,4.6,4.3,0.06,27,reviewed,us,us
2017-02-08T02:16:14.050Z,39.5417,26.1499,10,3.9,mwr,,39,1.34,0.87,us,us20008idk,2017-05-09T01:24:30.040Z,"16 km WNW of Behram, Turkey",earthquake,5,1.9,0.078,16,reviewed,us,us
2017-02-08T01:38:03.780Z,39.544,26.1724,10,4.5,mwr,,32,1.322,0.74,us,us20008idh,2017-05-09T01:24:30.040Z,"14 km WNW of Behram, Turkey",earthquake,4.1,1.8,0.057,30,reviewed,us,us
2017-02-07T22:53:30.290Z,39.5268,26.1476,12.77,4.3,mb,,42,1.343,1.05,us,us20008icm,2017-05-09T01:24:30.040Z,"16 km WNW of Behram, Turkey",earthquake,4.8,5.6,0.308,5,reviewed,us,us
2017-02-07T21:35:00.940Z,39.5276,26.1532,16.23,4.3,mb,,32,1.339,0.65,us,us20008ibx,2017-05-09T01:24:30.040Z,"15 km WNW of Behram, Turkey",earthquake,4.4,6.3,0.178,9,reviewed,us,us
2017-02-07T21:00:54.360Z,39.5687,26.1652,6.1,4.5,mb,,32,1.326,0.67,us,us20008ibf,2017-05-09T01:24:30.040Z,"16 km WNW of Behram, Turkey",earthquake,1.5,4.7,0.085,41,reviewed,us,us
2017-02-07T10:03:04.610Z,35.0106,25.2424,10,4.3,mb,,160,0.4,1.25,us,us20008kj4,2017-05-09T01:24:29.040Z,"8 km E of Pýrgos, Greece",earthquake,3.3,1.8,0.154,12,reviewed,us,us
2017-02-07T05:17:09.110Z,39.495,26.253,10,4.6,mb,,41,1.265,1.04,us,us20008kiw,2017-05-09T01:24:29.040Z,"6 km W of Behram, Turkey",earthquake,4.3,1.9,0.206,10,reviewed,us,us
2017-02-07T05:15:53.020Z,39.5644,26.2389,10,4.4,mb,,54,1.27,1.2,us,us20008i3b,2017-05-09T01:24:29.040Z,"11 km NW of Behram, Turkey",earthquake,3.7,2,0.17,10,reviewed,us,us
2017-02-07T02:24:04.150Z,39.5279,26.0993,8.38,5.3,mww,,33,1.366,0.62,us,us20008i2k,2022-05-03T18:10:57.614Z,"18 km NNW of Míthymna, Greece",earthquake,4.4,3.5,0.046,46,reviewed,us,us
2017-02-06T14:26:10.780Z,38.1643,22.0478,49.43,4.4,mb,,78,0.884,1.14,us,us20008kib,2017-05-09T01:24:28.040Z,"9 km SSW of Aígio, Greece",earthquake,1.9,10.5,0.149,13,reviewed,us,us
2017-02-06T11:45:01.970Z,39.5394,26.1373,10,4.9,mb,,42,1.35,0.85,us,us20008hwu,2017-05-09T01:24:28.040Z,"17 km WNW of Behram, Turkey",earthquake,2,1.9,0.14,16,reviewed,us,us
2017-02-06T10:58:02.270Z,39.5734,26.0755,7.21,5.2,mww,,33,1.32,1.01,us,us20008hwm,2022-05-03T18:10:46.472Z,"23 km WNW of Behram, Turkey",earthquake,4.4,3.5,0.061,26,reviewed,us,us
2017-02-06T04:17:29.690Z,39.4891,26.1056,13.06,4.4,mb,,33,1.379,0.93,us,us20008hv5,2017-05-09T01:24:28.040Z,"14 km NNW of Míthymna, Greece",earthquake,5.7,6.2,0.202,7,reviewed,us,us
2017-02-06T03:51:40.640Z,39.5986,26.0647,10,5.3,mww,,33,1.295,0.65,us,us20008hv1,2022-05-03T18:12:03.225Z,"25 km WNW of Behram, Turkey",earthquake,4.5,1.7,0.047,43,reviewed,us,us
2017-02-05T00:13:33.990Z,40.6531,19.6669,12.12,4,mb,,41,0.225,1.06,us,us20008hqf,2017-05-09T01:24:26.040Z,"1 km NE of Patos Fshat, Albania",earthquake,5.2,5.2,0.233,5,reviewed,us,us
2017-01-29T13:11:55.170Z,36.3114,22.0023,30.58,4.5,mb,,111,0.867,0.76,us,us10007w19,2017-04-27T01:38:37.040Z,"53 km S of Koróni, Greece",earthquake,8.5,6.4,0.106,26,reviewed,us,us
2017-01-28T21:45:50.640Z,38.6758,20.5125,26.29,4,mb,,177,1.175,1.1,us,us10007vz0,2017-04-19T18:31:03.040Z,"23 km SW of Lefkáda, Greece",earthquake,6,9.8,0.231,5,reviewed,us,us
2017-01-27T17:07:56.090Z,40.8327,19.8572,5,4.5,mwr,,33,0.456,0.9,us,us10007vrf,2017-04-19T18:31:02.040Z,"1 km ENE of Banaj, Albania",earthquake,5.1,1.8,0.073,18,reviewed,us,us
2017-01-25T18:50:51.790Z,35.3583,26.4196,56.63,5.2,mww,,41,1.252,0.91,us,us10007vdu,2025-12-22T17:22:25.809Z,"23 km NE of Palekastro, Greece",earthquake,5.6,5.2,,,reviewed,us,us
2017-01-24T10:00:04.280Z,37.1552,21.107,21.8,4.4,mb,,153,0.654,1.11,us,us10007v54,2017-04-19T18:30:57.040Z,"42 km W of Filiatrá, Greece",earthquake,5.5,8.2,0.143,14,reviewed,us,us
2017-01-22T10:29:19.570Z,34.8995,23.1049,33.68,4.1,mb,,225,1.514,0.89,us,us20008i57,2017-04-19T18:30:55.040Z,"64 km SW of Palaióchora, Greece",earthquake,10.5,10.1,0.174,9,reviewed,us,us
2017-01-22T09:22:19.510Z,35.4986,23.9863,10,2.8,ml,,202,0.767,0.6,us,us10007ux0,2017-04-19T18:30:55.040Z,"1 km E of Darátsos, Greece",earthquake,5.6,2,0.097,14,reviewed,us,us
2017-01-16T02:45:42.210Z,34.7884,23.8065,23.27,4.4,mb,,124,2.831,0.91,us,us10007tfk,2017-04-12T02:28:57.040Z,"26 km WSW of Kastrí, Greece",earthquake,8.9,7.2,0.084,41,reviewed,us,us
2017-01-15T04:03:21.330Z,39.5607,26.1037,10.59,4.3,mb,,68,1.334,0.87,us,us10007tc3,2017-04-12T02:28:56.040Z,"21 km WNW of Behram, Turkey",earthquake,4.1,8.9,0.201,7,reviewed,us,us
2017-01-15T03:37:19.660Z,35.1161,23.1649,10,4.4,mb,,114,2.289,1.21,us,us10007tbx,2017-04-12T02:28:56.040Z,"48 km WSW of Palaióchora, Greece",earthquake,8.2,1.9,0.084,41,reviewed,us,us
2017-01-14T22:38:59.370Z,39.5702,26.1046,3.38,4.4,mwr,,44,1.324,0.59,us,us10007tbf,2017-04-01T00:26:13.040Z,"21 km WNW of Behram, Turkey",earthquake,4.9,4.2,0.069,20,reviewed,us,us
2017-01-13T12:12:05.620Z,37.1471,22.1895,10,4.5,mb,,145,0.213,0.92,us,us10007t33,2017-04-01T00:26:11.040Z,"12 km E of Arfará, Greece",earthquake,4.7,1.8,0.118,21,reviewed,us,us
2017-01-10T12:44:53.160Z,38.433,21.7132,10,4.5,mb,,52,0.763,0.93,us,us10007scl,2019-07-20T12:14:16.773Z,"10 km WNW of Náfpaktos, Greece",earthquake,3.3,1.9,0.073,55,reviewed,us,us
2017-01-09T09:53:17.600Z,38.4167,21.7834,10,4.8,mwr,,53,0.742,0.88,us,us10007s3k,2017-04-01T00:26:06.040Z,"4 km NW of Náfpaktos, Greece",earthquake,5.3,1.9,0.047,44,reviewed,us,us
2017-01-05T14:05:03.600Z,36.4352,26.8017,132.1,4.4,mb,,70,0.932,1.32,us,us10007rbj,2017-03-27T23:53:23.040Z,"35 km WSW of Mandráki, Greece",earthquake,6.6,4.5,0.103,27,reviewed,us,us
2017-01-02T13:50:48.440Z,36.2225,21.9099,10,4.4,mb,,111,0.954,0.98,us,us10007uak,2017-03-27T23:53:18.040Z,"63 km S of Koróni, Greece",earthquake,8,1.9,0.178,14,reviewed,us,us
2016-12-30T01:56:25.380Z,40.9443,24.6776,10,4,mb,,110,0.679,0.29,us,us10007nn3,2017-03-23T22:52:09.040Z,"3 km WNW of Chrysochóri, Greece",earthquake,4,2,0.365,2,reviewed,us,us
2016-12-29T20:23:54.970Z,35.494,21.9432,10,4.3,mb,,174,1.681,0.94,us,us10007tpg,2017-03-23T22:52:09.040Z,"119 km SW of Kýthira, Greece",earthquake,8.5,2,0.202,12,reviewed,us,us
2016-12-27T19:31:04.540Z,36.6161,22.9747,10.37,4.8,mb,,47,1.011,1.28,us,us10007n2l,2017-07-20T22:51:28.369Z,"9 km SW of Géfyra, Greece",earthquake,6,4.7,0.054,105,reviewed,us,us
2016-12-20T06:03:44.240Z,36.5393,26.9187,129.94,5.4,mb,,39,1.009,1.13,us,us200082q4,2025-12-22T17:20:13.924Z,"Dodecanese Islands, Greece",earthquake,5.9,5.3,0.027,453,reviewed,us,us
2016-12-17T19:10:55.890Z,39.0301,21.6428,82.53,4,mb,,82,1.585,0.98,us,us2000820q,2017-03-16T02:31:26.040Z,"2 km N of Kerasochóri, Greece",earthquake,2.8,13.9,0.196,7,reviewed,us,us
2016-12-17T10:39:36.090Z,40.0157,19.9958,10,4.3,mb,,56,0.339,0.63,us,us200081v4,2017-03-16T02:31:24.040Z,"11 km NW of Delvinë, Albania",earthquake,5.7,1.9,0.137,15,reviewed,us,us
2016-12-06T17:14:40.760Z,38.5012,23.5268,10,4,mb,,64,1.83,0.63,us,us10007f7d,2017-03-03T07:06:05.040Z,"2 km NW of Dhrosiá, Greece",earthquake,5.6,1.6,0.134,17,reviewed,us,us
2016-12-03T21:04:36.020Z,38.1116,22.0282,18.26,4.5,mwr,,40,0.117,0.76,us,us10007en5,2017-03-03T07:06:01.040Z,"11 km NW of Kalávryta, Greece",earthquake,5,3.5,0.055,32,reviewed,us,us
2016-12-02T11:46:01.850Z,36.4826,21.5733,8.71,4.5,mwr,,63,0.75,0.75,us,us10007e98,2017-03-03T07:05:58.040Z,"39 km SSW of Methóni, Greece",earthquake,3.9,5.5,,,reviewed,us,ath
2016-12-01T05:36:25.720Z,35.4334,22.5464,35.62,4.3,mb,,194,1.812,0.84,us,us10007dzh,2017-02-23T00:11:55.040Z,"88 km SSW of Kýthira, Greece",earthquake,9.2,11.6,0.116,21,reviewed,us,us
2016-11-29T00:19:29.230Z,34.92,23.2886,12.3,4.5,mwr,,122,1.363,0.94,us,us10007d0q,2017-02-23T00:11:52.040Z,"49 km SW of Palaióchora, Greece",earthquake,8.5,5.8,0.098,10,reviewed,us,us
2016-11-28T05:22:09.100Z,39.829,19.7499,14.9,4.4,mb,,77,0.121,1.01,us,us10007cvp,2017-02-23T00:11:51.040Z,"6 km NW of Acharávi, Greece",earthquake,3.5,6.5,0.189,8,reviewed,us,us
2016-11-23T00:01:30.220Z,35.4244,26.4485,42.48,4.2,mb,,117,0.594,0.8,us,us10007bme,2017-02-15T23:21:37.040Z,"30 km NE of Palekastro, Greece",earthquake,6.8,10.5,0.146,13,reviewed,us,us
2016-11-18T23:22:48.600Z,41.0215,22.711,10,4.7,mwr,,34,1.034,0.58,us,us10007aai,2025-06-10T08:57:38.597Z,"12 km ENE of Polýkastro, Greece",earthquake,4.8,1.8,0.06,27,reviewed,us,us
2016-11-17T21:54:53.980Z,34.806,25.7157,6.32,4.1,mb,,123,0.83,0.99,us,us100079nj,2017-02-09T03:02:33.040Z,"22 km S of Ierápetra, Greece",earthquake,6.1,6.3,0.13,16,reviewed,us,us
2016-11-17T20:23:31.200Z,39.7607,20.7267,7.5,3.9,mb,,,,1.76,us,us100079kb,2017-02-09T03:02:33.040Z,"5 km N of Rodotópi, Greece",earthquake,3.6,2.4,0.514,1,reviewed,the,us
2016-11-16T09:15:15.020Z,41.0213,22.6836,10,4.2,mb,,30,1.014,0.98,us,us100078r0,2018-04-07T15:29:59.643Z,"10 km ENE of Polýkastro, Greece",earthquake,4.9,2,0.186,8,reviewed,us,us
2016-11-15T18:57:54.570Z,37.6928,20.8752,43.76,4,mb,,141,0.98,0.94,us,us10007dii,2017-02-09T03:02:30.040Z,"4 km SE of Lithakiá, Greece",earthquake,6,12.9,0.231,8,reviewed,us,us
2016-11-14T02:34:40.740Z,35.1821,25.0128,42.69,4,mb,,59,1.24,1.43,us,us100077ji,2017-02-09T03:02:25.040Z,"2 km SSE of Káto Asítai, Greece",earthquake,7.9,12,0.134,15,reviewed,us,us
2016-11-10T12:12:43.710Z,41.0713,22.6802,10,4.9,mb,,35,1.024,0.94,us,us100076m6,2019-06-24T07:41:12.655Z,"12 km NE of Polýkastro, Greece",earthquake,2.8,1.9,0.063,80,reviewed,us,us
2016-11-02T19:13:25.490Z,35.6091,21.5785,29.7,4.2,mb,,174,1.591,0.67,us,us100073sy,2017-01-24T02:02:15.040Z,"134 km S of Methóni, Greece",earthquake,9.4,10.1,0.303,3,reviewed,us,us
2016-11-01T18:58:20.670Z,36.4146,26.3752,122.26,4.4,mb,,42,0.74,1.04,us,us100073j9,2017-01-24T02:02:13.040Z,"15 km S of Astypálaia, Greece",earthquake,6.2,6.3,0.087,38,reviewed,us,us
2016-11-01T16:09:00.070Z,34.9927,26.6243,10,4,mb,,119,0.706,0.85,us,us1000763b,2017-01-24T02:02:13.040Z,"40 km SE of Palekastro, Greece",earthquake,3,1.9,0.196,7,reviewed,us,us
2016-10-29T20:15:28.700Z,39.9843,19.7289,11.86,4.5,mb,,41,0.276,0.88,us,us100072zr,2017-01-24T02:02:09.040Z,"13 km S of Himarë, Albania",earthquake,4,4.1,0.075,52,reviewed,us,us
2016-10-24T22:09:56.590Z,38.9244,22.1115,10,4.2,mb,,88,1.21,0.66,us,us20007gi7,2017-01-20T00:31:05.040Z,"1 km S of Makrakómi, Greece",earthquake,5.5,1.9,0.263,4,reviewed,us,us
2016-10-21T01:54:58.400Z,39.756,20.638,7.1,4,mb,,,,0,us,us20007fsi,2017-01-20T00:30:59.040Z,"9 km NW of Rodotópi, Greece",earthquake,0,0,0.231,5,reviewed,the,us
2016-10-20T14:20:48.510Z,39.7758,20.602,10,4.3,mb,,,,1.15,us,us20007fm2,2017-01-15T01:13:54.040Z,"12 km WSW of Asprángeloi, Greece",earthquake,4.8,1.7,0.188,8,reviewed,ath,us
2016-10-19T21:23:56.840Z,39.7345,20.5847,10,4.5,mb,,42,0.608,1.18,us,us20007fgr,2017-01-15T01:13:54.040Z,"12 km WNW of Rodotópi, Greece",earthquake,3.8,1.9,0.08,46,reviewed,us,us
2016-10-19T00:08:45.830Z,38.4079,21.9167,10,4.1,mb,,41,1.227,0.55,us,us20007f7h,2017-01-15T01:14:00.040Z,"7 km ENE of Náfpaktos, Greece",earthquake,5.7,2,0.186,8,reviewed,us,us
2016-10-18T03:01:05.530Z,34.9643,23.2281,41.6,4.1,mb,,149,1.4,0.62,us,us20007f01,2017-01-15T01:13:52.040Z,"50 km SW of Palaióchora, Greece",earthquake,9.4,13.4,0.165,10,reviewed,us,us
2016-10-17T01:30:30.150Z,37.8732,26.972,10,4.4,mb,,41,1.393,1.1,us,us20007ep0,2017-01-15T01:13:52.040Z,"12 km NE of Kokkári, Greece",earthquake,4,1.6,0.13,17,reviewed,us,us
2016-10-16T23:21:33.200Z,39.806,20.6276,13.23,4.1,mb,,59,0.647,1.44,us,us20007enf,2017-01-15T01:13:54.040Z,"8 km WSW of Asprángeloi, Greece",earthquake,5.1,6.1,0.198,7,reviewed,us,us
2016-10-16T19:01:38.350Z,39.7745,20.6874,10,4.3,mwr,,58,0.689,1.3,us,us20007ema,2017-01-15T01:13:54.040Z,"6 km SSW of Asprángeloi, Greece",earthquake,2.8,1.9,0.052,36,reviewed,us,us
2016-10-16T16:44:04.530Z,39.7731,20.6459,10,4.5,mb,,86,0.657,1.06,us,us20007els,2017-01-15T01:13:54.040Z,"9 km SW of Asprángeloi, Greece",earthquake,5.7,1.9,0.221,6,reviewed,us,us
2016-10-16T15:47:54.240Z,39.7474,20.7207,11.54,4.1,mb,,67,0.713,0.7,us,us20007elg,2017-01-15T01:13:54.040Z,"4 km N of Rodotópi, Greece",earthquake,5.1,7,0.214,6,reviewed,us,us
2016-10-16T13:18:01.720Z,39.7864,20.6643,10,4.3,mb,,76,0.673,1.23,us,us20007el3,2017-01-15T01:13:54.040Z,"6 km SW of Asprángeloi, Greece",earthquake,5.7,1.8,0.201,7,reviewed,us,us
2016-10-16T08:40:20.280Z,39.7798,20.7147,10,4.5,mb,,58,0.711,0.9,us,us20007eis,2017-01-15T01:13:54.040Z,"4 km SSW of Asprángeloi, Greece",earthquake,5.2,1.9,0.108,25,reviewed,us,us
2016-10-16T08:28:14.060Z,39.8066,20.6632,10,4.3,mb,,59,0.674,1.18,us,us20007eim,2017-01-15T01:13:54.040Z,"5 km WSW of Asprángeloi, Greece",earthquake,4.1,1.9,0.188,8,reviewed,us,us
2016-10-16T05:55:06.370Z,39.8169,20.6466,10,4.3,mb,,59,0.663,0.74,us,us20007ehj,2017-01-15T01:13:54.040Z,"7 km W of Asprángeloi, Greece",earthquake,3.8,1.9,0.116,21,reviewed,us,us
2016-10-16T05:39:25.470Z,39.7536,20.6496,10,4.2,mb,,53,0.659,1.02,us,us20007ehi,2017-01-15T01:13:54.040Z,"8 km NW of Rodotópi, Greece",earthquake,5.4,1.8,0.175,9,reviewed,us,us
2016-10-16T05:06:33.520Z,39.7362,20.7241,10,4.5,mb,,76,0.716,0.98,us,us20007ehc,2017-01-15T01:13:54.040Z,"3 km N of Rodotópi, Greece",earthquake,5,1.9,0.093,34,reviewed,us,us
2016-10-16T03:40:20.000Z,39.785,20.693,20.4,4.8,mww,,,,0.87,us,us20007eh0,2017-01-15T01:13:54.040Z,"5 km SW of Asprángeloi, Greece",earthquake,5.6,4.6,,,reviewed,ath,us
2016-10-16T02:21:04.030Z,39.7866,20.6113,19.45,5,mww,,42,0.632,0.76,us,us20007egg,2022-05-03T18:55:37.141Z,"10 km WSW of Asprángeloi, Greece",earthquake,5.2,2.5,,,reviewed,us,us
2016-10-16T02:18:44.000Z,39.752,20.696,14.6,4.3,mb,,,,0.87,us,us20007fuy,2017-01-15T01:13:54.040Z,"5 km NNW of Rodotópi, Greece",earthquake,3.5,5,0.133,16,reviewed,ath,us
2016-10-16T01:32:06.240Z,39.7794,20.6004,20.34,4.8,mb,,60,0.623,0.93,us,us20007eg6,2017-01-15T01:13:54.040Z,"12 km WSW of Asprángeloi, Greece",earthquake,5.1,5.4,0.066,70,reviewed,us,us
2016-10-16T01:15:59.000Z,39.768,20.702,17.7,4.1,mb,,,,0.68,us,us20007efu,2017-01-15T01:13:54.040Z,"6 km SSW of Asprángeloi, Greece",earthquake,4.4,2.6,0.14,14,reviewed,ath,us
2016-10-16T00:48:15.800Z,39.7262,20.7161,10,4.9,mb,,38,0.709,0.89,us,us20007efn,2017-01-15T01:13:54.040Z,"2 km NNW of Rodotópi, Greece",earthquake,5.5,1.8,0.057,97,reviewed,us,us
2016-10-16T00:47:34.790Z,39.7278,20.6382,10,4.2,mb,,60,0.649,1.18,us,us20007fvg,2017-01-15T01:13:54.040Z,"7 km WNW of Rodotópi, Greece",earthquake,5.5,1.9,0.136,15,reviewed,us,us
2016-10-16T00:41:14.360Z,39.8168,20.5912,13.3,5.2,mww,,35,0.347,0.94,us,us20007efm,2022-05-03T18:01:58.690Z,"8 km SSW of Kalpáki, Greece",earthquake,5,3.7,,,reviewed,us,us
2016-10-16T00:09:58.160Z,39.7659,20.7143,10,5,mb,,38,0.709,0.79,us,us20007efi,2017-01-15T01:13:54.040Z,"6 km S of Asprángeloi, Greece",earthquake,4.5,1.8,0.051,124,reviewed,us,us
2016-10-15T23:06:58.890Z,39.7649,20.6728,10,4.4,mb,,42,0.678,1.13,us,us20007efd,2017-01-15T01:13:54.040Z,"7 km NW of Rodotópi, Greece",earthquake,5.1,1.6,0.072,56,reviewed,us,us
2016-10-15T21:46:52.870Z,39.7027,20.6977,9.49,4.3,mb,,59,0.695,0.84,us,us20007eez,2017-01-15T01:13:54.040Z,"2 km WSW of Rodotópi, Greece",earthquake,3.2,7.1,0.218,6,reviewed,us,us
2016-10-15T21:42:22.740Z,39.7235,20.6628,10,4.3,mb,,42,0.668,1.16,us,us20007eey,2017-01-15T01:13:54.040Z,"5 km WNW of Rodotópi, Greece",earthquake,5.3,1.9,0.201,7,reviewed,us,us
2016-10-15T21:10:26.660Z,39.7497,20.7396,13.1,4.3,mb,,67,0.728,1.16,us,us20007ees,2017-01-15T01:13:54.040Z,"4 km NNE of Rodotópi, Greece",earthquake,5.4,7.4,0.266,4,reviewed,us,us
2016-10-15T20:22:30.720Z,39.799,20.6839,10,4.4,mb,,85,0.689,1.18,us,us20007fnh,2017-01-15T01:13:54.040Z,"4 km SW of Asprángeloi, Greece",earthquake,3.6,2,0.24,5,reviewed,us,us
2016-10-15T20:18:41.610Z,39.7461,20.786,10,4.6,mb,,70,0.764,1.17,us,us20007fnp,2017-01-15T01:13:54.040Z,"4 km N of Eleoúsa, Greece",earthquake,4.3,1.9,0.158,12,reviewed,us,us
2016-10-15T20:14:49.730Z,39.8063,20.6463,22,5.5,mww,,26,0.661,0.85,us,us20007eec,2022-05-03T18:01:57.550Z,"7 km WSW of Asprángeloi, Greece",earthquake,4.6,1.8,,,reviewed,us,us
2016-10-15T05:32:56.050Z,34.7273,26.5097,10,4.5,mwr,,109,0.976,0.9,us,us20007eb8,2017-01-15T01:13:52.040Z,"57 km SSE of Palekastro, Greece",earthquake,3.8,1.9,0.089,12,reviewed,us,us
2016-10-11T11:48:30.710Z,38.398,21.802,11.7,4.2,mwr,,,,0.93,us,us20007d82,2017-01-07T00:20:50.040Z,"2 km WNW of Náfpaktos, Greece",earthquake,6.2,2.5,,,reviewed,ath,ath
2016-10-08T00:33:24.120Z,41.0245,22.6728,10,4,mb,,51,0.933,0.86,us,us20007cpm,2018-06-08T13:23:49.212Z,"9 km ENE of Polýkastro, Greece",earthquake,2.7,2,0.184,8,reviewed,us,us
2016-10-05T01:08:16.910Z,34.9982,24.9097,10,3.9,mb,,69,0.289,1.09,us,us20007dsc,2017-01-03T21:10:44.040Z,"6 km SSE of Moíres, Greece",earthquake,3.2,1.9,0.209,6,reviewed,us,us
2016-10-03T02:34:42.610Z,37.716,21.1372,11.77,4.5,mwr,,90,0.825,0.72,us,us10006ul9,2017-01-03T21:10:42.040Z,"14 km S of Arkoúdi, Greece",earthquake,6.3,3.4,0.04,59,reviewed,us,us
2016-09-29T22:27:14.700Z,34.7274,24.7942,10,4.1,mb,,67,0.564,0.96,us,us10006tz4,2016-12-14T03:17:57.040Z,"36 km SSW of Moíres, Greece",earthquake,5.5,1.9,0.117,21,reviewed,us,us
2016-09-29T01:17:36.000Z,39.53,24.1,30,4.2,mb,,,,1.3,us,us10006tpk,2016-12-14T03:17:55.040Z,"47 km NNE of Patitírion, Greece",earthquake,5.6,5.1,0.373,2,reviewed,ath,us
2016-09-28T07:17:35.820Z,36.7738,21.912,46.53,5,mb,,66,0.404,0.83,us,us10006th7,2016-12-14T03:17:54.040Z,"4 km WSW of Koróni, Greece",earthquake,6.8,7.9,0.045,159,reviewed,us,us
2016-09-27T17:53:01.910Z,39.0404,22.2902,10,4.2,mb,,67,1.069,1.06,us,us10006tar,2016-12-14T03:17:53.040Z,"6 km SSE of Omvriakí, Greece",earthquake,3.1,1.9,0.263,4,reviewed,us,us
2016-09-22T08:22:45.000Z,36.47,22.07,30,3.9,mwr,,,,0.85,us,us10006rk9,2016-12-12T23:01:36.040Z,"37 km SSE of Koróni, Greece",earthquake,5.4,6.7,0.098,10,reviewed,ath,us
2016-09-19T03:59:47.710Z,38.2092,20.3479,24.02,4.3,mwr,,90,1.561,1.26,us,us10006qs3,2016-12-12T23:01:30.040Z,"7 km W of Lixoúri, Greece",earthquake,6.5,4.3,0.068,21,reviewed,us,us
2016-09-16T06:55:14.000Z,38.879,23.349,1.7,4,mwr,,,,0.61,us,us10006q1f,2016-12-12T23:01:25.040Z,"12 km NNE of Límni, Greece",earthquake,4.8,4.2,0.069,20,reviewed,the,us
2016-09-14T02:20:03.390Z,37.8903,20.1525,10,4.5,mb,,120,1.578,0.76,us,us10006pdv,2016-12-07T02:56:14.040Z,"42 km SW of Lixoúri, Greece",earthquake,2.7,1.9,0.181,9,reviewed,us,us
2016-09-13T06:14:51.150Z,37.7297,21.1039,10,4.6,mb,,91,0.854,1.27,us,us10006p7s,2016-12-07T02:56:13.040Z,"13 km S of Arkoúdi, Greece",earthquake,5.7,1.9,0.114,27,reviewed,us,us
2016-09-09T17:24:20.990Z,36.8658,25.6026,174.95,4.6,mb,,57,0.507,1.02,us,us10006ndm,2016-12-07T02:56:07.040Z,"22 km SSE of Filótion, Greece",earthquake,5.9,7.2,0.062,79,reviewed,us,us
2016-09-05T17:11:14.400Z,36.2312,21.2122,0,4.5,mb,,,,1.38,us,us10006km5,2016-12-03T02:54:44.040Z,"78 km SW of Methóni, Greece",earthquake,6.1,3.5,0.102,28,reviewed,the,us
2016-09-01T04:07:53.980Z,38.4603,20.591,12.7,4.2,mb,,,,0.98,us,us10006j7l,2016-11-29T01:28:49.040Z,"15 km NW of Itháki, Greece",earthquake,4.2,4.8,0.176,9,reviewed,ath,us
2016-08-31T22:20:53.140Z,41.3159,20.3598,3.47,4.4,mb,,30,0.373,0.73,us,us10006j5y,2016-11-29T01:28:48.040Z,"13 km N of Librazhd-Qendër, Albania",earthquake,3.9,5.7,0.203,7,reviewed,us,us
2016-08-30T10:44:57.210Z,36.0656,20.9341,33.45,4.3,mb,,182,1.367,0.81,us,us20006vax,2016-11-29T01:28:46.040Z,"108 km SW of Methóni, Greece",earthquake,6.8,8.3,0.202,7,reviewed,us,us
2016-08-26T13:37:33.450Z,38.5878,24.5574,13.13,4.2,mwr,,50,2.202,0.92,us,us20006u7n,2016-11-29T01:28:40.040Z,"35 km S of Skýros, Greece",earthquake,5.8,7.1,0.06,27,reviewed,us,us
2016-08-06T05:17:02.430Z,40.6532,23.4108,10.05,4.2,mb,,82,1.546,0.9,us,us10006bta,2016-10-26T03:10:20.040Z,"3 km NW of Néa Apollonía, Greece",earthquake,3.7,6.2,0.152,12,reviewed,us,us
2016-07-30T17:26:22.250Z,35.2905,22.9493,23.39,5.2,mb,,25,1.587,1.18,us,us100068tv,2025-12-22T17:32:27.951Z,"66 km W of Palaióchora, Greece",earthquake,6.3,4,0.026,473,reviewed,us,us
2016-07-26T15:38:36.220Z,39.1781,20.8726,10,4.4,mb,,94,0.989,1.42,us,us20006hsd,2016-09-24T22:47:20.040Z,"3 km SSW of Filippiáda, Greece",earthquake,3.7,2,0.239,5,reviewed,us,us
2016-07-25T15:43:55.460Z,39.1605,20.8982,10,4.3,mb,,119,1.016,0.85,us,us20006hgf,2016-09-24T22:47:19.040Z,"2 km W of Kalamiá, Greece",earthquake,3.4,1.9,0.168,10,reviewed,us,us
2016-07-23T18:31:46.340Z,38.298,20.4632,12.5,4.1,mb,,,,1.41,us,us20006h4c,2016-09-24T22:47:17.040Z,"10 km NNE of Lixoúri, Greece",earthquake,5.8,5.7,0.234,6,reviewed,the,us
